name	ADRBK1
id	ENSP00000312262
type	Serine/threonine kinase
proline+1_removed	Yes
npartners	216
npartners_with_sites	216
nsites	261
//
motif	score	fg_matches	fg_size	bg_matches	bg_size	fold_increase
..RR.[ST].....	313.92	18	977	18	9383	9.6
..R..[ST].....	11.98	102	959	465	9365	2.14
.....[ST].D...	6.33	75	857	423	8900	1.84
...R.[ST].....	6.87	69	782	381	8477	1.96
//
sub_ensp	sub_name	sub_position	sub_region	kinase_name	source
ENSP00000306662	ADRA1B	410	DSLDDSGSCLS		psite
ENSP00000306662	ADRA1B	412	LDDSGSCLSGS		psite
ENSP00000306662	ADRA1B	417	SCLSGSQRTLP		psite
ENSP00000280155	ADRA2A	149	LDRYWSITQAI		psite
ENSP00000280155	ADRA2A	151	RYWSITQAIEY		psite
ENSP00000280155	ADRA2A	186	FPPLISIEKKG		psite
ENSP00000280155	ADRA2A	247	TRVPPSRRGPD		psite
ENSP00000280155	ADRA2A	311	LDLEESSSSDH		psite
ENSP00000280155	ADRA2A	312	DLEESSSSDHA		psite
ENSP00000280155	ADRA2A	313	LEESSSSDHAE		psite
ENSP00000280155	ADRA2A	314	EESSSSDHAER		psite
ENSP00000280155	ADRA2A	375	GAAKASRWRGR		psite
ENSP00000358301	ADRB1	312	GKRRPSRLVAL	PRKACA	psite
ENSP00000305372	ADRB2	68	RLQTVTNYFIT		psite
ENSP00000305372	ADRB2	246	HVQNLSQVEQD		psite
ENSP00000305372	ADRB2	261	HGLRRSSKFCL		psite
ENSP00000305372	ADRB2	262	GLRRSSKFCLK		psite
ENSP00000305372	ADRB2	345	LCLRRSSLKAY	PRKACA	psite
ENSP00000305372	ADRB2	346	CLRRSSLKAYG	PRKACA	psite
ENSP00000305372	ADRB2	346	CLRRSSLKAYG	AKT1	psite
ENSP00000305372	ADRB2	355	YGNGYSSNGNT	GRK5	psite
ENSP00000305372	ADRB2	355	YGNGYSSNGNT	ADRBK1	psite
ENSP00000305372	ADRB2	356	GNGYSSNGNTG	GRK5	psite
ENSP00000305372	ADRB2	356	GNGYSSNGNTG	ADRBK1	psite
ENSP00000305372	ADRB2	360	SSNGNTGEQSG		psite
ENSP00000305372	ADRB2	364	NTGEQSGYHVE		psite
ENSP00000305372	ADRB2	384	EDLPGTEDFVG	GRK5	psite
ENSP00000305372	ADRB2	384	EDLPGTEDFVG	ADRBK1	psite
ENSP00000305372	ADRB2	393	VGHQGTVPSDN	GRK5	psite
ENSP00000305372	ADRB2	396	QGTVPSDNIDS	GRK5	psite
ENSP00000305372	ADRB2	396	QGTVPSDNIDS	ADRBK1	psite
ENSP00000305372	ADRB2	401	SDNIDSQGRNC	GRK5	psite
ENSP00000305372	ADRB2	401	SDNIDSQGRNC	ADRBK1	psite
ENSP00000305372	ADRB2	407	QGRNCSTNDSL	GRK5	psite
ENSP00000305372	ADRB2	407	QGRNCSTNDSL	ADRBK1	psite
ENSP00000305372	ADRB2	408	GRNCSTNDSLL		psite
ENSP00000253332	AKAP12	75	EQDELSLQEGD		psite
ENSP00000253332	AKAP12	96	QGALNSQEEEE		psite
ENSP00000253332	AKAP12	116	DSEDVSKRDSD		psite
ENSP00000253332	AKAP12	120	VSKRDSDKEMA		psite
ENSP00000253332	AKAP12	235	SEPKQSTEKPE		psite
ENSP00000253332	AKAP12	236	EPKQSTEKPEE		psite
ENSP00000253332	AKAP12	248	LKREQSHAEIS		psite
ENSP00000253332	AKAP12	280	KEPSKSAESPT		psite
ENSP00000253332	AKAP12	285	SAESPTSPVTS		psite
ENSP00000253332	AKAP12	289	PTSPVTSETGS		psite
ENSP00000253332	AKAP12	290	TSPVTSETGST		psite
ENSP00000253332	AKAP12	312	WRKKTSFRKPK		psite
ENSP00000253332	AKAP12	371	HEPRLSAEYEK		psite
ENSP00000253332	AKAP12	381	KVELPSEEQVS		psite
ENSP00000253332	AKAP12	386	SEEQVSGSQGP		psite
ENSP00000253332	AKAP12	388	EQVSGSQGPSE		psite
ENSP00000253332	AKAP12	505	VEMLSSQERMK		psite
ENSP00000253332	AKAP12	521	LKKLFTSTGLK		psite
ENSP00000253332	AKAP12	529	GLKKLSGKKQK		psite
ENSP00000253332	AKAP12	557	ADSPDSQEEQK		psite
ENSP00000253332	AKAP12	597	AEEGATSDGEK		psite
ENSP00000253332	AKAP12	598	EEGATSDGEKK		psite
ENSP00000253332	AKAP12	612	VTPWASFKKMV		psite
ENSP00000253332	AKAP12	627	RVRRPSESDKE		psite
ENSP00000253332	AKAP12	629	RRPSESDKEDE		psite
ENSP00000253332	AKAP12	640	LDKVKSATLSS		psite
ENSP00000253332	AKAP12	644	KSATLSSTEST		psite
ENSP00000253332	AKAP12	645	SATLSSTESTA		psite
ENSP00000253332	AKAP12	648	LSSTESTASEM		psite
ENSP00000253332	AKAP12	696	RARRGSSSDEE		psite
ENSP00000253332	AKAP12	697	ARRGSSSDEEG		psite
ENSP00000253332	AKAP12	698	RRGSSSDEEGG		psite
ENSP00000253332	AKAP12	732	GILAGSQEHDP		psite
ENSP00000253332	AKAP12	761	VSTWESFKRLV		psite
ENSP00000253332	AKAP12	780	KLEEKSEDSIA		psite
ENSP00000253332	AKAP12	783	EKSEDSIAGSG		psite
ENSP00000253332	AKAP12	792	SGVEHSTPDTE		psite
ENSP00000253332	AKAP12	796	HSTPDTEPGKE		psite
ENSP00000253332	AKAP12	803	PGKEESWVSIK		psite
ENSP00000253332	AKAP12	806	EESWVSIKKFI		psite
ENSP00000253332	AKAP12	887	KELSESQVHMM		psite
ENSP00000253332	AKAP12	1039	EQERRTQEVLQ		psite
ENSP00000253332	AKAP12	1054	KVKEESQLPGT		psite
ENSP00000253332	AKAP12	1119	QTTPESFEKAP		psite
ENSP00000253332	AKAP12	1127	KAPQVTESIES		psite
ENSP00000253332	AKAP12	1242	SKMEDTLEHTD		psite
ENSP00000253332	AKAP12	1264	SKTEGTQEADQ		psite
ENSP00000253332	AKAP12	1324	ALELQSHAKSP		psite
ENSP00000253332	AKAP12	1390	GAKEVSSLEGS		psite
ENSP00000253332	AKAP12	1391	AKEVSSLEGSP		psite
ENSP00000253332	AKAP12	1498	KKGLSSDLEGE		psite
ENSP00000253332	AKAP12	1587	VIKADSQDAGQ		psite
ENSP00000253332	AKAP12	1594	DAGQETEKEGE		psite
ENSP00000253332	AKAP12	1691	ERIEKSLVEPK		psite
ENSP00000295897	ALB	18	FSSAYSRGVFR		psite
ENSP00000295897	ALB	82	CVADESAENCD		psite
ENSP00000295897	ALB	92	DKSLHTLFGDK		psite
ENSP00000295897	ALB	107	ATLRETYGEMA		psite
ENSP00000295897	ALB	217	EGKASSAKQRL		psite
ENSP00000295897	ALB	336	ADFVESKDVCK		psite
ENSP00000295897	ALB	366	RHPDYSVVLLL		psite
ENSP00000295897	ALB	376	LRLAKTYETTL		psite
ENSP00000295897	ALB	379	AKTYETTLEKC		psite
ENSP00000295897	ALB	443	KVPQVSTPTLV		psite
ENSP00000295897	ALB	446	QVSTPTLVEVS		psite
ENSP00000295897	ALB	520	LEVDETYVPKE		psite
ENSP00000332454	RIPK4	367	LPSSGSGKRLS		psite
ENSP00000332454	RIPK4	372	SGKRLSGVSSV		psite
ENSP00000332454	RIPK4	390	GSLSLSFEREP		psite
ENSP00000332454	RIPK4	396	FEREPSTSDLG		psite
ENSP00000257497	ANXA1	27	VQTVKSSKGGP	PRKCA	psite
ENSP00000257497	ANXA1	28	QTVKSSKGGPG	PRKCA	psite
ENSP00000257497	ANXA1	28	QTVKSSKGGPG	PRKCB	psite
ENSP00000257497	ANXA1	34	KGGPGSAVSPY		psite
ENSP00000257497	ANXA1	41	VSPYPTFNPSS		psite
ENSP00000257497	ANXA1	45	PTFNPSSDVAA		psite
ENSP00000257497	ANXA1	88	AYLQETGKPLD		psite
ENSP00000257497	ANXA1	136	GTDEDTLIEIL		psite
ENSP00000257497	ANXA1	169	LAKDITSDTSG		psite
ENSP00000257497	ANXA1	170	AKDITSDTSGD		psite
ENSP00000257497	ANXA1	172	DITSDTSGDFR		psite
ENSP00000257497	ANXA1	173	ITSDTSGDFRN		psite
ENSP00000257497	ANXA1	182	RNALLSLAKGD		psite
ENSP00000257497	ANXA1	216	ERRKGTDVNVF	PRKACA	psite
ENSP00000284981	APP	441	QEKVESLEQEA		psite
ENSP00000284981	APP	679	EFRHDSGYEVH		psite
ENSP00000284981	APP	729	KKKQYTSIHHG		psite
ENSP00000284981	APP	730	KKQYTSIHHGV		psite
ENSP00000284981	APP	761	GYENPTYKFFE		psite
ENSP00000269260	ARRB2	382	DTNYATDDDIV	CSNK2A1	psite
ENSP00000273430	AGTR1	332	HSNLSTKMSTL		psite
ENSP00000273430	AGTR1	335	LSTKMSTLSYR		psite
ENSP00000273430	AGTR1	336	STKMSTLSYRP		psite
ENSP00000273430	AGTR1	338	KMSTLSYRPSD		psite
ENSP00000307713	BDKRB2	162	LALVKTMSMGR		psite
ENSP00000307713	BDKRB2	366	IQMENSMGTLR	GRK4	psite
ENSP00000307713	BDKRB2	373	GTLRTSISVER	GRK4	psite
ENSP00000307713	BDKRB2	373	GTLRTSISVER	PRKCA	psite
ENSP00000307713	BDKRB2	375	LRTSISVERQI	GRK4	psite
ENSP00000302079	C3AR1	459	LEAAFSEELTR		psite
ENSP00000302079	C3AR1	463	FSEELTRSTHC		psite
ENSP00000302079	C3AR1	465	EELTRSTHCPS		psite
ENSP00000302079	C3AR1	466	ELTRSTHCPSN		psite
ENSP00000302079	C3AR1	470	STHCPSNNVIS		psite
ENSP00000272298	CALM2	18	FKEAFSLFDKD		psite
ENSP00000291295	CALM3	18	FKEAFSLFDKD		psite
ENSP00000349467	CALM1	18	FKEAFSLFDKD		psite
ENSP00000272298	CALM2	29	GDGTITTKELG		psite
ENSP00000291295	CALM3	29	GDGTITTKELG		psite
ENSP00000349467	CALM1	29	GDGTITTKELG		psite
ENSP00000272298	CALM2	80	RKMKDTDSEEE	CSNK2A1	psite
ENSP00000291295	CALM3	80	RKMKDTDSEEE	CSNK2A1	psite
ENSP00000349467	CALM1	80	RKMKDTDSEEE	CSNK2A1	psite
ENSP00000272298	CALM2	82	MKDTDSEEEIR		psite
ENSP00000291295	CALM3	82	MKDTDSEEEIR		psite
ENSP00000349467	CALM1	82	MKDTDSEEEIR		psite
ENSP00000272298	CALM2	102	GNGYISAAELR		psite
ENSP00000291295	CALM3	102	GNGYISAAELR		psite
ENSP00000349467	CALM1	102	GNGYISAAELR		psite
ENSP00000272298	CALM2	118	LGEKLTDEEVD		psite
ENSP00000291295	CALM3	118	LGEKLTDEEVD		psite
ENSP00000349467	CALM1	118	LGEKLTDEEVD		psite
ENSP00000295006	CAPN2	50	LFQDPSFPAIP	MAPK3	psite
ENSP00000295006	CAPN2	50	LFQDPSFPAIP	MAPK1	psite
ENSP00000295006	CAPN2	369	NWRRGSTAGGC	PRKACA	psite
ENSP00000295006	CAPN2	370	WRRGSTAGGCR	PRKACA	psite
ENSP00000295006	CAPN2	464	RERSDTFINLR		psite
ENSP00000296154	CASR	342	VHPRKSVHNGF		psite
ENSP00000296154	CASR	888	VAARATLRRSN	PRKCA	psite
ENSP00000296154	CASR	892	ATLRRSNVSRK		psite
ENSP00000296154	CASR	895	RRSNVSRKRSS		psite
ENSP00000296154	CASR	899	VSRKRSSSLGG		psite
ENSP00000296154	CASR	915	PSSSISSKSNS		psite
ENSP00000351273	CASP8	278	EQDSESQTLDK		psite
ENSP00000351273	CASP8	322	RDRNGTHLDAG		psite
ENSP00000351273	CASP8	364	QLMDHSNMDCF		psite
ENSP00000351273	CASP8	406	GLKCPSLAGKP	MAPK14	psite
ENSP00000351273	CASP8	434	PVETDSEEQPY		psite
ENSP00000339191	CAV1	9	GKYVDSEGHLY		psite
ENSP00000339191	CAV1	15	EGHLYTVPIRE		psite
ENSP00000339191	CAV1	37	MADELSEKQVY		psite
ENSP00000339191	CAV1	46	VYDAHTKEIDL		psite
ENSP00000339191	CAV1	80	PEGTHSFDGIW		psite
ENSP00000335544	CCKBR	434	SIASLSRLSYT		psite
ENSP00000335544	CCKBR	437	SLSRLSYTTIS		psite
ENSP00000335544	CCKBR	439	SRLSYTTISTL		psite
ENSP00000335544	CCKBR	440	RLSYTTISTLG		psite
ENSP00000335544	CCKBR	442	SYTTISTLGPG		psite
ENSP00000296140	CCR1	340	RLERVSSTSPS		psite
ENSP00000296140	CCR1	341	LERVSSTSPST		psite
ENSP00000296140	CCR1	342	ERVSSTSPSTG		psite
ENSP00000296140	CCR1	345	SSTSPSTGEHE		psite
ENSP00000332504	CCR10	295	VALLVTSGLAL		psite
ENSP00000332504	CCR10	296	ALLVTSGLALA		psite
ENSP00000292303	CCR5	336	APERASSVYTR	ADRBK2	psite
ENSP00000292303	CCR5	337	PERASSVYTRS	ADRBK2	psite
ENSP00000292303	CCR5	342	SVYTRSTGEQE	ADRBK2	psite
ENSP00000246657	CCR7	151	LLLCISIDRYV		psite
ENSP00000246657	CCR7	356	QLRQWSSCRHI		psite
ENSP00000246657	CCR7	357	LRQWSSCRHIR		psite
ENSP00000246657	CCR7	364	RHIRRSSMSVE		psite
ENSP00000246657	CCR7	365	HIRRSSMSVEA		psite
ENSP00000246657	CCR7	372	SVEAETTTTFS		psite
ENSP00000246657	CCR7	373	VEAETTTTFSP		psite
ENSP00000246891	CSN1S1	31	RLQNPSESSEP		psite
ENSP00000246891	CSN1S1	33	QNPSESSEPIP		psite
ENSP00000246891	CSN1S1	41	PIPLESREEYM		psite
ENSP00000246891	CSN1S1	86	EKMESSISSSS		psite
ENSP00000246891	CSN1S1	88	MESSISSSSEE		psite
ENSP00000246891	CSN1S1	89	ESSISSSSEEM		psite
ENSP00000246891	CSN1S1	90	SSISSSSEEMS		psite
ENSP00000246891	CSN1S1	91	SISSSSEEMSL		psite
ENSP00000284878	CXADR	233	NVVPPSNKAGL		psite
ENSP00000284878	CXADR	293	TSTARSYIGSN		psite
ENSP00000284878	CXADR	300	IGSNHSSLGSM		psite
ENSP00000284878	CXADR	301	GSNHSSLGSMS		psite
ENSP00000284878	CXADR	304	HSSLGSMSPSN		psite
ENSP00000284878	CXADR	314	NMEGYSKTQYN		psite
ENSP00000284878	CXADR	323	YNQVPSEDFER		psite
ENSP00000386884	CXCR4	322	AQHALTSVSRG		psite
ENSP00000386884	CXCR4	323	QHALTSVSRGS		psite
ENSP00000386884	CXCR4	325	ALTSVSRGSSL		psite
ENSP00000386884	CXCR4	328	SVSRGSSLKIL	PRKCD	psite
ENSP00000386884	CXCR4	328	SVSRGSSLKIL	GRK6	psite
ENSP00000386884	CXCR4	329	VSRGSSLKILS	PRKCD	psite
ENSP00000386884	CXCR4	329	VSRGSSLKILS	GRK6	psite
ENSP00000386884	CXCR4	334	SLKILSKGKRG		psite
ENSP00000386884	CXCR4	342	KRGGHSSVSTE		psite
ENSP00000386884	CXCR4	343	RGGHSSVSTES	PIM1	psite
ENSP00000386884	CXCR4	345	GHSSVSTESES		psite
ENSP00000386884	CXCR4	346	HSSVSTESESS		psite
ENSP00000386884	CXCR4	350	STESESSSFHS		psite
ENSP00000386884	CXCR4	351	TESESSSFHSS		psite
ENSP00000292174	CXCR5	359	SWRRSSLSESE		psite
ENSP00000362401	CYSLTR1	307	FRKRLSTFRKH		psite
ENSP00000362401	CYSLTR1	308	RKRLSTFRKHS		psite
ENSP00000362401	CYSLTR1	313	TFRKHSLSSVT		psite
ENSP00000362401	CYSLTR1	315	RKHSLSSVTYV		psite
ENSP00000362401	CYSLTR1	316	KHSLSSVTYVP		psite
ENSP00000234961	OPRD1	358	ARERVTACTPS		psite
ENSP00000234961	OPRD1	363	TACTPSDGPGG	ADRBK1	psite
ENSP00000354859	DRD2	134	SIDRYTAVAMP		psite
ENSP00000354859	DRD2	144	PMLYNTRYSSK		psite
ENSP00000354859	DRD2	147	YNTRYSSKRRV		psite
ENSP00000354859	DRD2	148	NTRYSSKRRVT		psite
ENSP00000354859	DRD2	225	RKRVNTKRSSR		psite
ENSP00000354859	DRD2	228	VNTKRSSRAFR		psite
ENSP00000354859	DRD2	229	NTKRSSRAFRA		psite
ENSP00000354859	DRD2	354	GKTRTSLKTMS		psite
ENSP00000305416	S1PR1	236	RSRRLTFRKNI	AKT1	psite
ENSP00000359643	LPAR3	321	PERRPSRIPST		psite
ENSP00000315011	EDNRA	289	NRRNGSLRIAL		psite
ENSP00000315011	EDNRA	295	LRIALSEHLKQ		psite
ENSP00000315011	EDNRA	382	KNCFQSCLCCC		psite
ENSP00000315011	EDNRA	391	CCCYQSKSLMT		psite
ENSP00000315011	EDNRA	393	CYQSKSLMTSV		psite
ENSP00000315011	EDNRA	396	SKSLMTSVPMN		psite
ENSP00000315011	EDNRA	397	KSLMTSVPMNG		psite
ENSP00000315011	EDNRA	403	VPMNGTSIQWK		psite
ENSP00000315011	EDNRA	404	PMNGTSIQWKN		psite
ENSP00000315011	EDNRA	417	QNNHNTDRSSH		psite
ENSP00000315011	EDNRA	420	HNTDRSSHKDS		psite
ENSP00000315011	EDNRA	421	NTDRSSHKDSM		psite
ENSP00000275493	EGFR	151	GAVRFSNNPAL		psite
ENSP00000275493	EGFR	229	RGKSPSDCCHN		psite
ENSP00000275493	EGFR	678	IVRKRTLRRLL	PKN1	psite
ENSP00000275493	EGFR	678	IVRKRTLRRLL	PKN3	psite
ENSP00000275493	EGFR	678	IVRKRTLRRLL	PRKCA	psite
ENSP00000275493	EGFR	695	EPLTPSGEAPN		psite
ENSP00000275493	EGFR	720	IKVLGSGAFGT		psite
ENSP00000275493	EGFR	725	SGAFGTVYKGL		psite
ENSP00000275493	EGFR	768	AYVMASVDNPH		psite
ENSP00000275493	EGFR	940	QPPICTIDVYM		psite
ENSP00000275493	EGFR	993	HLPSPTDSNFY		psite
ENSP00000275493	EGFR	995	PSPTDSNFYRA		psite
ENSP00000275493	EGFR	1025	QQGFFSSPSTS		psite
ENSP00000275493	EGFR	1030	SSPSTSRTPLL		psite
ENSP00000275493	EGFR	1037	TPLLSSLSATS		psite
ENSP00000275493	EGFR	1039	LLSSLSATSNN	MAPK11	psite
ENSP00000275493	EGFR	1039	LLSSLSATSNN	MAPK14	psite
ENSP00000275493	EGFR	1041	SSLSATSNNST	MAPK11	psite
ENSP00000275493	EGFR	1041	SSLSATSNNST	MAPK14	psite
ENSP00000275493	EGFR	1042	SLSATSNNSTV		psite
ENSP00000275493	EGFR	1045	ATSNNSTVACI		psite
ENSP00000275493	EGFR	1046	TSNNSTVACID		psite
ENSP00000275493	EGFR	1057	RNGLQSCPIKE		psite
ENSP00000275493	EGFR	1064	PIKEDSFLQRY		psite
ENSP00000275493	EGFR	1070	FLQRYSSDPTG		psite
ENSP00000275493	EGFR	1071	LQRYSSDPTGA		psite
ENSP00000275493	EGFR	1074	YSSDPTGALTE		psite
ENSP00000275493	EGFR	1081	ALTEDSIDDTF		psite
ENSP00000275493	EGFR	1085	DSIDDTFLPVP		psite
ENSP00000275493	EGFR	1096	EYINQSVPKRP		psite
ENSP00000275493	EGFR	1104	KRPAGSVQNPV		psite
ENSP00000275493	EGFR	1120	LNPAPSRDPHY		psite
ENSP00000275493	EGFR	1130	YQDPHSTAVGN		psite
ENSP00000275493	EGFR	1131	QDPHSTAVGNP		psite
ENSP00000275493	EGFR	1141	PEYLNTVQPTC		psite
ENSP00000275493	EGFR	1145	NTVQPTCVNST		psite
ENSP00000275493	EGFR	1162	WAQKGSHQISL		psite
ENSP00000275493	EGFR	1166	GSHQISLDNPD		psite
ENSP00000275493	EGFR	1190	GIFKGSTAENA		psite
ENSP00000275493	EGFR	1191	IFKGSTAENAE		psite
ENSP00000263025	MAPK3	80	PFEHQTYCQRT		psite
ENSP00000263025	MAPK3	170	RDLKPSNLLIN		psite
ENSP00000263025	MAPK3	177	LLINTTCDLKI		psite
ENSP00000263025	MAPK3	198	PEHDHTGFLTE		psite
ENSP00000263025	MAPK3	202	HTGFLTEYVAT	MAP2K1	psite
ENSP00000263025	MAPK3	202	HTGFLTEYVAT	MAP2K2	psite
ENSP00000263025	MAPK3	207	TEYVATRWYRA		psite
ENSP00000263025	MAPK3	219	EIMLNSKGYTK		psite
ENSP00000335311	EDNRB	205	YRAVASWSRIK		psite
ENSP00000335311	EDNRB	305	MLRKKSGMQIA		psite
ENSP00000335311	EDNRB	407	CCWCQSFEEKQ		psite
ENSP00000335311	EDNRB	419	LEEKQSCLKFK		psite
ENSP00000335311	EDNRB	435	YDNFRSSNKYS		psite
ENSP00000335311	EDNRB	436	DNFRSSNKYSS		psite
ENSP00000338934	EZR	66	LDKKVSAQEVR	PRKACA	psite
ENSP00000338934	EZR	112	KEGILSDEIYC		psite
ENSP00000338934	EZR	149	SGYLSSERLIP		psite
ENSP00000338934	EZR	332	KKRRETVEREK		psite
ENSP00000338934	EZR	366	AERELSEQIQR		psite
ENSP00000338934	EZR	425	ELAEYTAKIAL		psite
ENSP00000338934	EZR	482	VYEPVSYHVQE		psite
ENSP00000338934	EZR	488	YHVQESLQDEG		psite
ENSP00000338934	EZR	535	QLLTLSSELSQ		psite
ENSP00000338934	EZR	539	LSSELSQARDE		psite
ENSP00000338934	EZR	548	DENKRTHNDII		psite
ENSP00000338934	EZR	567	RDKYKTLRQIR	PRKCQ	psite
ENSP00000338934	EZR	567	RDKYKTLRQIR	PRKCI	psite
ENSP00000338934	EZR	567	RDKYKTLRQIR	LRRK2	psite
ENSP00000338934	EZR	567	RDKYKTLRQIR	ROCK1	psite
ENSP00000338934	EZR	567	RDKYKTLRQIR	ADRBK1	psite
ENSP00000338934	EZR	567	RDKYKTLRQIR	STK10	psite
ENSP00000338934	EZR	567	RDKYKTLRQIR	MAP3K8	psite
ENSP00000338934	EZR	567	RDKYKTLRQIR	PRKCA	psite
ENSP00000338934	EZR	567	RDKYKTLRQIR	MST4	psite
ENSP00000338934	EZR	567	RDKYKTLRQIR	AKT2	psite
ENSP00000338934	EZR	576	IRQGNTKQRID		psite
ENSP00000296677	F2RL1	376	QVSLTSKKHSR		psite
ENSP00000296677	F2RL1	384	HSRKSSSYSSS		psite
ENSP00000296677	F2RL1	387	KSSSYSSSSTT		psite
ENSP00000296677	F2RL1	390	SYSSSSTTVKT		psite
ENSP00000246553	FFAR1	31	AIRGATAHARL		psite
ENSP00000358866	FLNA	11	SRAGQSAAGAA		psite
ENSP00000358866	FLNA	23	GGGVDTRDAEM		psite
ENSP00000358866	FLNA	31	AEMPATEKDLA		psite
ENSP00000358866	FLNA	48	KIQQNTFTRWC		psite
ENSP00000358866	FLNA	50	QQNTFTRWCNE		psite
ENSP00000358866	FLNA	377	VYVDKSQGDAS		psite
ENSP00000358866	FLNA	382	SQGDASKVTAQ		psite
ENSP00000358866	FLNA	394	PGLEPSGNIAN		psite
ENSP00000358866	FLNA	500	VRVKETADFKV		psite
ENSP00000358866	FLNA	507	DFKVYTKGAGS		psite
ENSP00000358866	FLNA	730	DNGNGTYSCSY		psite
ENSP00000358866	FLNA	732	GNGTYSCSYVP		psite
ENSP00000358866	FLNA	734	GTYSCSYVPRK		psite
ENSP00000358866	FLNA	767	NVGAGSHPNKV		psite
ENSP00000358866	FLNA	793	EPTYFTVDCAE		psite
ENSP00000358866	FLNA	912	LDVQFSGLTKG		psite
ENSP00000358866	FLNA	915	QFSGLTKGDAV		psite
ENSP00000358866	FLNA	968	VAVSPSLDLSK		psite
ENSP00000358866	FLNA	972	PSLDLSKIKVS		psite
ENSP00000358866	FLNA	977	SKIKVSGLGEK		psite
ENSP00000358866	FLNA	1081	GLQGGSAGSPA		psite
ENSP00000358866	FLNA	1286	DARALTQTGGP		psite
ENSP00000358866	FLNA	1301	RVANPSGNLTE		psite
ENSP00000358866	FLNA	1334	HSVDVTYDGSP		psite
ENSP00000358866	FLNA	1454	SKVKCSGPGLS		psite
ENSP00000358866	FLNA	1470	ANLPQSFQVDT		psite
ENSP00000358866	FLNA	1475	SFQVDTSKAGV		psite
ENSP00000358866	FLNA	1603	DNHDGTYTVAY		psite
ENSP00000358866	FLNA	1605	HDGTYTVAYVP		psite
ENSP00000358866	FLNA	1739	SPFQVTALAGD		psite
ENSP00000358866	FLNA	1762	LAPQYTYAQGG		psite
ENSP00000358866	FLNA	1835	VRYAPSEAGLH		psite
ENSP00000358866	FLNA	2053	SRVRVSGQGLH		psite
ENSP00000358866	FLNA	2152	RRRAPSVANVG	PRKACA	psite
ENSP00000358866	FLNA	2152	RRRAPSVANVG	RPS6KA1	psite
ENSP00000358866	FLNA	2152	RRRAPSVANVG	PAK1	psite
ENSP00000358866	FLNA	2158	VANVGSHCDLS		psite
ENSP00000358866	FLNA	2163	SHCDLSLKIPE		psite
ENSP00000358866	FLNA	2182	QVTSPSGKTHE		psite
ENSP00000358866	FLNA	2209	PAEMGTHTVSV		psite
ENSP00000358866	FLNA	2284	SKAEISFEDRK		psite
ENSP00000358866	FLNA	2292	DRKDGSCGVAY	PAK1	psite
ENSP00000358866	FLNA	2336	DARRLTVSSLQ		psite
ENSP00000358866	FLNA	2338	RRLTVSSLQES		psite
ENSP00000358866	FLNA	2372	KVHSPSGALEE		psite
ENSP00000358866	FLNA	2381	EECYVTEIDQD		psite
ENSP00000358866	FLNA	2523	GPRLVSNHSLH	CAMK2A	psite
ENSP00000359506	FMR1	370	FSQPNSTKVQR		psite
ENSP00000359506	FMR1	463	EKSYVTDDGQG		psite
ENSP00000359506	FMR1	500	EASNASETESD	CSNK2A1	psite
ENSP00000359506	FMR1	511	HRDELSDWSLA		psite
ENSP00000302707	FPR1	211	FIIGFSAPMSI		psite
ENSP00000302707	FPR1	215	FSAPMSIVAVS		psite
ENSP00000302707	FPR1	220	SIVAVSYGLIA		psite
ENSP00000302707	FPR1	325	LERALTEDSTQ		psite
ENSP00000302707	FPR1	328	ALTEDSTQTSD		psite
ENSP00000302707	FPR1	329	LTEDSTQTSDT		psite
ENSP00000302707	FPR1	331	EDSTQTSDTAT		psite
ENSP00000302707	FPR1	332	DSTQTSDTATN		psite
ENSP00000302707	FPR1	334	TQTSDTATNST		psite
ENSP00000302707	FPR1	336	TSDTATNSTLP		psite
ENSP00000302707	FPR1	338	DTATNSTLPSA		psite
ENSP00000302707	FPR1	339	TATNSTLPSAE		psite
ENSP00000302707	FPR1	342	NSTLPSAEVEL	MAPK14	psite
ENSP00000340191	FPR2	236	KGMIKSSRPLR		psite
ENSP00000340191	FPR2	237	GMIKSSRPLRV		psite
ENSP00000340191	FPR2	329	ALSEDSAPTND		psite
ENSP00000340191	FPR2	332	EDSAPTNDTAA		psite
ENSP00000340191	FPR2	335	APTNDTAANSA		psite
ENSP00000286548	GNAQ	53	GESGKSTFIKQ		psite
ENSP00000286548	GNAQ	154	REYQLSDSTKY		psite
ENSP00000331358	GAST	96	DFGRRSAEDEN		psite
ENSP00000387662	GCG	36	RSFSASQADPL		psite
ENSP00000383558	GCGR	456	GRGGGSQDSSA		psite
ENSP00000378338	GIT1	46	LGRHISIVKHL	PRKD3	psite
ENSP00000378338	GIT1	168	HPEKGTTPLHV		psite
ENSP00000378338	GIT1	370	QGKSLSSPTDN		psite
ENSP00000378338	GIT1	373	SLSSPTDNLEL		psite
ENSP00000378338	GIT1	379	DNLELSLRSQS		psite
ENSP00000378338	GIT1	382	ELSLRSQSDLD		psite
ENSP00000378338	GIT1	384	SLRSQSDLDDQ		psite
ENSP00000378338	GIT1	394	QHDYDSVASDE		psite
ENSP00000378338	GIT1	397	YDSVASDEDTD		psite
ENSP00000378338	GIT1	401	ASDEDTDQEPL		psite
ENSP00000378338	GIT1	419	SNRARSMDSSD		psite
ENSP00000378338	GIT1	426	DSSDLSDGAVT		psite
ENSP00000378338	GIT1	507	MAPGGSTHRRD		psite
ENSP00000378338	GIT1	517	DRQAFSMYEPG	PAK1	psite
ENSP00000378338	GIT1	523	MYEPGSALKPF		psite
ENSP00000378338	GIT1	545	LQPFHSTELED		psite
ENSP00000378338	GIT1	546	QPFHSTELEDD		psite
ENSP00000378338	GIT1	555	DDAIYSVHVPA		psite
ENSP00000378338	GIT1	570	IRKGVSASAVP		psite
ENSP00000378338	GIT1	579	VPFTPSSPLLS		psite
ENSP00000378338	GIT1	601	LSRHGSGADSD		psite
ENSP00000378338	GIT1	605	GSGADSDYENT		psite
ENSP00000378338	GIT1	610	SDYENTQSGDP		psite
ENSP00000378338	GIT1	709	LEPVRSSLRLL	PAK1	psite
ENSP00000378338	GIT1	762	AKQLVTITTRE		psite
ENSP00000378338	GIT1	261	RQKCMSQSLDL		psite
ENSP00000378338	GIT1	263	KCMSQSLDLSE		psite
ENSP00000378338	GIT1	422	ARSMDSSDLSD		psite
ENSP00000378338	GIT1	423	RSMDSSDLSDG		psite
ENSP00000378338	GIT1	457	LMKVNSSLSDE		psite
ENSP00000378338	GIT1	458	MKVNSSLSDEL		psite
ENSP00000378338	GIT1	508	APGGSTHRRDR		psite
ENSP00000378338	GIT1	572	KGVSASAVPFT		psite
ENSP00000378338	GIT1	639	HPELESLDGDL		psite
ENSP00000378338	GIT1	709	LEPVRSSLRLL		psite
ENSP00000378338	GIT1	710	EPVRSSLRLLN		psite
ENSP00000347464	GIT2	394	QPDYDSVASDE		psite
ENSP00000347464	GIT2	397	YDSVASDEDTD		psite
ENSP00000347464	GIT2	401	ASDEDTDLETT		psite
ENSP00000347464	GIT2	415	TNRQKSLDSDL		psite
ENSP00000347464	GIT2	418	QKSLDSDLSDG		psite
ENSP00000347464	GIT2	421	LDSDLSDGPVT		psite
ENSP00000347464	GIT2	481	RKQATTNVYQV		psite
ENSP00000347464	GIT2	488	VYQVQTGSEYT		psite
ENSP00000347464	GIT2	490	QVQTGSEYTDT		psite
ENSP00000347464	GIT2	493	TGSEYTDTSNH		psite
ENSP00000347464	GIT2	495	SEYTDTSNHSS		psite
ENSP00000347464	GIT2	496	EYTDTSNHSSL		psite
ENSP00000347464	GIT2	500	TSNHSSLKRRP		psite
ENSP00000347464	GIT2	506	LKRRPSARGSR		psite
ENSP00000347464	GIT2	514	GSRPMSMYETG		psite
ENSP00000347464	GIT2	559	VTSSSSLPSFP		psite
ENSP00000347464	GIT2	562	SSSLPSFPSTL		psite
ENSP00000347464	GIT2	568	FPSTLSWSRDE		psite
ENSP00000347464	GIT2	570	STLSWSRDESA		psite
ENSP00000347464	GIT2	586	LEKQNSTPESD		psite
ENSP00000347464	GIT2	590	NSTPESDYDNT		psite
ENSP00000347464	GIT2	614	KGRQRSMVWPG		psite
ENSP00000262958	GNA15	336	KKGARSRRLFS		psite
ENSP00000328818	GPR132	225	HRIFRSIKQSM		psite
ENSP00000328818	GPR132	229	RSIKQSMGLSA		psite
ENSP00000309493	GPRC6A	261	VRINRTLKKII		psite
ENSP00000309493	GPRC6A	312	TATKITTIPNV		psite
ENSP00000309493	GPRC6A	886	TNPSSSGKSAT		psite
ENSP00000225983	HDAC5	67	GALVGSVDPTL		psite
ENSP00000225983	HDAC5	207	GGLNHSLPQHP		psite
ENSP00000225983	HDAC5	260	LRKTASEPNLK	PRKCD	psite
ENSP00000225983	HDAC5	260	LRKTASEPNLK	PRKAA1	psite
ENSP00000225983	HDAC5	260	LRKTASEPNLK	CAMK4	psite
ENSP00000225983	HDAC5	260	LRKTASEPNLK	PRKAA2	psite
ENSP00000225983	HDAC5	260	LRKTASEPNLK	CAMK1	psite
ENSP00000225983	HDAC5	260	LRKTASEPNLK	PRKD1	psite
ENSP00000225983	HDAC5	260	LRKTASEPNLK	MAP3K7	psite
ENSP00000225983	HDAC5	260	LRKTASEPNLK	MARK2	psite
ENSP00000225983	HDAC5	279	VAERRSSPLLR	AURKB	psite
ENSP00000225983	HDAC5	293	GTVISTFKKRA	PKN1	psite
ENSP00000225983	HDAC5	369	LYTSPSLPNIS		psite
ENSP00000225983	HDAC5	497	RPLSRTQSSPL		psite
ENSP00000225983	HDAC5	499	LSRTQSSPLPQ	PRKAA1	psite
ENSP00000225983	HDAC5	499	LSRTQSSPLPQ	CAMK4	psite
ENSP00000225983	HDAC5	499	LSRTQSSPLPQ	PRKAA2	psite
ENSP00000225983	HDAC5	499	LSRTQSSPLPQ	CAMK1	psite
ENSP00000225983	HDAC5	499	LSRTQSSPLPQ	PRKD3	psite
ENSP00000225983	HDAC5	499	LSRTQSSPLPQ	PRKD1	psite
ENSP00000225983	HDAC5	499	LSRTQSSPLPQ	PRKD2	psite
ENSP00000225983	HDAC5	547	LPRQPTTHPEE		psite
ENSP00000225983	HDAC5	548	PRQPTTHPEET		psite
ENSP00000225983	HDAC5	612	DEEGESGAEEG		psite
ENSP00000225983	HDAC5	662	LGRTQSSPAAP		psite
ENSP00000225983	HDAC5	1072	AGLGRSLREAQ		psite
ENSP00000334061	HDAC6	30	QDSSVTSKRNI		psite
ENSP00000334061	HDAC6	458	DNVEESEEEGP		psite
ENSP00000334061	HDAC6	847	REGPSSSKLVT		psite
ENSP00000334061	HDAC6	1062	ELGSESQGASE		psite
ENSP00000335153	HSP90AA1	158	SLIINTFYSNK		psite
ENSP00000335153	HSP90AA1	174	ELISNSSDALD		psite
ENSP00000335153	HSP90AA1	185	KIRYESLTDPS		psite
ENSP00000335153	HSP90AA1	194	PSKLDSGKELH		psite
ENSP00000335153	HSP90AA1	210	NKQDRTLTIVD		psite
ENSP00000335153	HSP90AA1	212	QDRTLTIVDTG	PRKACA	psite
ENSP00000335153	HSP90AA1	216	LTIVDTGIGMT		psite
ENSP00000335153	HSP90AA1	231	INNLGTIAKSG		psite
ENSP00000335153	HSP90AA1	237	IAKSGTKAFME		psite
ENSP00000335153	HSP90AA1	317	LKEDQTEYLEE		psite
ENSP00000335153	HSP90AA1	353	RDKEVSDDEAE		psite
ENSP00000335153	HSP90AA1	374	KEEKESEDKPE		psite
ENSP00000335153	HSP90AA1	385	IEDVGSDEEEE	CSNK2A1	psite
ENSP00000335153	HSP90AA1	415	EELNKTKPIWT		psite
ENSP00000335153	HSP90AA1	437	GEFYKSLTNDW		psite
ENSP00000335153	HSP90AA1	439	FYKSLTNDWED		psite
ENSP00000335153	HSP90AA1	513	RGVVDSEDLPL	PNCK	psite
ENSP00000335153	HSP90AA1	521	LPLNISREMLQ		psite
ENSP00000335153	HSP90AA1	528	EMLQQSKILKV		psite
ENSP00000335153	HSP90AA1	547	CLELFTELAED		psite
ENSP00000335153	HSP90AA1	564	FYEQFSKNIKL		psite
ENSP00000335153	HSP90AA1	575	GIHEDSQNRKK		psite
ENSP00000335153	HSP90AA1	598	GDEMVSLKDYC		psite
ENSP00000335153	HSP90AA1	604	LKDYCTRMKEN		psite
ENSP00000335153	HSP90AA1	627	DQVANSAFVER		psite
ENSP00000335153	HSP90AA1	662	EFEGKTLVSVT		psite
ENSP00000335153	HSP90AA1	665	GKTLVSVTKEG		psite
ENSP00000335153	HSP90AA1	688	QEEKKTKFENL		psite
ENSP00000335153	HSP90AA1	711	EKVVVSNRLVT		psite
ENSP00000335153	HSP90AA1	725	CIVTSTYGWTA		psite
ENSP00000335153	HSP90AA1	745	ALRDNSTMGYM		psite
ENSP00000335153	HSP90AA1	746	LRDNSTMGYMA	PNCK	psite
ENSP00000335153	HSP90AA1	763	INPDHSIIETL		psite
ENSP00000335153	HSP90AA1	847	EGDDDTSRMEE		psite
ENSP00000335153	HSP90AA1	848	GDDDTSRMEEV		psite
ENSP00000319635	CXCR2	347	KDSRPSFVGSS		psite
ENSP00000319635	CXCR2	351	PSFVGSSSGHT		psite
ENSP00000319635	CXCR2	352	SFVGSSSGHTS		psite
ENSP00000319635	CXCR2	353	FVGSSSGHTST		psite
ENSP00000304895	IRS1	24	LRKPKSMHKRF	PLK1	psite
ENSP00000304895	IRS1	268	EFRPRSKSQSS		psite
ENSP00000304895	IRS1	270	RPRSKSQSSSN	ATR	psite
ENSP00000304895	IRS1	270	RPRSKSQSSSN	RPS6KB1	psite
ENSP00000304895	IRS1	274	KSQSSSNCSNP		psite
ENSP00000304895	IRS1	303	GLTRRSRTESI		psite
ENSP00000304895	IRS1	305	TRRSRTESITA		psite
ENSP00000304895	IRS1	307	RSRTESITATS	PRKCD	psite
ENSP00000304895	IRS1	307	RSRTESITATS	RPS6KB1	psite
ENSP00000304895	IRS1	309	RTESITATSPA		psite
ENSP00000304895	IRS1	311	ESITATSPASM		psite
ENSP00000304895	IRS1	315	ATSPASMVGGK		psite
ENSP00000304895	IRS1	323	GGKPGSFRVRA	PRKCD	psite
ENSP00000304895	IRS1	323	GGKPGSFRVRA	PRKCB	psite
ENSP00000304895	IRS1	323	GGKPGSFRVRA	PRKCZ	psite
ENSP00000304895	IRS1	329	FRVRASSDGEG		psite
ENSP00000304895	IRS1	330	RVRASSDGEGT		psite
ENSP00000304895	IRS1	341	MSRPASVDGSP		psite
ENSP00000304895	IRS1	351	PVSPSTNRTHA		psite
ENSP00000304895	IRS1	362	HRHRGSARLHP		psite
ENSP00000304895	IRS1	374	LNHSRSIPMPA		psite
ENSP00000304895	IRS1	441	CDFRSSFRSVT	PRKCD	psite
ENSP00000304895	IRS1	441	CDFRSSFRSVT	PRKCB	psite
ENSP00000304895	IRS1	441	CDFRSSFRSVT	PRKCZ	psite
ENSP00000304895	IRS1	449	SVTPDSLGHTP		psite
ENSP00000304895	IRS1	486	GHYILSRGGNG		psite
ENSP00000304895	IRS1	527	RKRTHSAGTSP	RPS6KB1	psite
ENSP00000304895	IRS1	530	THSAGTSPTIT		psite
ENSP00000304895	IRS1	574	PGHRHSAFVPT	PRKCD	psite
ENSP00000304895	IRS1	603	HHRPDSSTLHT		psite
ENSP00000304895	IRS1	604	HRPDSSTLHTD		psite
ENSP00000304895	IRS1	605	RPDSSTLHTDD		psite
ENSP00000304895	IRS1	608	SSTLHTDDGYM		psite
ENSP00000304895	IRS1	629	SGRKGSGDYMP	AKT1	psite
ENSP00000304895	IRS1	639	PMSPKSVSAPQ	MAPK1	psite
ENSP00000304895	IRS1	668	MMMSPSGGCSP		psite
ENSP00000304895	IRS1	766	VLSYYSLPRSF		psite
ENSP00000304895	IRS1	794	LRLSTSSGRLL		psite
ENSP00000304895	IRS1	938	EEETGTEEYMK		psite
ENSP00000304895	IRS1	1041	SSSAASASPTG		psite
ENSP00000304895	IRS1	1100	CRRRHSSETFS		psite
ENSP00000304895	IRS1	1101	RRRHSSETFSS	PRKCQ	psite
ENSP00000304895	IRS1	1101	RRRHSSETFSS	RPS6KB1	psite
ENSP00000304895	IRS1	1103	RHSSETFSSTP		psite
ENSP00000304895	IRS1	1111	STPSATRVGNT		psite
ENSP00000304895	IRS1	1142	DVKRHSSASFE		psite
ENSP00000304895	IRS1	1143	VKRHSSASFEN		psite
ENSP00000304895	IRS1	1145	RHSSASFENVW		psite
ENSP00000304895	IRS1	1222	SSTRRSSEDLS		psite
ENSP00000304895	IRS1	1223	STRRSSEDLSA		psite
ENSP00000368020	KIF3A	381	EGEEISGSDIS		psite
ENSP00000368020	KIF3A	383	EEISGSDISGS		psite
ENSP00000368020	KIF3A	386	SGSDISGSEED		psite
ENSP00000368020	KIF3A	388	SDISGSEEDDD		psite
ENSP00000368020	KIF3A	687	GRRKRSAKPET		psite
ENSP00000234371	KISS1R	368	LLRLGSHPAPA		psite
ENSP00000265023	KNG1	326	FVARETTCSKE		psite
ENSP00000265023	KNG1	327	VARETTCSKES		psite
ENSP00000265023	KNG1	329	RETTCSKESNE		psite
ENSP00000265023	KNG1	332	TCSKESNEELT		psite
ENSP00000265023	KNG1	390	FSPFRSSRIGE		psite
ENSP00000265023	KNG1	391	SPFRSSRIGEI		psite
ENSP00000351755	LPAR1	236	YVRQRTMRMSR		psite
ENSP00000351755	LPAR1	240	RTMRMSRHSSG		psite
ENSP00000351755	LPAR1	243	RMSRHSSGPRR		psite
ENSP00000351755	LPAR1	244	MSRHSSGPRRN		psite
ENSP00000307445	LTB4R	308	KLLEGTGSEAS	GRK6	psite
ENSP00000307445	LTB4R	310	LEGTGSEASST		psite
ENSP00000307445	LTB4R	313	TGSEASSTRRG		psite
ENSP00000307445	LTB4R	314	GSEASSTRRGG		psite
ENSP00000307445	LTB4R	315	SEASSTRRGGS		psite
ENSP00000319984	CHRM2	234	DPVSPSLVQGR	ADRBK1	psite
ENSP00000319984	CHRM2	250	NNNMPSSDDGL	ADRBK1	psite
ENSP00000319984	CHRM2	251	NNMPSSDDGLE	ADRBK1	psite
ENSP00000319984	CHRM2	271	PRDPVTENCVQ	ADRBK1	psite
ENSP00000319984	CHRM2	282	GEEKESSNDST	ADRBK1	psite
ENSP00000319984	CHRM2	283	EEKESSNDSTS	ADRBK1	psite
ENSP00000319984	CHRM2	286	ESSNDSTSVSA	ADRBK1	psite
ENSP00000319984	CHRM2	287	SSNDSTSVSAV	ADRBK1	psite
ENSP00000319984	CHRM2	288	SNDSTSVSAVA	ADRBK1	psite
ENSP00000319984	CHRM2	290	DSTSVSAVASN	ADRBK1	psite
ENSP00000319984	CHRM2	294	VSAVASNMRDD	ADRBK1	psite
ENSP00000319984	CHRM2	302	RDDEITQDENT	ADRBK1	psite
ENSP00000319984	CHRM2	307	TQDENTVSTSL	ADRBK1	psite
ENSP00000319984	CHRM2	309	DENTVSTSLGH	ADRBK1	psite
ENSP00000319984	CHRM2	310	ENTVSTSLGHS	ADRBK1	psite
ENSP00000319984	CHRM2	311	NTVSTSLGHSK	ADRBK1	psite
ENSP00000319984	CHRM2	423	PNTVWTIGYWL		psite
ENSP00000255380	CHRM3	291	SSRSCSSYELQ		psite
ENSP00000255380	CHRM3	366	TRAIYSIVLKL		psite
ENSP00000299766	MC4R	312	QELRKTFKEII	PRKACA	psite
ENSP00000417281	MDM2	23	GAVTTSQIPAS		psite
ENSP00000417281	MDM2	124	QESSDSGTSVS	CSNK1D	psite
ENSP00000417281	MDM2	127	SDSGTSVSENR	CSNK1D	psite
ENSP00000417281	MDM2	163	LVSRPSTSSRR	MAPKAPK2	psite
ENSP00000417281	MDM2	164	VSRPSTSSRRR		psite
ENSP00000417281	MDM2	166	RPSTSSRRRAI		psite
ENSP00000417281	MDM2	172	RRRAISETEEN	MAPKAPK2	psite
ENSP00000417281	MDM2	172	RRRAISETEEN	CSNK1D	psite
ENSP00000417281	MDM2	172	RRRAISETEEN	PIM1	psite
ENSP00000417281	MDM2	172	RRRAISETEEN	DAPK3	psite
ENSP00000417281	MDM2	172	RRRAISETEEN	AKT1	psite
ENSP00000417281	MDM2	174	RAISETEENSD		psite
ENSP00000417281	MDM2	178	ETEENSDELSG	CSNK1D	psite
ENSP00000417281	MDM2	182	NSDELSGERQR	CSNK1D	psite
ENSP00000417281	MDM2	192	RKRHKSDSISL	PIM1	psite
ENSP00000417281	MDM2	192	RKRHKSDSISL	DAPK3	psite
ENSP00000417281	MDM2	192	RKRHKSDSISL	AKT1	psite
ENSP00000417281	MDM2	194	RHKSDSISLSF	AKT1	psite
ENSP00000417281	MDM2	196	KSDSISLSFDE		psite
ENSP00000417281	MDM2	198	DSISLSFDESL		psite
ENSP00000417281	MDM2	226	STGTPSNPDLD	CSNK1D	psite
ENSP00000417281	MDM2	235	LDAGVSEHSGD	CSNK1D	psite
ENSP00000417281	MDM2	246	WLDQDSVSDQF	CSNK1D	psite
ENSP00000417281	MDM2	248	DQDSVSDQFSV		psite
ENSP00000417281	MDM2	252	VSDQFSVEFEV		psite
ENSP00000417281	MDM2	259	EFEVESLDSED	CSNK1D	psite
ENSP00000417281	MDM2	262	VESLDSEDYSL		psite
ENSP00000417281	MDM2	266	DSEDYSLSEEG	CSNK2A1	psite
ENSP00000417281	MDM2	266	DSEDYSLSEEG	CSNK1D	psite
ENSP00000417281	MDM2	266	DSEDYSLSEEG	PLK1	psite
ENSP00000417281	MDM2	268	EDYSLSEEGQE	CSNK1D	psite
ENSP00000417281	MDM2	275	EGQELSDEDDE	CSNK2A1	psite
ENSP00000417281	MDM2	275	EGQELSDEDDE	CSNK1D	psite
ENSP00000417281	MDM2	285	EVYQVTVYQAG	CSNK1D	psite
ENSP00000417281	MDM2	292	YQAGESDTDSF		psite
ENSP00000417281	MDM2	294	AGESDTDSFEE		psite
ENSP00000417281	MDM2	296	ESDTDSFEEDP	CSNK1D	psite
ENSP00000417281	MDM2	348	DKGEISEKAKL	CSNK1D	psite
ENSP00000417281	MDM2	356	AKLENSTQAEE	CSNK1D	psite
ENSP00000417281	MDM2	357	KLENSTQAEEG	CSNK1D	psite
ENSP00000417281	MDM2	371	PDCKKTIVNDS	CSNK1D	psite
ENSP00000417281	MDM2	379	NDSRESCVEEN	CSNK1D	psite
ENSP00000417281	MDM2	392	KITQASQSQES	CSNK1D	psite
ENSP00000417281	MDM2	392	KITQASQSQES	ATM	psite
ENSP00000417281	MDM2	394	TQASQSQESED		psite
ENSP00000417281	MDM2	401	ESEDYSQPSTS	ATM	psite
ENSP00000417281	MDM2	412	SSIIYSSQEDV		psite
ENSP00000417281	MDM2	413	SIIYSSQEDVK	ATR	psite
ENSP00000417281	MDM2	425	FEREETQDKEE	CSNK1D	psite
ENSP00000417281	MDM2	431	QDKEESVESSL		psite
ENSP00000417281	MDM2	435	ESVESSLPLNA	ATM	psite
ENSP00000361141	OPN4	104	VLRGVTVMMQS		psite
ENSP00000282753	GRM1	188	IAYSATSIDLS		psite
ENSP00000282753	GRM1	673	SAMCYSALVTK		psite
ENSP00000282753	GRM1	677	YSALVTKTNRI		psite
ENSP00000282753	GRM1	871	PCRSNTFLNIF		psite
ENSP00000394624	OPRM1	356	ILRLKSVRMLS		psite
ENSP00000394624	OPRM1	361	SVRMLSGSKEK	CAMK2A	psite
ENSP00000394624	OPRM1	458	IEQQNSTRIRQ		psite
ENSP00000394624	OPRM1	465	RIRQNTRDHPS		psite
ENSP00000394624	OPRM1	470	TRDHPSTANTV		psite
ENSP00000394624	OPRM1	471	RDHPSTANTVD		psite
ENSP00000262613	SLC9A3R1	77	HQQVVSRIRAA	PRKCA	psite
ENSP00000262613	SLC9A3R1	95	VVDPETDEQLQ		psite
ENSP00000262613	SLC9A3R1	156	RPRLCTMKKGP		psite
ENSP00000262613	SLC9A3R1	162	MKKGPSGYGFN	PRKCA	psite
ENSP00000262613	SLC9A3R1	217	HGDVVSAIRAG		psite
ENSP00000262613	SLC9A3R1	269	IQKENSREALA		psite
ENSP00000262613	SLC9A3R1	288	PALVRSASSDT		psite
ENSP00000262613	SLC9A3R1	290	LVRSASSDTSE		psite
ENSP00000262613	SLC9A3R1	291	VRSASSDTSEE		psite
ENSP00000262613	SLC9A3R1	293	SASSDTSEELN		psite
ENSP00000262613	SLC9A3R1	294	ASSDTSEELNS		psite
ENSP00000262613	SLC9A3R1	299	SEELNSQDSPP		psite
ENSP00000262613	SLC9A3R1	339	AHQKRSSKRAP	PRKCA	psite
ENSP00000262613	SLC9A3R1	340	HQKRSSKRAPQ	PRKCA	psite
ENSP00000258042	NMBR	352	QERGTSYLLSS		psite
ENSP00000277942	NPFFR1	218	RRVYTTVLFSH		psite
ENSP00000296930	NPM1	43	NEHQLSLRTVS		psite
ENSP00000296930	NPM1	75	SPIKVTLATLK		psite
ENSP00000296930	NPM1	78	KVTLATLKMSV		psite
ENSP00000296930	NPM1	88	VQPTVSLGGFE		psite
ENSP00000296930	NPM1	106	RLKCGSGPVHI		psite
ENSP00000296930	NPM1	112	GPVHISGQHLV		psite
ENSP00000296930	NPM1	125	EEDAESEDEEE	ATR	psite
ENSP00000296930	NPM1	137	DVKLLSISGKR		psite
ENSP00000296930	NPM1	139	KLLSISGKRSA		psite
ENSP00000296930	NPM1	143	ISGKRSAPGGG		psite
ENSP00000296930	NPM1	195	APVKKSIRDTP		psite
ENSP00000296930	NPM1	214	QNGKDSKPSST		psite
ENSP00000296930	NPM1	217	KDSKPSSTPRS		psite
ENSP00000296930	NPM1	218	DSKPSSTPRSK		psite
ENSP00000296930	NPM1	222	SSTPRSKGQES		psite
ENSP00000296930	NPM1	227	SKGQESFKKQE		psite
ENSP00000296930	NPM1	242	TPKGPSSVEDI		psite
ENSP00000296930	NPM1	243	PKGPSSVEDIK		psite
ENSP00000296930	NPM1	254	AKMQASIEKGG		psite
ENSP00000296930	NPM1	260	IEKGGSLPKVE		psite
ENSP00000296930	NPM1	279	NCFRMTDQEAI		psite
ENSP00000303686	NTSR2	53	AGNALSAHVVL		psite
ENSP00000324270	OXTR	370	KSNSSSFVLSH		psite
ENSP00000304767	P2RY1	352	EANLQSKSEDM		psite
ENSP00000304767	P2RY1	354	NLQSKSEDMTL		psite
ENSP00000304767	P2RY1	358	KSEDMTLNILP		psite
ENSP00000310305	P2RY2	243	RAKRKSVRTIA		psite
ENSP00000310305	P2RY2	324	DAKPPTGPSPA		psite
ENSP00000310305	P2RY2	344	RRSDRTDMQRI		psite
ENSP00000310305	P2RY2	356	DVLGSSEDSRR		psite
ENSP00000321326	F2R	391	LCCKESSDPSS		psite
ENSP00000321326	F2R	392	CCKESSDPSSY		psite
ENSP00000321326	F2R	399	PSSYNSSGQLM		psite
ENSP00000321326	F2R	400	SSYNSSGQLMA		psite
ENSP00000321326	F2R	406	GQLMASKMDTC		psite
ENSP00000321326	F2R	418	SNLNNSIYKKL		psite
ENSP00000270474	PDE4A	13	SERSLSLSLPG		psite
ENSP00000270474	PDE4A	15	RSLSLSLPGPR		psite
ENSP00000270474	PDE4A	145	SQRRESFLYRS	PRKACA	psite
ENSP00000270474	PDE4A	165	TMSRNSSVTSE		psite
ENSP00000270474	PDE4A	271	LNRELTHLSEM		psite
ENSP00000270474	PDE4A	346	LMHSNSLNNSN		psite
ENSP00000270474	PDE4A	551	MSKHMTLLADL		psite
ENSP00000270474	PDE4A	567	TKKVTSSGVLL		psite
ENSP00000270474	PDE4A	577	LLDNYSDRIQV		psite
ENSP00000270474	PDE4A	145	SQRRESFLYRS		psite
ENSP00000259467	PDCL	18	LQYYYSSSEDE	CSNK2A1	psite
ENSP00000259467	PDCL	19	QYYYSSSEDED	CSNK2A1	psite
ENSP00000259467	PDCL	20	YYYSSSEDEDS	CSNK2A1	psite
ENSP00000259467	PDCL	25	SEDEDSDHEDK	CSNK2A1	psite
ENSP00000259467	PDCL	94	KKLSMTCRSHL		psite
ENSP00000259467	PDCL	226	VIGASSQFTRN		psite
ENSP00000259467	PDCL	290	VRNSATCHSED		psite
ENSP00000259467	PDCL	293	SATCHSEDSDL		psite
ENSP00000259467	PDCL	296	CHSEDSDLEID	CSNK2A1	psite
ENSP00000375855	PDC	36	KFKLESQDSDS		psite
ENSP00000289153	PIK3CB	423	KTINPSKYQTI		psite
ENSP00000289153	PIK3CB	427	PSKYQTIRKAG		psite
ENSP00000289153	PIK3CB	961	VPFILTYDFIH		psite
ENSP00000352121	PIK3CG	228	VIHRSTTSQTI		psite
ENSP00000352121	PIK3CG	582	HFRYESLKHPK		psite
ENSP00000352121	PIK3CG	607	EIVAKTYQLLA		psite
ENSP00000352121	PIK3CG	746	MLQKVTLDIKS		psite
ENSP00000352121	PIK3CG	1024	ALRHHTNLLII		psite
ENSP00000309591	PRKACA	11	AAKKGSEQESV		psite
ENSP00000309591	PRKACA	49	FERIKTLGTGS		psite
ENSP00000309591	PRKACA	54	TLGTGSFGRVM		psite
ENSP00000309591	PRKACA	140	RIGRFSEPHAR		psite
ENSP00000309591	PRKACA	196	RVKGRTWTLCG		psite
ENSP00000309591	PRKACA	198	KGRTWTLCGTP	PRKACA	psite
ENSP00000309591	PRKACA	260	KVRFPSHFSSD		psite
ENSP00000309591	PRKACA	339	EEIRVSINEKC		psite
ENSP00000309591	PRKACA	198	KGRTWTLCGTP		psite
ENSP00000305355	PRKCB	11	AGPPPSEGEES		psite
ENSP00000305355	PRKCB	17	EGEESTVRFAR		psite
ENSP00000305355	PRKCB	48	FFKQPTFCSHC		psite
ENSP00000305355	PRKCB	206	IPDPKSESKQK		psite
ENSP00000305355	PRKCB	226	PEWNETFRFQL		psite
ENSP00000305355	PRKCB	311	ERAKISQGTKV		psite
ENSP00000305355	PRKCB	314	KISQGTKVPEE		psite
ENSP00000305355	PRKCB	364	SERKGTDELYA		psite
ENSP00000305355	PRKCB	497	IWDGVTTKTFC		psite
ENSP00000305355	PRKCB	498	WDGVTTKTFCG		psite
ENSP00000305355	PRKCB	500	GVTTKTFCGTP	BLVRA	psite
ENSP00000305355	PRKCB	634	FDRFFTRHPPV		psite
ENSP00000305355	PRKCB	654	RNIDQSEFEGF		psite
ENSP00000305355	PRKCB	660	EFEGFSFVNSE	PRKCB	psite
ENSP00000305355	PRKCB	664	FSFVNSEFLKP		psite
ENSP00000331602	PRKCD	43	TERGKTLVQKK		psite
ENSP00000331602	PRKCD	50	VQKKPTMYPEW		psite
ENSP00000331602	PRKCD	130	VDCKQSMRSED		psite
ENSP00000331602	PRKCD	141	EAKFPTMNRRG	PRKCD	psite
ENSP00000331602	PRKCD	218	ANSRDTIFQKE	PRKCD	psite
ENSP00000331602	PRKCD	295	ALNQVTQRASR	PRKCD	psite
ENSP00000331602	PRKCD	299	VTQRASRRSDS	PRKCD	psite
ENSP00000331602	PRKCD	302	RASRRSDSASS	PRKCD	psite
ENSP00000331602	PRKCD	304	SRRSDSASSEP	PRKCD	psite
ENSP00000331602	PRKCD	306	RSDSASSEPVG		psite
ENSP00000331602	PRKCD	307	SDSASSEPVGI		psite
ENSP00000331602	PRKCD	331	DMQDNSGTYGK		psite
ENSP00000331602	PRKCD	333	QDNSGTYGKIW		psite
ENSP00000331602	PRKCD	341	KIWEGSSKCNI		psite
ENSP00000331602	PRKCD	451	ELYRATFYAAE		psite
ENSP00000331602	PRKCD	503	NIFGESRASTF	PRKCD	psite
ENSP00000331602	PRKCD	506	GESRASTFCGT		psite
ENSP00000331602	PRKCD	507	ESRASTFCGTP		psite
ENSP00000331602	PRKCD	594	KRLGVTGNIKI		psite
ENSP00000331602	PRKCD	645	EKARLSYSDKN	PRKCD	psite
ENSP00000331602	PRKCD	647	ARLSYSDKNLI		psite
ENSP00000331602	PRKCD	654	KNLIDSMDQSA		psite
ENSP00000331602	PRKCD	658	DSMDQSAFAGF		psite
ENSP00000331602	PRKCD	664	AFAGFSFVNPK		psite
ENSP00000263431	PRKCG	320	VRMGPSSSPIP		psite
ENSP00000263431	PRKCG	510	NVFPGTTTRTF		psite
ENSP00000263431	PRKCG	511	VFPGTTTRTFC		psite
ENSP00000263431	PRKCG	514	GTTTRTFCGTP		psite
ENSP00000263431	PRKCG	674	DFQGFTYVNPD		psite
ENSP00000350132	PLN	16	AIRRASTIEMP	PRKACA	psite
ENSP00000350132	PLN	17	IRRASTIEMPQ	CAMK2A	psite
ENSP00000234313	PLEK	113	KFARKSTRRSI	PRKCA	psite
ENSP00000234313	PLEK	114	FARKSTRRSIR		psite
ENSP00000234313	PLEK	117	KSTRRSIRLPE	PRKCA	psite
ENSP00000234313	PLEK	123	IRLPETIDLGA		psite
ENSP00000282091	PTH	32	SVKKRSVSEIQ		psite
ENSP00000282091	PTH	34	KKRSVSEIQLM		psite
ENSP00000235382	RGS2	46	WKTRLSYFLQN	PRKG1	psite
ENSP00000235382	RGS2	64	KTGKKSKQQAF	PRKG1	psite
ENSP00000261313	PEBP1	13	WSGPLSLQEVD		psite
ENSP00000261313	PEBP1	28	HPLHVTYAGAA		psite
ENSP00000261313	PEBP1	51	VKNRPTSISWD		psite
ENSP00000261313	PEBP1	52	KNRPTSISWDG		psite
ENSP00000261313	PEBP1	54	RPTSISWDGLD		psite
ENSP00000261313	PEBP1	60	WDGLDSGKLYT		psite
ENSP00000261313	PEBP1	75	DPDAPSRKDPK		psite
ENSP00000261313	PEBP1	98	KGNDISSGTVL		psite
ENSP00000261313	PEBP1	99	GNDISSGTVLS		psite
ENSP00000261313	PEBP1	104	SGTVLSDYVGS		psite
ENSP00000261313	PEBP1	153	KFKVASFRKKY	PRKCD	psite
ENSP00000261313	PEBP1	153	KFKVASFRKKY	PRKCA	psite
ENSP00000322419	RPLP2	16	ALGGNSSPSAK		psite
ENSP00000322419	RPLP2	19	GNSSPSAKDIK		psite
ENSP00000322419	RPLP2	29	KKILDSVGIEA		psite
ENSP00000322419	RPLP2	64	IGKLASVPAGG		psite
ENSP00000322419	RPLP2	74	GAVAVSAAPGS		psite
ENSP00000322419	RPLP2	79	SAAPGSAAPAA		psite
ENSP00000322419	RPLP2	86	APAAGSAPAAA		psite
ENSP00000322419	RPLP2	102	EKKEESEESDD		psite
ENSP00000322419	RPLP2	105	EESEESDDDMG		psite
ENSP00000249373	SMO	47	RSAGGSARRSA		psite
ENSP00000338345	SNCA	87	VEGAGSIAAAT	DYRK1A	psite
ENSP00000338345	SNCA	129	AYEMPSEEGYQ	CAMK2A	psite
ENSP00000338345	SNCA	129	AYEMPSEEGYQ	CSNK2A1	psite
ENSP00000338345	SNCA	129	AYEMPSEEGYQ	PLK2	psite
ENSP00000338345	SNCA	129	AYEMPSEEGYQ	GRK5	psite
ENSP00000338345	SNCA	129	AYEMPSEEGYQ	PLK1	psite
ENSP00000338345	SNCA	129	AYEMPSEEGYQ	ADRBK1	psite
ENSP00000338345	SNCA	129	AYEMPSEEGYQ	CSNK1A1	psite
ENSP00000338345	SNCA	129	AYEMPSEEGYQ	PLK3	psite
ENSP00000350941	SRC	12	KPKDASQRRRS	PRKCD	psite
ENSP00000350941	SRC	17	SQRRRSLEPAE	PRKACA	psite
ENSP00000350941	SRC	35	GAFPASQTPSK		psite
ENSP00000350941	SRC	51	GHRGPSAAFAP		psite
ENSP00000350941	SRC	69	FGGFNSSDTVT		psite
ENSP00000350941	SRC	70	GGFNSSDTVTS		psite
ENSP00000350941	SRC	72	FNSSDTVTSPQ		psite
ENSP00000350941	SRC	74	SSDTVTSPQRA		psite
ENSP00000350941	SRC	97	LYDYESRTETD		psite
ENSP00000350941	SRC	104	TETDLSFKKGE		psite
ENSP00000350941	SRC	182	VRESETTKGAY		psite
ENSP00000350941	SRC	183	RESETTKGAYC		psite
ENSP00000350941	SRC	269	EIPRESLRLEV		psite
ENSP00000350941	SRC	304	TLKPGTMSPEA		psite
ENSP00000350941	SRC	420	EDNEYTARQGA		psite
ENSP00000350941	SRC	526	DYFTSTEPQYQ		psite
ENSP00000307432	SUCLG2	149	EALDISRETYL		psite
ENSP00000303325	TACR3	410	RMESMTVVFDP		psite
ENSP00000354219	TPM2	61	EVEKYSESVKE		psite
ENSP00000354219	TPM2	63	EKYSESVKEAQ		psite
ENSP00000354219	TPM2	79	AEKKATDAEAD		psite
ENSP00000354219	TPM2	87	EADVASLNRRI		psite
ENSP00000354219	TPM2	108	QERLATALQKL		psite
ENSP00000354219	TPM2	158	HIAEDSDRKYE		psite
ENSP00000354219	TPM2	188	AEVAESKCGDL		psite
ENSP00000354219	TPM2	252	AKLEKTIDDLE		psite
ENSP00000364336	TBXA2R	145	RPAVASQRRAW		psite
ENSP00000364336	TBXA2R	239	QRPRDSEVEMM	ADRBK1	psite
ENSP00000364336	TBXA2R	239	QRPRDSEVEMM	ADRBK2	psite
ENSP00000364336	TBXA2R	324	LQPRLSTRPRS	PRKCA	psite
ENSP00000364336	TBXA2R	329	STRPRSLSLQP	PRKACA	psite
ENSP00000364336	TBXA2R	329	STRPRSLSLQP	PRKCA	psite
ENSP00000364336	TBXA2R	331	RPRSLSLQPQL	PRKCA	psite
ENSP00000364336	TBXA2R	337	LQPQLTQRSGL	PRKCA	psite
ENSP00000263798	TYRO3	466	GQAFDSVMARG		psite
ENSP00000263798	TYRO3	543	KQEDGSFVKVA		psite
ENSP00000263798	TYRO3	682	SRKIYSGDYYR		psite
ENSP00000263798	TYRO3	818	PTAGGSLELPG		psite
ENSP00000344818	UBC	83	QIFVKTLTGKT		psite
ENSP00000344818	UBC	12	TLTGKTITLEV		psite
ENSP00000344818	UBC	14	TGKTITLEVEP		psite
ENSP00000344818	UBC	57	DGRTLSDYNIQ		psite
ENSP00000344818	UBC	65	NIQKESTLHLV		psite
ENSP00000344818	UBC	66	IQKESTLHLVL		psite
ENSP00000327246	VIPR1	250	AVSFFSERKYF		psite
ENSP00000327246	VIPR1	429	GSNGATCSTQV		psite
ENSP00000327246	VIPR1	435	CSTQVSMLTRV		psite
ENSP00000327246	VIPR1	447	PGARRSSSFQA		psite
ENSP00000275493	EGFR	1071	LQRYSSDPTGA		pelm
ENSP00000275493	EGFR	1078	PTGALTEDSID		pelm
ENSP00000275493	EGFR	768	AYVMASVDNPH		pelm
ENSP00000275493	EGFR	695	EPLTPSGEAPN		pelm
ENSP00000275493	EGFR	1081	ALTEDSIDDTF		pelm
ENSP00000275493	EGFR	1085	DSIDDTFLPVP		pelm
ENSP00000275493	EGFR	1104	KRPAGSVQNPV		pelm
ENSP00000275493	EGFR	1039	LLSSLSATSNN		pelm
ENSP00000275493	EGFR	993	HLPSPTDSNFY		pelm
ENSP00000275493	EGFR	995	PSPTDSNFYRA		pelm
ENSP00000275493	EGFR	1190	GIFKGSTAENA		pelm
ENSP00000275493	EGFR	1025	QQGFFSSPSTS		pelm
ENSP00000275493	EGFR	1028	FFSSPSTSRTP		pelm
ENSP00000275493	EGFR	1037	TPLLSSLSATS		pelm
ENSP00000275493	EGFR	1166	GSHQISLDNPD		pelm
ENSP00000275493	EGFR	1041	SSLSATSNNST		pelm
ENSP00000275493	EGFR	1042	SLSATSNNSTV		pelm
ENSP00000275493	EGFR	1045	ATSNNSTVACI		pelm
ENSP00000275493	EGFR	678	IVRKRTLRRLL		pelm
ENSP00000275493	EGFR	678	IVRKRTLRRLL	PRKCA	pelm
ENSP00000275493	EGFR	1064	PIKEDSFLQRY		pelm
ENSP00000275493	EGFR	1070	FLQRYSSDPTG		pelm
ENSP00000331358	GAST	96	DFGRRSAEDEN		pelm
ENSP00000272298	CALM2	80	RKMKDTDSEEE		pelm
ENSP00000291295	CALM3	80	RKMKDTDSEEE		pelm
ENSP00000349467	CALM1	80	RKMKDTDSEEE		pelm
ENSP00000272298	CALM2	102	GNGYISAAELR		pelm
ENSP00000291295	CALM3	102	GNGYISAAELR		pelm
ENSP00000349467	CALM1	102	GNGYISAAELR		pelm
ENSP00000257497	ANXA1	216	ERRKGTDVNVF		pelm
ENSP00000257497	ANXA1	24	QEYVQTVKSSK		pelm
ENSP00000257497	ANXA1	27	VQTVKSSKGGP		pelm
ENSP00000257497	ANXA1	27	VQTVKSSKGGP	PRKCA	pelm
ENSP00000257497	ANXA1	28	QTVKSSKGGPG		pelm
ENSP00000296930	NPM1	88	VQPTVSLGGFE		pelm
ENSP00000296930	NPM1	139	KLLSISGKRSA		pelm
ENSP00000296930	NPM1	125	EEDAESEDEEE		pelm
ENSP00000296930	NPM1	227	SKGQESFKKQE		pelm
ENSP00000296930	NPM1	243	PKGPSSVEDIK		pelm
ENSP00000296930	NPM1	78	KVTLATLKMSV		pelm
ENSP00000296930	NPM1	279	NCFRMTDQEAI		pelm
ENSP00000296930	NPM1	137	DVKLLSISGKR		pelm
ENSP00000296930	NPM1	260	IEKGGSLPKVE		pelm
ENSP00000296930	NPM1	75	SPIKVTLATLK		pelm
ENSP00000296930	NPM1	254	AKMQASIEKGG		pelm
ENSP00000305372	ADRB2	384	EDLPGTEDFVG	ADRBK1	pelm
ENSP00000305372	ADRB2	384	EDLPGTEDFVG	GRK5	pelm
ENSP00000305372	ADRB2	355	YGNGYSSNGNT		pelm
ENSP00000305372	ADRB2	262	GLRRSSKFCLK		pelm
ENSP00000305372	ADRB2	393	VGHQGTVPSDN	GRK5	pelm
ENSP00000305372	ADRB2	396	QGTVPSDNIDS	ADRBK1	pelm
ENSP00000305372	ADRB2	396	QGTVPSDNIDS	GRK5	pelm
ENSP00000305372	ADRB2	246	HVQNLSQVEQD		pelm
ENSP00000305372	ADRB2	401	SDNIDSQGRNC	ADRBK1	pelm
ENSP00000305372	ADRB2	401	SDNIDSQGRNC	GRK5	pelm
ENSP00000305372	ADRB2	407	QGRNCSTNDSL	ADRBK1	pelm
ENSP00000305372	ADRB2	407	QGRNCSTNDSL	GRK5	pelm
ENSP00000305372	ADRB2	356	GNGYSSNGNTG		pelm
ENSP00000305372	ADRB2	346	CLRRSSLKAYG		pelm
ENSP00000305372	ADRB2	345	LCLRRSSLKAY		pelm
ENSP00000335153	HSP90AA1	385	IEDVGSDEEEE		pelm
ENSP00000335153	HSP90AA1	385	IEDVGSDEEEE	CSNK2A1	pelm
ENSP00000335153	HSP90AA1	848	GDDDTSRMEEV		pelm
ENSP00000335153	HSP90AA1	847	EGDDDTSRMEE		pelm
ENSP00000335153	HSP90AA1	353	RDKEVSDDEAE		pelm
ENSP00000335153	HSP90AA1	374	KEEKESEDKPE		pelm
ENSP00000319984	CHRM2	302	RDDEITQDENT		pelm
ENSP00000319984	CHRM2	287	SSNDSTSVSAV		pelm
ENSP00000319984	CHRM2	286	ESSNDSTSVSA		pelm
ENSP00000319984	CHRM2	288	SNDSTSVSAVA		pelm
ENSP00000319984	CHRM2	283	EEKESSNDSTS		pelm
ENSP00000319984	CHRM2	234	DPVSPSLVQGR		pelm
ENSP00000319984	CHRM2	290	DSTSVSAVASN		pelm
ENSP00000319984	CHRM2	294	VSAVASNMRDD		pelm
ENSP00000319984	CHRM2	250	NNNMPSSDDGL		pelm
ENSP00000319984	CHRM2	271	PRDPVTENCVQ		pelm
ENSP00000319984	CHRM2	307	TQDENTVSTSL		pelm
ENSP00000319984	CHRM2	251	NNMPSSDDGLE		pelm
ENSP00000319984	CHRM2	310	ENTVSTSLGHS		pelm
ENSP00000319984	CHRM2	309	DENTVSTSLGH		pelm
ENSP00000319984	CHRM2	282	GEEKESSNDST		pelm
ENSP00000319984	CHRM2	311	NTVSTSLGHSK		pelm
ENSP00000234313	PLEK	113	KFARKSTRRSI		pelm
ENSP00000234313	PLEK	113	KFARKSTRRSI	PRKCA	pelm
ENSP00000234313	PLEK	114	FARKSTRRSIR		pelm
ENSP00000234313	PLEK	117	KSTRRSIRLPE		pelm
ENSP00000234313	PLEK	117	KSTRRSIRLPE	PRKCA	pelm
ENSP00000350941	SRC	69	FGGFNSSDTVT		pelm
ENSP00000350941	SRC	97	LYDYESRTETD		pelm
ENSP00000350941	SRC	74	SSDTVTSPQRA		pelm
ENSP00000350941	SRC	12	KPKDASQRRRS		pelm
ENSP00000350941	SRC	17	SQRRRSLEPAE		pelm
ENSP00000338934	EZR	567	RDKYKTLRQIR		pelm
ENSP00000338934	EZR	567	RDKYKTLRQIR	ADRBK1	pelm
ENSP00000338934	EZR	567	RDKYKTLRQIR	AKT2	pelm
ENSP00000338934	EZR	567	RDKYKTLRQIR	ROCK1	pelm
ENSP00000358866	FLNA	2523	GPRLVSNHSLH		pelm
ENSP00000358866	FLNA	2158	VANVGSHCDLS		pelm
ENSP00000358866	FLNA	1334	HSVDVTYDGSP		pelm
ENSP00000358866	FLNA	2053	SRVRVSGQGLH		pelm
ENSP00000358866	FLNA	2152	RRRAPSVANVG		pelm
ENSP00000358866	FLNA	2152	RRRAPSVANVG	PAK1	pelm
ENSP00000358866	FLNA	1081	GLQGGSAGSPA		pelm
ENSP00000263025	MAPK3	202	HTGFLTEYVAT		pelm
ENSP00000263025	MAPK3	202	HTGFLTEYVAT	MAP2K1	pelm
ENSP00000263025	MAPK3	202	HTGFLTEYVAT	MAP2K2	pelm
ENSP00000307713	BDKRB2	366	IQMENSMGTLR	GRK4	pelm
ENSP00000307713	BDKRB2	373	GTLRTSISVER		pelm
ENSP00000307713	BDKRB2	373	GTLRTSISVER	PRKCA	pelm
ENSP00000307713	BDKRB2	373	GTLRTSISVER	GRK4	pelm
ENSP00000307713	BDKRB2	375	LRTSISVERQI	GRK4	pelm
ENSP00000269260	ARRB2	382	DTNYATDDDIV		pelm
ENSP00000269260	ARRB2	382	DTNYATDDDIV	CSNK2A1	pelm
ENSP00000304895	IRS1	268	EFRPRSKSQSS		pelm
ENSP00000304895	IRS1	24	LRKPKSMHKRF		pelm
ENSP00000304895	IRS1	24	LRKPKSMHKRF	PLK1	pelm
ENSP00000304895	IRS1	270	RPRSKSQSSSN		pelm
ENSP00000304895	IRS1	527	RKRTHSAGTSP		pelm
ENSP00000304895	IRS1	272	RSKSQSSSNCS		pelm
ENSP00000304895	IRS1	274	KSQSSSNCSNP		pelm
ENSP00000304895	IRS1	794	LRLSTSSGRLL		pelm
ENSP00000304895	IRS1	794	LRLSTSSGRLL	SIK1	pelm
ENSP00000304895	IRS1	307	RSRTESITATS		pelm
ENSP00000304895	IRS1	307	RSRTESITATS	PRKCD	pelm
ENSP00000304895	IRS1	574	PGHRHSAFVPT		pelm
ENSP00000304895	IRS1	574	PGHRHSAFVPT	PRKCD	pelm
ENSP00000304895	IRS1	323	GGKPGSFRVRA		pelm
ENSP00000304895	IRS1	323	GGKPGSFRVRA	PRKCZ	pelm
ENSP00000304895	IRS1	1222	SSTRRSSEDLS		pelm
ENSP00000304895	IRS1	1223	STRRSSEDLSA		pelm
ENSP00000304895	IRS1	1101	RRRHSSETFSS		pelm
ENSP00000304895	IRS1	1101	RRRHSSETFSS	RPS6KA1	pelm
ENSP00000304895	IRS1	341	MSRPASVDGSP		pelm
ENSP00000304895	IRS1	1111	STPSATRVGNT		pelm
ENSP00000304895	IRS1	530	THSAGTSPTIT		pelm
ENSP00000304895	IRS1	629	SGRKGSGDYMP		pelm
ENSP00000304895	IRS1	374	LNHSRSIPMPA		pelm
ENSP00000304895	IRS1	1145	RHSSASFENVW		pelm
ENSP00000304895	IRS1	639	PMSPKSVSAPQ		pelm
ENSP00000417281	MDM2	266	DSEDYSLSEEG		pelm
ENSP00000417281	MDM2	172	RRRAISETEEN		pelm
ENSP00000417281	MDM2	172	RRRAISETEEN	DAPK3	pelm
ENSP00000417281	MDM2	268	EDYSLSEEGQE		pelm
ENSP00000417281	MDM2	401	ESEDYSQPSTS	ATM	pelm
ENSP00000417281	MDM2	275	EGQELSDEDDE		pelm
ENSP00000417281	MDM2	246	WLDQDSVSDQF		pelm
ENSP00000417281	MDM2	248	DQDSVSDQFSV		pelm
ENSP00000417281	MDM2	252	VSDQFSVEFEV		pelm
ENSP00000417281	MDM2	413	SIIYSSQEDVK	ATR	pelm
ENSP00000417281	MDM2	192	RKRHKSDSISL		pelm
ENSP00000417281	MDM2	194	RHKSDSISLSF		pelm
ENSP00000417281	MDM2	163	LVSRPSTSSRR		pelm
ENSP00000339191	CAV1	37	MADELSEKQVY		pelm
ENSP00000339191	CAV1	168	VGKIFSNVRIN		pelm
ENSP00000339191	CAV1	80	PEGTHSFDGIW		pelm
ENSP00000339191	CAV1	88	GIWKASFTTFT		pelm
ENSP00000351273	CASP8	278	EQDSESQTLDK		pelm
ENSP00000351273	CASP8	406	GLKCPSLAGKP	MAPK14	pelm
ENSP00000338345	SNCA	129	AYEMPSEEGYQ		pelm
ENSP00000338345	SNCA	129	AYEMPSEEGYQ	ADRBK1	pelm
ENSP00000338345	SNCA	129	AYEMPSEEGYQ	GRK5	pelm
ENSP00000338345	SNCA	129	AYEMPSEEGYQ	CSNK1A1	pelm
ENSP00000338345	SNCA	129	AYEMPSEEGYQ	CSNK2A1	pelm
ENSP00000338345	SNCA	87	VEGAGSIAAAT		pelm
ENSP00000338345	SNCA	87	VEGAGSIAAAT	DYRK1A	pelm
ENSP00000331602	PRKCD	645	EKARLSYSDKN		pelm
ENSP00000331602	PRKCD	299	VTQRASRRSDS		pelm
ENSP00000331602	PRKCD	302	RASRRSDSASS		pelm
ENSP00000331602	PRKCD	304	SRRSDSASSEP		pelm
ENSP00000331602	PRKCD	507	ESRASTFCGTP		pelm
ENSP00000331602	PRKCD	507	ESRASTFCGTP	PDK1	pelm
ENSP00000331602	PRKCD	664	AFAGFSFVNPK		pelm
ENSP00000262613	SLC9A3R1	162	MKKGPSGYGFN	PRKCA	pelm
ENSP00000262613	SLC9A3R1	290	LVRSASSDTSE		pelm
ENSP00000262613	SLC9A3R1	290	LVRSASSDTSE	GRK6	pelm
ENSP00000262613	SLC9A3R1	291	VRSASSDTSEE		pelm
ENSP00000262613	SLC9A3R1	293	SASSDTSEELN		pelm
ENSP00000262613	SLC9A3R1	269	IQKENSREALA		pelm
ENSP00000262613	SLC9A3R1	316	PSSTSSSDPIL		pelm
ENSP00000296271	RHO	338	ASATVSKTETS		pelm
ENSP00000296271	RHO	338	ASATVSKTETS	GRK1	pelm
ENSP00000296271	RHO	340	ATVSKTETSQV		pelm
ENSP00000296271	RHO	334	GDDEASATVSK		pelm
ENSP00000296271	RHO	334	GDDEASATVSK	GRK1	pelm
ENSP00000296271	RHO	343	SKTETSQVAPA		pelm
ENSP00000296271	RHO	343	SKTETSQVAPA	GRK1	pelm
ENSP00000280155	ADRA2A	247	TRVPPSRRGPD		pelm
ENSP00000280155	ADRA2A	314	EESSSSDHAER		pelm
ENSP00000280155	ADRA2A	313	LEESSSSDHAE		pelm
ENSP00000280155	ADRA2A	312	DLEESSSSDHA		pelm
ENSP00000280155	ADRA2A	311	LDLEESSSSDH		pelm
ENSP00000305416	S1PR1	236	RSRRLTFRKNI		pelm
ENSP00000302707	FPR1	328	ALTEDSTQTSD	ADRBK1	pelm
ENSP00000302707	FPR1	329	LTEDSTQTSDT	ADRBK1	pelm
ENSP00000302707	FPR1	331	EDSTQTSDTAT	ADRBK1	pelm
ENSP00000302707	FPR1	332	DSTQTSDTATN	ADRBK1	pelm
ENSP00000302707	FPR1	334	TQTSDTATNST	ADRBK1	pelm
ENSP00000302707	FPR1	336	TSDTATNSTLP	ADRBK1	pelm
ENSP00000302707	FPR1	338	DTATNSTLPSA	ADRBK1	pelm
ENSP00000319635	CXCR2	352	SFVGSSSGHTS		pelm
ENSP00000319635	CXCR2	353	FVGSSSGHTST		pelm
ENSP00000319635	CXCR2	347	KDSRPSFVGSS		pelm
ENSP00000319635	CXCR2	351	PSFVGSSSGHT		pelm
ENSP00000340191	FPR2	236	KGMIKSSRPLR		pelm
ENSP00000340191	FPR2	237	GMIKSSRPLRV		pelm
ENSP00000321326	F2R	384	QRYVYSILCCK		pelm
ENSP00000321326	F2R	418	SNLNNSIYKKL		pelm
ENSP00000321326	F2R	391	LCCKESSDPSS		pelm
ENSP00000321326	F2R	392	CCKESSDPSSY		pelm
ENSP00000321326	F2R	395	ESSDPSSYNSS		pelm
ENSP00000321326	F2R	396	SSDPSSYNSSG		pelm
ENSP00000321326	F2R	399	PSSYNSSGQLM		pelm
ENSP00000321326	F2R	400	SSYNSSGQLMA		pelm
ENSP00000321326	F2R	406	GQLMASKMDTC		pelm
ENSP00000321326	F2R	375	IYYYASSECQR		pelm
ENSP00000321326	F2R	376	YYYASSECQRY		pelm
ENSP00000321326	F2R	410	ASKMDTCSSNL		pelm
ENSP00000321326	F2R	412	KMDTCSSNLNN		pelm
ENSP00000321326	F2R	413	MDTCSSNLNNS		pelm
ENSP00000350132	PLN	17	IRRASTIEMPQ		pelm
ENSP00000350132	PLN	16	AIRRASTIEMP		pelm
ENSP00000262958	GNA15	336	KKGARSRRLFS		pelm
ENSP00000299766	MC4R	312	QELRKTFKEII		pelm
ENSP00000234961	OPRD1	344	RPDPSSFSRAR		pelm
ENSP00000234961	OPRD1	363	TACTPSDGPGG	ADRBK1	pelm
ENSP00000234961	OPRD1	358	ARERVTACTPS	ADRBK1	pelm
ENSP00000296154	CASR	888	VAARATLRRSN		pelm
ENSP00000296154	CASR	888	VAARATLRRSN	PRKCA	pelm
ENSP00000235382	RGS2	64	KTGKKSKQQAF	PRKG1	pelm
ENSP00000235382	RGS2	46	WKTRLSYFLQN	PRKG1	pelm
ENSP00000292303	CCR5	336	APERASSVYTR		pelm
ENSP00000292303	CCR5	336	APERASSVYTR	ADRBK2	pelm
ENSP00000292303	CCR5	337	PERASSVYTRS		pelm
ENSP00000292303	CCR5	337	PERASSVYTRS	ADRBK2	pelm
ENSP00000292303	CCR5	342	SVYTRSTGEQE		pelm
ENSP00000292303	CCR5	342	SVYTRSTGEQE	ADRBK2	pelm
ENSP00000282753	GRM1	695	KKKICTRKPRF		pelm
ENSP00000322419	RPLP2	16	ALGGNSSPSAK		pelm
ENSP00000322419	RPLP2	105	EESEESDDDMG		pelm
ENSP00000322419	RPLP2	105	EESEESDDDMG	ADRBK1	pelm
ENSP00000322419	RPLP2	79	SAAPGSAAPAA		pelm
ENSP00000322419	RPLP2	86	APAAGSAPAAA		pelm
ENSP00000322419	RPLP2	102	EKKEESEESDD		pelm
ENSP00000322419	RPLP2	102	EKKEESEESDD	ADRBK1	pelm
ENSP00000322419	RPLP2	64	IGKLASVPAGG		pelm
ENSP00000334061	HDAC6	30	QDSSVTSKRNI		pelm
ENSP00000378338	GIT1	134	TAKDLSKQLHS		pelm
ENSP00000378338	GIT1	426	DSSDLSDGAVT		pelm
ENSP00000378338	GIT1	394	QHDYDSVASDE		pelm
ENSP00000378338	GIT1	382	ELSLRSQSDLD		pelm
ENSP00000378338	GIT1	601	LSRHGSGADSD		pelm
ENSP00000378338	GIT1	397	YDSVASDEDTD		pelm
ENSP00000378338	GIT1	422	ARSMDSSDLSD		pelm
ENSP00000378338	GIT1	401	ASDEDTDQEPL		pelm
ENSP00000378338	GIT1	373	SLSSPTDNLEL		pelm
ENSP00000378338	GIT1	423	RSMDSSDLSDG		pelm
ENSP00000378338	GIT1	605	GSGADSDYENT		pelm
ENSP00000378338	GIT1	419	SNRARSMDSSD		pelm
ENSP00000378338	GIT1	517	DRQAFSMYEPG		pelm
ENSP00000347464	GIT2	397	YDSVASDEDTD		pelm
ENSP00000347464	GIT2	394	QPDYDSVASDE		pelm
ENSP00000347464	GIT2	614	KGRQRSMVWPG		pelm
ENSP00000347464	GIT2	559	VTSSSSLPSFP		pelm
ENSP00000347464	GIT2	488	VYQVQTGSEYT		pelm
ENSP00000347464	GIT2	496	EYTDTSNHSSL		pelm
ENSP00000307445	LTB4R	308	KLLEGTGSEAS	GRK6	pelm
ENSP00000284878	CXADR	323	YNQVPSEDFER		pelm
ENSP00000284878	CXADR	293	TSTARSYIGSN		pelm
ENSP00000309591	PRKACA	339	EEIRVSINEKC		pelm
ENSP00000309591	PRKACA	198	KGRTWTLCGTP		pelm
ENSP00000305355	PRKCB	500	GVTTKTFCGTP		pelm
ENSP00000295006	CAPN2	50	LFQDPSFPAIP	MAPK3	pelm
ENSP00000295006	CAPN2	50	LFQDPSFPAIP	MAPK1	pelm
ENSP00000295006	CAPN2	370	WRRGSTAGGCR		pelm
ENSP00000295006	CAPN2	369	NWRRGSTAGGC		pelm
ENSP00000225983	HDAC5	260	LRKTASEPNLK	CAMKK1	pelm
ENSP00000225983	HDAC5	499	LSRTQSSPLPQ	CAMKK1	pelm
ENSP00000261313	PEBP1	153	KFKVASFRKKY	PRKCA	pelm
ENSP00000261313	PEBP1	153	KFKVASFRKKY	PRKCD	pelm
ENSP00000261313	PEBP1	52	KNRPTSISWDG		pelm
ENSP00000263431	PRKCG	511	VFPGTTTRTFC		pelm
ENSP00000263431	PRKCG	510	NVFPGTTTRTF		pelm
ENSP00000263431	PRKCG	674	DFQGFTYVNPD		pelm
ENSP00000263431	PRKCG	512	FPGTTTRTFCG		pelm
ENSP00000263431	PRKCG	514	GTTTRTFCGTP		pelm
ENSP00000259467	PDCL	293	SATCHSEDSDL		pelm
ENSP00000259467	PDCL	18	LQYYYSSSEDE		pelm
ENSP00000259467	PDCL	296	CHSEDSDLEID		pelm
ENSP00000259467	PDCL	20	YYYSSSEDEDS		pelm
ENSP00000264832	ICAM1	527	PMKPNTQATPP		pelm
ENSP00000386884	CXCR4	343	RGGHSSVSTES		pelm
ENSP00000386884	CXCR4	342	KRGGHSSVSTE		pelm
ENSP00000386884	CXCR4	345	GHSSVSTESES		pelm
ENSP00000386884	CXCR4	334	SLKILSKGKRG		pelm
ENSP00000386884	CXCR4	323	QHALTSVSRGS		pelm
ENSP00000386884	CXCR4	329	VSRGSSLKILS		pelm
ENSP00000386884	CXCR4	325	ALTSVSRGSSL		pelm
ENSP00000386884	CXCR4	328	SVSRGSSLKIL		pelm
ENSP00000386884	CXCR4	351	TESESSSFHSS		pelm
ENSP00000386884	CXCR4	350	STESESSSFHS		pelm
ENSP00000253332	AKAP12	219	DHKDPSLGAGE		pelm
ENSP00000253332	AKAP12	698	RRGSSSDEEGG		pelm
ENSP00000253332	AKAP12	505	VEMLSSQERMK		pelm
ENSP00000253332	AKAP12	627	RVRRPSESDKE		pelm
ENSP00000253332	AKAP12	887	KELSESQVHMM		pelm
ENSP00000253332	AKAP12	388	EQVSGSQGPSE		pelm
ENSP00000253332	AKAP12	732	GILAGSQEHDP		pelm
ENSP00000253332	AKAP12	629	RRPSESDKEDE		pelm
ENSP00000253332	AKAP12	612	VTPWASFKKMV		pelm
ENSP00000253332	AKAP12	598	EEGATSDGEKK		pelm
ENSP00000246891	CSN1S1	33	QNPSESSEPIP		pelm
ENSP00000246891	CSN1S1	90	SSISSSSEEMS		pelm
ENSP00000246891	CSN1S1	41	PIPLESREEYM		pelm
ENSP00000304767	P2RY1	354	NLQSKSEDMTL		pelm
ENSP00000304767	P2RY1	352	EANLQSKSEDM		pelm
ENSP00000368020	KIF3A	687	GRRKRSAKPET		pelm
ENSP00000270474	PDE4A	145	SQRRESFLYRS		pelm
ENSP00000270474	PDE4A	152	LYRSDSDYDMS		pelm
ENSP00000295897	ALB	297	QDSISSKLKEC		hprd
ENSP00000295897	ALB	294	CENQDSISSKL		hprd
ENSP00000295897	ALB	82	CVADESAENCD		hprd
ENSP00000280155	ADRA2A	311	LDLEESSSSDH	ADRBK1	hprd
ENSP00000280155	ADRA2A	312	DLEESSSSDHA	ADRBK1	hprd
ENSP00000280155	ADRA2A	313	LEESSSSDHAE	ADRBK1	hprd
ENSP00000280155	ADRA2A	314	EESSSSDHAER	ADRBK1	hprd
ENSP00000280155	ADRA2A	247	TRVPPSRRGPD	PRKCD	hprd
ENSP00000280155	ADRA2A	339	GKARASQVKPG		hprd
ENSP00000280155	ADRA2A	346	VKPGDSLPRRG		hprd
ENSP00000306662	ADRA1B	396	WTRGGSLERSQ	PRKCA	hprd
ENSP00000306662	ADRA1B	402	LERSQSRKDSL	PRKCA	hprd
ENSP00000306662	ADRA1B	406	QSRKDSLDDSG	PRKCA	hprd
ENSP00000306662	ADRA1B	410	DSLDDSGSCLS	PRKCA	hprd
ENSP00000306662	ADRA1B	412	LDDSGSCLSGS	PRKCA	hprd
ENSP00000284981	APP	441	QEKVESLEQEA		hprd
ENSP00000269260	ARRB2	382	DTNYATDDDIV	CSNK2A1	hprd
ENSP00000305372	ADRB2	364	NTGEQSGYHVE		hprd
ENSP00000305372	ADRB2	261	HGLRRSSKFCL	PRKCD	hprd
ENSP00000305372	ADRB2	262	GLRRSSKFCLK	PRKCD	hprd
ENSP00000305372	ADRB2	345	LCLRRSSLKAY	PRKCD	hprd
ENSP00000305372	ADRB2	346	CLRRSSLKAYG	PRKCD	hprd
ENSP00000305372	ADRB2	384	EDLPGTEDFVG	GRK5	hprd
ENSP00000305372	ADRB2	393	VGHQGTVPSDN	GRK5	hprd
ENSP00000305372	ADRB2	396	QGTVPSDNIDS	GRK5	hprd
ENSP00000305372	ADRB2	401	SDNIDSQGRNC	GRK5	hprd
ENSP00000305372	ADRB2	407	QGRNCSTNDSL	GRK5	hprd
ENSP00000305372	ADRB2	246	HVQNLSQVEQD		hprd
ENSP00000307713	BDKRB2	358	KGGCRSEPIQM		hprd
ENSP00000307713	BDKRB2	369	ENSMGTLRTSI		hprd
ENSP00000307713	BDKRB2	366	IQMENSMGTLR	ADRBK1	hprd
ENSP00000307713	BDKRB2	373	GTLRTSISVER	ADRBK1	hprd
ENSP00000307713	BDKRB2	375	LRTSISVERQI	ADRBK1	hprd
ENSP00000272298	CALM2	102	GNGYISAAELR		hprd
ENSP00000291295	CALM3	102	GNGYISAAELR		hprd
ENSP00000349467	CALM1	102	GNGYISAAELR		hprd
ENSP00000246891	CSN1S1	34	NPSESSEPIPL		hprd
ENSP00000246891	CSN1S1	41	PIPLESREEYM		hprd
ENSP00000246891	CSN1S1	91	SISSSSEEMSL		hprd
ENSP00000246891	CSN1S1	95	SSEEMSLSKCA		hprd
ENSP00000246891	CSN1S1	89	ESSISSSSEEM		hprd
ENSP00000246891	CSN1S1	90	SSISSSSEEMS		hprd
ENSP00000246891	CSN1S1	33	QNPSESSEPIP		hprd
ENSP00000338934	EZR	567	RDKYKTLRQIR	PRKCA	hprd
ENSP00000338934	EZR	539	LSSELSQARDE		hprd
ENSP00000338934	EZR	536	LLTLSSELSQA		hprd
ENSP00000275493	EGFR	678	IVRKRTLRRLL	PRKCD	hprd
ENSP00000275493	EGFR	695	EPLTPSGEAPN		hprd
ENSP00000275493	EGFR	1070	FLQRYSSDPTG	CAMK2G	hprd
ENSP00000275493	EGFR	1071	LQRYSSDPTGA	CAMK2G	hprd
ENSP00000275493	EGFR	1064	PIKEDSFLQRY	CAMK2A	hprd
ENSP00000275493	EGFR	1081	ALTEDSIDDTF	CAMK2A	hprd
ENSP00000275493	EGFR	1120	LNPAPSRDPHY	CAMK2A	hprd
ENSP00000275493	EGFR	1166	GSHQISLDNPD	CAMK2A	hprd
ENSP00000275493	EGFR	768	AYVMASVDNPH	CAMK2A	hprd
ENSP00000275493	EGFR	995	PSPTDSNFYRA		hprd
ENSP00000275493	EGFR	1042	SLSATSNNSTV		hprd
ENSP00000275493	EGFR	1036	RTPLLSSLSAT		hprd
ENSP00000275493	EGFR	1037	TPLLSSLSATS		hprd
ENSP00000275493	EGFR	1045	ATSNNSTVACI		hprd
ENSP00000275493	EGFR	1041	SSLSATSNNST		hprd
ENSP00000275493	EGFR	1039	LLSSLSATSNN		hprd
ENSP00000275493	EGFR	993	HLPSPTDSNFY		hprd
ENSP00000275493	EGFR	1025	QQGFFSSPSTS		hprd
ENSP00000275493	EGFR	1028	FFSSPSTSRTP		hprd
ENSP00000275493	EGFR	1078	PTGALTEDSID		hprd
ENSP00000275493	EGFR	1085	DSIDDTFLPVP		hprd
ENSP00000275493	EGFR	725	SGAFGTVYKGL		hprd
ENSP00000275493	EGFR	290	YSFGATCVKKC		hprd
ENSP00000275493	EGFR	720	IKVLGSGAFGT		hprd
ENSP00000302707	FPR1	328	ALTEDSTQTSD	ADRBK1	hprd
ENSP00000302707	FPR1	329	LTEDSTQTSDT	ADRBK1	hprd
ENSP00000302707	FPR1	331	EDSTQTSDTAT	ADRBK1	hprd
ENSP00000302707	FPR1	332	DSTQTSDTATN	ADRBK1	hprd
ENSP00000302707	FPR1	334	TQTSDTATNST	ADRBK1	hprd
ENSP00000302707	FPR1	336	TSDTATNSTLP	ADRBK1	hprd
ENSP00000302707	FPR1	338	DTATNSTLPSA	ADRBK1	hprd
ENSP00000302707	FPR1	339	TATNSTLPSAE	ADRBK1	hprd
ENSP00000340191	FPR2	236	KGMIKSSRPLR		hprd
ENSP00000340191	FPR2	237	GMIKSSRPLRV		hprd
ENSP00000331358	GAST	96	DFGRRSAEDEN		hprd
ENSP00000383558	GCGR	456	GRGGGSQDSSA		hprd
ENSP00000262958	GNA15	336	KKGARSRRLFS	PRKCA	hprd
ENSP00000335153	HSP90AA1	353	RDKEVSDDEAE	CSNK2A1	hprd
ENSP00000335153	HSP90AA1	127	LMPEETQTQDQ	PRKDC	hprd
ENSP00000335153	HSP90AA1	129	PEETQTQDQPM	PRKDC	hprd
ENSP00000335153	HSP90AA1	385	IEDVGSDEEEE	CSNK2A1	hprd
ENSP00000335153	HSP90AA1	374	KEEKESEDKPE		hprd
ENSP00000335153	HSP90AA1	847	EGDDDTSRMEE		hprd
ENSP00000335153	HSP90AA1	848	GDDDTSRMEEV		hprd
ENSP00000335153	HSP90AA1	210	NKQDRTLTIVD		hprd
ENSP00000335153	HSP90AA1	212	QDRTLTIVDTG		hprd
ENSP00000335153	HSP90AA1	763	INPDHSIIETL		hprd
ENSP00000335153	HSP90AA1	437	GEFYKSLTNDW		hprd
ENSP00000335153	HSP90AA1	826	DEDDPTADDTS		hprd
ENSP00000335153	HSP90AA1	830	PTADDTSAAVT		hprd
ENSP00000335153	HSP90AA1	831	TADDTSAAVTE		hprd
ENSP00000335153	HSP90AA1	711	EKVVVSNRLVT		hprd
ENSP00000335153	HSP90AA1	795	ETALLSSGFSL		hprd
ENSP00000335153	HSP90AA1	796	TALLSSGFSLE		hprd
ENSP00000335153	HSP90AA1	799	LSSGFSLEDPQ		hprd
ENSP00000335153	HSP90AA1	805	LEDPQTHANRI		hprd
ENSP00000319635	CXCR2	347	KDSRPSFVGSS		hprd
ENSP00000319635	CXCR2	351	PSFVGSSSGHT		hprd
ENSP00000319635	CXCR2	352	SFVGSSSGHTS		hprd
ENSP00000319635	CXCR2	353	FVGSSSGHTST		hprd
ENSP00000304895	IRS1	794	LRLSTSSGRLL		hprd
ENSP00000304895	IRS1	502	GTGLGTSPALA	CSNK2A1	hprd
ENSP00000304895	IRS1	24	LRKPKSMHKRF	CSNK2B	hprd
ENSP00000304895	IRS1	330	RVRASSDGEGT	CSNK2B	hprd
ENSP00000304895	IRS1	811	DSSSSTSSDSL	CSNK2B	hprd
ENSP00000304895	IRS1	88	LVALYTRDEHF	CSNK2B	hprd
ENSP00000304895	IRS1	99	AIAADSEAEQD	CSNK2B	hprd
ENSP00000304895	IRS1	268	EFRPRSKSQSS	IKBKB	hprd
ENSP00000304895	IRS1	270	RPRSKSQSSSN	IKBKB	hprd
ENSP00000304895	IRS1	272	RSKSQSSSNCS	IKBKB	hprd
ENSP00000304895	IRS1	274	KSQSSSNCSNP	IKBKB	hprd
ENSP00000304895	IRS1	307	RSRTESITATS	IKBKB	hprd
ENSP00000304895	IRS1	341	MSRPASVDGSP	IKBKB	hprd
ENSP00000304895	IRS1	527	RKRTHSAGTSP	IKBKB	hprd
ENSP00000304895	IRS1	1101	RRRHSSETFSS	PRKCQ	hprd
ENSP00000304895	IRS1	629	SGRKGSGDYMP		hprd
ENSP00000304895	IRS1	574	PGHRHSAFVPT		hprd
ENSP00000304895	IRS1	1223	STRRSSEDLSA		hprd
ENSP00000304895	IRS1	1143	VKRHSSASFEN		hprd
ENSP00000304895	IRS1	1145	RHSSASFENVW		hprd
ENSP00000304895	IRS1	1103	RHSSETFSSTP		hprd
ENSP00000304895	IRS1	1100	CRRRHSSETFS		hprd
ENSP00000304895	IRS1	351	PVSPSTNRTHA		hprd
ENSP00000304895	IRS1	766	VLSYYSLPRSF		hprd
ENSP00000264832	ICAM1	527	PMKPNTQATPP		hprd
ENSP00000264832	ICAM1	323	TKPEVSEGTEV		hprd
ENSP00000257497	ANXA1	216	ERRKGTDVNVF		hprd
ENSP00000257497	ANXA1	27	VQTVKSSKGGP	PRKCI	hprd
ENSP00000257497	ANXA1	170	AKDITSDTSGD		hprd
ENSP00000299766	MC4R	312	QELRKTFKEII	ADRBK1	hprd
ENSP00000386884	CXCR4	350	STESESSSFHS		hprd
ENSP00000386884	CXCR4	325	ALTSVSRGSSL		hprd
ENSP00000386884	CXCR4	329	VSRGSSLKILS		hprd
ENSP00000386884	CXCR4	322	AQHALTSVSRG		hprd
ENSP00000386884	CXCR4	328	SVSRGSSLKIL		hprd
ENSP00000386884	CXCR4	323	QHALTSVSRGS		hprd
ENSP00000386884	CXCR4	22	TEEMGSGDYDS		hprd
ENSP00000338345	SNCA	87	VEGAGSIAAAT		hprd
ENSP00000338345	SNCA	129	AYEMPSEEGYQ	ADRBK1	hprd
ENSP00000338345	SNCA	9	FMKGLSKAKEG	GRK6	hprd
ENSP00000296930	NPM1	125	EEDAESEDEEE		hprd
ENSP00000296930	NPM1	227	SKGQESFKKQE		hprd
ENSP00000296930	NPM1	254	AKMQASIEKGG		hprd
ENSP00000296930	NPM1	139	KLLSISGKRSA		hprd
ENSP00000296930	NPM1	260	IEKGGSLPKVE		hprd
ENSP00000296930	NPM1	243	PKGPSSVEDIK		hprd
ENSP00000296930	NPM1	195	APVKKSIRDTP		hprd
ENSP00000296930	NPM1	137	DVKLLSISGKR		hprd
ENSP00000296930	NPM1	75	SPIKVTLATLK		hprd
ENSP00000296930	NPM1	43	NEHQLSLRTVS		hprd
ENSP00000296930	NPM1	78	KVTLATLKMSV		hprd
ENSP00000296930	NPM1	88	VQPTVSLGGFE		hprd
ENSP00000296930	NPM1	279	NCFRMTDQEAI		hprd
ENSP00000296930	NPM1	106	RLKCGSGPVHI		hprd
ENSP00000296930	NPM1	112	GPVHISGQHLV		hprd
ENSP00000296930	NPM1	46	QLSLRTVSLGA		hprd
ENSP00000296930	NPM1	242	TPKGPSSVEDI		hprd
ENSP00000296930	NPM1	222	SSTPRSKGQES		hprd
ENSP00000296930	NPM1	217	KDSKPSSTPRS		hprd
ENSP00000296930	NPM1	218	DSKPSSTPRSK		hprd
ENSP00000417281	MDM2	172	RRRAISETEEN	AKT1	hprd
ENSP00000417281	MDM2	192	RKRHKSDSISL	AKT1	hprd
ENSP00000417281	MDM2	401	ESEDYSQPSTS	ATM	hprd
ENSP00000417281	MDM2	166	RPSTSSRRRAI	AKT1	hprd
ENSP00000234961	OPRD1	344	RPDPSSFSRAR	PRKCA	hprd
ENSP00000234961	OPRD1	358	ARERVTACTPS	ADRBK1	hprd
ENSP00000234961	OPRD1	363	TACTPSDGPGG	ADRBK1	hprd
ENSP00000375855	PDC	73	VSRKMSIQEYE	PRKACA	hprd
ENSP00000375855	PDC	54	ILRQMSSPQSR	CAMK2A	hprd
ENSP00000350132	PLN	16	AIRRASTIEMP	PRKACA	hprd
ENSP00000350132	PLN	17	IRRASTIEMPQ		hprd
ENSP00000305355	PRKCB	500	GVTTKTFCGTP		hprd
ENSP00000305355	PRKCB	16	SEGEESTVRFA	PRKCB	hprd
ENSP00000305355	PRKCB	17	EGEESTVRFAR	PRKCB	hprd
ENSP00000305355	PRKCB	11	AGPPPSEGEES		hprd
ENSP00000305355	PRKCB	654	RNIDQSEFEGF		hprd
ENSP00000305355	PRKCB	660	EFEGFSFVNSE		hprd
ENSP00000331602	PRKCD	645	EKARLSYSDKN	PRKCD	hprd
ENSP00000331602	PRKCD	664	AFAGFSFVNPK	PRKCZ	hprd
ENSP00000331602	PRKCD	507	ESRASTFCGTP	PDPK1	hprd
ENSP00000331602	PRKCD	130	VDCKQSMRSED		hprd
ENSP00000331602	PRKCD	299	VTQRASRRSDS		hprd
ENSP00000331602	PRKCD	302	RASRRSDSASS		hprd
ENSP00000331602	PRKCD	304	SRRSDSASSEP		hprd
ENSP00000331602	PRKCD	306	RSDSASSEPVG		hprd
ENSP00000331602	PRKCD	307	SDSASSEPVGI		hprd
ENSP00000331602	PRKCD	506	GESRASTFCGT		hprd
ENSP00000331602	PRKCD	647	ARLSYSDKNLI		hprd
ENSP00000331602	PRKCD	654	KNLIDSMDQSA		hprd
ENSP00000331602	PRKCD	658	DSMDQSAFAGF		hprd
ENSP00000331602	PRKCD	331	DMQDNSGTYGK		hprd
ENSP00000331602	PRKCD	37	MKEALSTERGK		hprd
ENSP00000331602	PRKCD	503	NIFGESRASTF		hprd
ENSP00000331602	PRKCD	43	TERGKTLVQKK		hprd
ENSP00000331602	PRKCD	50	VQKKPTMYPEW		hprd
ENSP00000331602	PRKCD	333	QDNSGTYGKIW		hprd
ENSP00000331602	PRKCD	295	ALNQVTQRASR		hprd
ENSP00000263431	PRKCG	510	NVFPGTTTRTF		hprd
ENSP00000263431	PRKCG	511	VFPGTTTRTFC		hprd
ENSP00000263431	PRKCG	512	FPGTTTRTFCG		hprd
ENSP00000263431	PRKCG	514	GTTTRTFCGTP		hprd
ENSP00000296271	RHO	340	ATVSKTETSQV		hprd
ENSP00000296271	RHO	334	GDDEASATVSK	PRKCA	hprd
ENSP00000296271	RHO	336	DEASATVSKTE	PRKCA	hprd
ENSP00000296271	RHO	338	ASATVSKTETS	GRK1	hprd
ENSP00000296271	RHO	343	SKTETSQVAPA	GRK1	hprd
ENSP00000322419	RPLP2	105	EESEESDDDMG	ADRBK1	hprd
ENSP00000322419	RPLP2	102	EKKEESEESDD	ADRBK1	hprd
ENSP00000322419	RPLP2	16	ALGGNSSPSAK		hprd
ENSP00000322419	RPLP2	64	IGKLASVPAGG		hprd
ENSP00000322419	RPLP2	79	SAAPGSAAPAA		hprd
ENSP00000322419	RPLP2	86	APAAGSAPAAA		hprd
ENSP00000322419	RPLP2	74	GAVAVSAAPGS		hprd
ENSP00000322419	RPLP2	19	GNSSPSAKDIK		hprd
ENSP00000321326	F2R	375	IYYYASSECQR		hprd
ENSP00000321326	F2R	376	YYYASSECQRY		hprd
ENSP00000321326	F2R	384	QRYVYSILCCK		hprd
ENSP00000321326	F2R	391	LCCKESSDPSS		hprd
ENSP00000321326	F2R	392	CCKESSDPSSY		hprd
ENSP00000321326	F2R	395	ESSDPSSYNSS		hprd
ENSP00000321326	F2R	396	SSDPSSYNSSG		hprd
ENSP00000321326	F2R	399	PSSYNSSGQLM		hprd
ENSP00000321326	F2R	400	SSYNSSGQLMA		hprd
ENSP00000321326	F2R	406	GQLMASKMDTC		hprd
ENSP00000321326	F2R	410	ASKMDTCSSNL		hprd
ENSP00000321326	F2R	412	KMDTCSSNLNN		hprd
ENSP00000321326	F2R	413	MDTCSSNLNNS		hprd
ENSP00000321326	F2R	418	SNLNNSIYKKL		hprd
ENSP00000364336	TBXA2R	329	STRPRSLSLQP		hprd
ENSP00000364336	TBXA2R	331	RPRSLSLQPQL		hprd
ENSP00000350941	SRC	97	LYDYESRTETD		hprd
ENSP00000350941	SRC	12	KPKDASQRRRS	PRKCA	hprd
ENSP00000350941	SRC	17	SQRRRSLEPAE	PRKACA	hprd
ENSP00000350941	SRC	74	SSDTVTSPQRA		hprd
ENSP00000344818	UBC	65	NIQKESTLHLV		hprd
ENSP00000344818	UBC	57	DGRTLSDYNIQ		hprd
ENSP00000344818	UBC	12	TLTGKTITLEV		hprd
ENSP00000265023	KNG1	332	TCSKESNEELT		hprd
ENSP00000265023	KNG1	329	RETTCSKESNE		hprd
ENSP00000265023	KNG1	326	FVARETTCSKE		hprd
ENSP00000265023	KNG1	327	VARETTCSKES		hprd
ENSP00000358866	FLNA	2523	GPRLVSNHSLH	CAMK2G	hprd
ENSP00000358866	FLNA	2152	RRRAPSVANVG		hprd
ENSP00000358866	FLNA	2032	GQHVASSPIPV		hprd
ENSP00000358866	FLNA	2158	VANVGSHCDLS		hprd
ENSP00000358866	FLNA	2163	SHCDLSLKIPE		hprd
ENSP00000358866	FLNA	2284	SKAEISFEDRK		hprd
ENSP00000358866	FLNA	2329	PVASPSGDARR		hprd
ENSP00000358866	FLNA	1081	GLQGGSAGSPA		hprd
ENSP00000358866	FLNA	1089	SPARFTIDTKG		hprd
ENSP00000358866	FLNA	1334	HSVDVTYDGSP		hprd
ENSP00000358866	FLNA	2053	SRVRVSGQGLH		hprd
ENSP00000358866	FLNA	2336	DARRLTVSSLQ		hprd
ENSP00000358866	FLNA	2338	RRLTVSSLQES		hprd
ENSP00000358866	FLNA	11	SRAGQSAAGAA		hprd
ENSP00000358866	FLNA	31	AEMPATEKDLA		hprd
ENSP00000358866	FLNA	23	GGGVDTRDAEM		hprd
ENSP00000358866	FLNA	1288	RALTQTGGPHV		hprd
ENSP00000358866	FLNA	2131	PGSPFSVKVTG		hprd
ENSP00000358866	FLNA	2170	KIPEISIQDMT		hprd
ENSP00000358866	FLNA	2343	SSLQESGLKVN		hprd
ENSP00000358866	FLNA	2486	EGYRVTYTPMA		hprd
ENSP00000334061	HDAC6	30	QDSSVTSKRNI		hprd
ENSP00000359506	FMR1	518	WSLAPTEEERE		hprd
ENSP00000359506	FMR1	489	RGPGYTSGTNS		hprd
ENSP00000359506	FMR1	490	GPGYTSGTNSE		hprd
ENSP00000359506	FMR1	504	ASETESDHRDE		hprd
ENSP00000359506	FMR1	511	HRDELSDWSLA		hprd
ENSP00000359506	FMR1	514	ELSDWSLAPTE		hprd
ENSP00000359506	FMR1	370	FSQPNSTKVQR		hprd
ENSP00000394624	OPRM1	458	IEQQNSTRIRQ		hprd
ENSP00000394624	OPRM1	465	RIRQNTRDHPS		hprd
ENSP00000394624	OPRM1	470	TRDHPSTANTV		hprd
ENSP00000394624	OPRM1	449	EFCIPTSSNIE		hprd
ENSP00000394624	OPRM1	451	CIPTSSNIEQQ		hprd
ENSP00000216629	BDKRB1	339	SLAPISSSHRK		hprd
ENSP00000299178	AVPR1A	407	KDSPKSSKSIK		hprd
ENSP00000299178	AVPR1A	408	DSPKSSKSIKF		hprd
ENSP00000235382	RGS2	46	WKTRLSYFLQN	PRKG1	hprd
ENSP00000235382	RGS2	64	KTGKKSKQQAF	PRKG1	hprd
ENSP00000296677	F2RL1	373	KQMQVSLTSKK		hprd
ENSP00000339191	CAV1	168	VGKIFSNVRIN		hprd
ENSP00000339191	CAV1	80	PEGTHSFDGIW		hprd
ENSP00000339191	CAV1	88	GIWKASFTTFT	CSNK2A1	hprd
ENSP00000339191	CAV1	37	MADELSEKQVY		hprd
ENSP00000304767	P2RY1	352	EANLQSKSEDM		hprd
ENSP00000304767	P2RY1	354	NLQSKSEDMTL		hprd
ENSP00000296154	CASR	888	VAARATLRRSN	PRKCA	hprd
ENSP00000292303	CCR5	336	APERASSVYTR	ADRBK2	hprd
ENSP00000292303	CCR5	337	PERASSVYTRS	ADRBK2	hprd
ENSP00000292303	CCR5	342	SVYTRSTGEQE	ADRBK2	hprd
ENSP00000307445	LTB4R	308	KLLEGTGSEAS	GRK6	hprd
ENSP00000307445	LTB4R	310	LEGTGSEASST		hprd
ENSP00000309591	PRKACA	11	AAKKGSEQESV		hprd
ENSP00000309591	PRKACA	140	RIGRFSEPHAR		hprd
ENSP00000309591	PRKACA	196	RVKGRTWTLCG		hprd
ENSP00000309591	PRKACA	198	KGRTWTLCGTP		hprd
ENSP00000309591	PRKACA	339	EEIRVSINEKC		hprd
ENSP00000309591	PRKACA	49	FERIKTLGTGS		hprd
ENSP00000351273	CASP8	278	EQDSESQTLDK		hprd
ENSP00000351273	CASP8	276	PREQDSESQTL		hprd
ENSP00000351273	CASP8	289	VYQMKSKPRGY		hprd
ENSP00000263025	MAPK3	202	HTGFLTEYVAT	MAP2K2	hprd
ENSP00000305416	S1PR1	236	RSRRLTFRKNI	AKT1	hprd
ENSP00000248076	F2RL3	366	GDTVASKASAE		hprd
ENSP00000248076	F2RL3	374	SAEGGSRGMGT		hprd
ENSP00000218721	MLNR	398	DTGGDTVGYTE		hprd
ENSP00000259467	PDCL	296	CHSEDSDLEID		hprd
ENSP00000259467	PDCL	293	SATCHSEDSDL		hprd
ENSP00000259467	PDCL	25	SEDEDSDHEDK		hprd
ENSP00000259467	PDCL	18	LQYYYSSSEDE		hprd
ENSP00000259467	PDCL	19	QYYYSSSEDED		hprd
ENSP00000259467	PDCL	20	YYYSSSEDEDS		hprd
ENSP00000259467	PDCL	290	VRNSATCHSED		hprd
ENSP00000282753	GRM1	695	KKKICTRKPRF	PRKCA	hprd
ENSP00000368020	KIF3A	687	GRRKRSAKPET		hprd
ENSP00000368020	KIF3A	381	EGEEISGSDIS		hprd
ENSP00000368020	KIF3A	386	SGSDISGSEED		hprd
ENSP00000368020	KIF3A	388	SDISGSEEDDD		hprd
ENSP00000253332	AKAP12	598	EEGATSDGEKK		hprd
ENSP00000253332	AKAP12	612	VTPWASFKKMV		hprd
ENSP00000253332	AKAP12	627	RVRRPSESDKE		hprd
ENSP00000253332	AKAP12	629	RRPSESDKEDE		hprd
ENSP00000253332	AKAP12	285	SAESPTSPVTS		hprd
ENSP00000253332	AKAP12	651	TESTASEMQEE		hprd
ENSP00000253332	AKAP12	645	SATLSSTESTA		hprd
ENSP00000253332	AKAP12	887	KELSESQVHMM		hprd
ENSP00000253332	AKAP12	732	GILAGSQEHDP		hprd
ENSP00000253332	AKAP12	388	EQVSGSQGPSE		hprd
ENSP00000253332	AKAP12	505	VEMLSSQERMK		hprd
ENSP00000253332	AKAP12	698	RRGSSSDEEGG		hprd
ENSP00000253332	AKAP12	640	LDKVKSATLSS		hprd
ENSP00000253332	AKAP12	642	KVKSATLSSTE		hprd
ENSP00000253332	AKAP12	646	ATLSSTESTAS		hprd
ENSP00000253332	AKAP12	280	KEPSKSAESPT		hprd
ENSP00000253332	AKAP12	904	GTRAATIIEER		hprd
ENSP00000253332	AKAP12	1390	GAKEVSSLEGS		hprd
ENSP00000253332	AKAP12	1391	AKEVSSLEGSP		hprd
ENSP00000253332	AKAP12	568	GESSASSPEEP		hprd
ENSP00000253332	AKAP12	565	EQKGESSASSP		hprd
ENSP00000253332	AKAP12	566	QKGESSASSPE		hprd
ENSP00000253332	AKAP12	311	GWRKKTSFRKP		hprd
ENSP00000253332	AKAP12	312	WRKKTSFRKPK		hprd
ENSP00000253332	AKAP12	644	KSATLSSTEST		hprd
ENSP00000253332	AKAP12	649	SSTESTASEMQ		hprd
ENSP00000253332	AKAP12	697	ARRGSSSDEEG		hprd
ENSP00000253332	AKAP12	557	ADSPDSQEEQK		hprd
ENSP00000253332	AKAP12	381	KVELPSEEQVS		hprd
ENSP00000253332	AKAP12	289	PTSPVTSETGS		hprd
ENSP00000253332	AKAP12	1264	SKTEGTQEADQ		hprd
ENSP00000253332	AKAP12	696	RARRGSSSDEE		hprd
ENSP00000253332	AKAP12	227	AGEAASKESEP		hprd
ENSP00000253332	AKAP12	1119	QTTPESFEKAP		hprd
ENSP00000253332	AKAP12	648	LSSTESTASEM		hprd
ENSP00000262613	SLC9A3R1	290	LVRSASSDTSE		hprd
ENSP00000262613	SLC9A3R1	269	IQKENSREALA		hprd
ENSP00000262613	SLC9A3R1	288	PALVRSASSDT		hprd
ENSP00000262613	SLC9A3R1	291	VRSASSDTSEE		hprd
ENSP00000262613	SLC9A3R1	294	ASSDTSEELNS		hprd
ENSP00000262613	SLC9A3R1	317	SSTSSSDPILD		hprd
ENSP00000262613	SLC9A3R1	293	SASSDTSEELN		hprd
ENSP00000262613	SLC9A3R1	299	SEELNSQDSPP		hprd
ENSP00000262613	SLC9A3R1	326	LDFNISLAMAK		hprd
ENSP00000378338	GIT1	394	QHDYDSVASDE		hprd
ENSP00000378338	GIT1	397	YDSVASDEDTD		hprd
ENSP00000378338	GIT1	401	ASDEDTDQEPL		hprd
ENSP00000378338	GIT1	419	SNRARSMDSSD		hprd
ENSP00000378338	GIT1	545	LQPFHSTELED		hprd
ENSP00000378338	GIT1	546	QPFHSTELEDD		hprd
ENSP00000378338	GIT1	555	DDAIYSVHVPA		hprd
ENSP00000378338	GIT1	572	KGVSASAVPFT		hprd
ENSP00000378338	GIT1	601	LSRHGSGADSD		hprd
ENSP00000378338	GIT1	605	GSGADSDYENT		hprd
ENSP00000378338	GIT1	610	SDYENTQSGDP		hprd
ENSP00000378338	GIT1	639	HPELESLDGDL		hprd
ENSP00000378338	GIT1	373	SLSSPTDNLEL		hprd
ENSP00000378338	GIT1	368	RQQGKSLSSPT		hprd
ENSP00000378338	GIT1	382	ELSLRSQSDLD		hprd
ENSP00000378338	GIT1	422	ARSMDSSDLSD		hprd
ENSP00000378338	GIT1	423	RSMDSSDLSDG		hprd
ENSP00000378338	GIT1	426	DSSDLSDGAVT		hprd
ENSP00000378338	GIT1	370	QGKSLSSPTDN		hprd
ENSP00000378338	GIT1	134	TAKDLSKQLHS		hprd
ENSP00000378338	GIT1	384	SLRSQSDLDDQ		hprd
ENSP00000378338	GIT1	508	APGGSTHRRDR		hprd
ENSP00000378338	GIT1	597	HTSKLSRHGSG		hprd
ENSP00000261313	PEBP1	153	KFKVASFRKKY	PRKCA	hprd
ENSP00000261313	PEBP1	52	KNRPTSISWDG		hprd
ENSP00000261313	PEBP1	51	VKNRPTSISWD		hprd
ENSP00000261313	PEBP1	54	RPTSISWDGLD		hprd
ENSP00000261313	PEBP1	99	GNDISSGTVLS		hprd
ENSP00000335311	EDNRB	205	YRAVASWSRIK		hprd
ENSP00000335311	EDNRB	305	MLRKKSGMQIA		hprd
ENSP00000335311	EDNRB	407	CCWCQSFEEKQ		hprd
ENSP00000335311	EDNRB	413	FEEKQSLEEKQ		hprd
ENSP00000335311	EDNRB	419	LEEKQSCLKFK		hprd
ENSP00000335311	EDNRB	435	YDNFRSSNKYS		hprd
ENSP00000335311	EDNRB	436	DNFRSSNKYSS		hprd
ENSP00000225983	HDAC5	260	LRKTASEPNLK	CAMK1	hprd
ENSP00000225983	HDAC5	499	LSRTQSSPLPQ	CAMK1	hprd
ENSP00000347464	GIT2	488	VYQVQTGSEYT		hprd
ENSP00000347464	GIT2	496	EYTDTSNHSSL		hprd
ENSP00000347464	GIT2	418	QKSLDSDLSDG		hprd
ENSP00000347464	GIT2	421	LDSDLSDGPVT		hprd
ENSP00000347464	GIT2	415	TNRQKSLDSDL		hprd
ENSP00000347464	GIT2	394	QPDYDSVASDE		hprd
ENSP00000347464	GIT2	397	YDSVASDEDTD		hprd
ENSP00000347464	GIT2	381	INNQHSVESQD		hprd
ENSP00000347464	GIT2	384	QHSVESQDNDQ		hprd
ENSP00000347464	GIT2	614	KGRQRSMVWPG		hprd
ENSP00000354219	TPM2	61	EVEKYSESVKE	PIK3CG	hprd
ENSP00000354219	TPM2	87	EADVASLNRRI		hprd
ENSP00000284878	CXADR	293	TSTARSYIGSN		hprd
ENSP00000284878	CXADR	323	YNQVPSEDFER		hprd
ENSP00000284878	CXADR	314	NMEGYSKTQYN		hprd
ENSP00000284878	CXADR	300	IGSNHSSLGSM		hprd
ENSP00000284878	CXADR	308	GSMSPSNMEGY		hprd
ENSP00000328973	TSPO	23	GCFVGSRFVHG		hprd
ENSP00000234313	PLEK	113	KFARKSTRRSI		hprd
ENSP00000234313	PLEK	114	FARKSTRRSIR		hprd
ENSP00000234313	PLEK	117	KSTRRSIRLPE		hprd
ENSP00000234313	PLEK	183	LMIASSLLNEG		hprd
ENSP00000234313	PLEK	197	PAGDMSKSAVD		hprd
ENSP00000309493	GPRC6A	261	VRINRTLKKII		hprd
ENSP00000309493	GPRC6A	312	TATKITTIPNV		hprd
