name	CDKL5
id	ENSP00000369325
type	Serine/threonine kinase
proline+1_removed	No
npartners	77
npartners_with_sites	77
nsites	225
//
motif	score	fg_matches	fg_size	bg_matches	bg_size	fold_increase
.....[ST]P.K..	315.24	18	533	22	10000	15.35
.....[ST]P....	307.65	85	515	595	9978	2.77
..RR.[ST].....	314.22	14	430	18	9383	16.97
..R..[ST].....	10.68	56	416	465	9365	2.71
.....[ST]..D..	10.19	49	360	425	8900	2.85
//
sub_ensp	sub_name	sub_position	sub_region	kinase_name	source
ENSP00000359489	AFF2	430	DDLKLSSDEDD		psite
ENSP00000359489	AFF2	431	DLKLSSDEDDL		psite
ENSP00000359489	AFF2	517	APRVATPEPEP		psite
ENSP00000359489	AFF2	931	RRRNVSGNNGP		psite
ENSP00000362441	ATRX	25	DFLAHSSEESE		psite
ENSP00000362441	ATRX	26	FLAHSSEESEE		psite
ENSP00000362441	ATRX	29	HSSEESEETSS		psite
ENSP00000362441	ATRX	34	SEETSSPPRLA		psite
ENSP00000362441	ATRX	52	ISGSGSNSDMM		psite
ENSP00000362441	ATRX	54	GSGSNSDMMEN		psite
ENSP00000362441	ATRX	71	SSSEKSKSSGS		psite
ENSP00000362441	ATRX	74	EKSKSSGSSRS		psite
ENSP00000362441	ATRX	84	SKRKPSIVTKY		psite
ENSP00000362441	ATRX	92	TKYVESDDEKP		psite
ENSP00000362441	ATRX	108	VNEDASNENSE		psite
ENSP00000362441	ATRX	112	ASNENSENDIT		psite
ENSP00000362441	ATRX	191	IYRHPSLQVLI		psite
ENSP00000362441	ATRX	316	HTSRFSPKKTS		psite
ENSP00000362441	ATRX	334	KKLDDSCSGSV		psite
ENSP00000362441	ATRX	566	VKLNISSKDNR		psite
ENSP00000362441	ATRX	591	LYVKLTPVSLS		psite
ENSP00000362441	ATRX	594	KLTPVSLSNSP		psite
ENSP00000362441	ATRX	596	TPVSLSNSPIK		psite
ENSP00000362441	ATRX	598	VSLSNSPIKGA		psite
ENSP00000362441	ATRX	634	LGQENSDNEHL		psite
ENSP00000362441	ATRX	661	SPRVKTTPLRR		psite
ENSP00000362441	ATRX	662	PRVKTTPLRRP		psite
ENSP00000362441	ATRX	668	PLRRPTETNPV		psite
ENSP00000362441	ATRX	670	RRPTETNPVTS		psite
ENSP00000362441	ATRX	674	ETNPVTSNSDE		psite
ENSP00000362441	ATRX	675	TNPVTSNSDEE		psite
ENSP00000362441	ATRX	677	PVTSNSDEECN		psite
ENSP00000362441	ATRX	684	EECNETVKEKQ		psite
ENSP00000362441	ATRX	703	KDKRNSSDSAI		psite
ENSP00000362441	ATRX	704	DKRNSSDSAID		psite
ENSP00000362441	ATRX	706	RNSSDSAIDNP		psite
ENSP00000362441	ATRX	729	TVDQNSDSDEM		psite
ENSP00000362441	ATRX	731	DQNSDSDEMLA		psite
ENSP00000362441	ATRX	750	SHSSSSDTDIN		psite
ENSP00000362441	ATRX	784	RKRKSSTSGSD		psite
ENSP00000362441	ATRX	785	KRKSSTSGSDF		psite
ENSP00000362441	ATRX	786	RKSSTSGSDFD		psite
ENSP00000362441	ATRX	788	SSTSGSDFDTK		psite
ENSP00000362441	ATRX	812	KRQTQSESSNY		psite
ENSP00000362441	ATRX	814	QTQSESSNYDS		psite
ENSP00000362441	ATRX	815	TQSESSNYDSE		psite
ENSP00000362441	ATRX	819	SSNYDSELEKE		psite
ENSP00000362441	ATRX	849	TKDFDSSEDEK		psite
ENSP00000362441	ATRX	850	KDFDSSEDEKH		psite
ENSP00000362441	ATRX	871	KNLKTSQEGSS		psite
ENSP00000362441	ATRX	875	TSQEGSSDDAE		psite
ENSP00000362441	ATRX	876	SQEGSSDDAER		psite
ENSP00000362441	ATRX	889	ERETFSSAEGT		psite
ENSP00000362441	ATRX	890	RETFSSAEGTV		psite
ENSP00000362441	ATRX	925	GVDKLSGKEQS		psite
ENSP00000362441	ATRX	962	VQDGLSDIAEK		psite
ENSP00000362441	ATRX	1011	EQQYESSSDGT		psite
ENSP00000362441	ATRX	1012	QQYESSSDGTE		psite
ENSP00000362441	ATRX	1013	QYESSSDGTEK		psite
ENSP00000362441	ATRX	1061	KKDELSDYAEK		psite
ENSP00000362441	ATRX	1073	TGKGDSCDSSE		psite
ENSP00000362441	ATRX	1076	GDSCDSSEDKK		psite
ENSP00000362441	ATRX	1077	DSCDSSEDKKS		psite
ENSP00000362441	ATRX	1141	ERRNLSSKRNT		psite
ENSP00000362441	ATRX	1285	IKANLSSDEDG		psite
ENSP00000362441	ATRX	1286	KANLSSDEDGS		psite
ENSP00000362441	ATRX	1291	SDEDGSSDDEP		psite
ENSP00000362441	ATRX	1292	DEDGSSDDEPE		psite
ENSP00000362441	ATRX	1322	KNQVNSESDSD		psite
ENSP00000362441	ATRX	1324	QVNSESDSDSE		psite
ENSP00000362441	ATRX	1326	NSESDSDSEES		psite
ENSP00000362441	ATRX	1346	LRHKLTVSDGE		psite
ENSP00000362441	ATRX	1348	HKLTVSDGESG		psite
ENSP00000362441	ATRX	1352	VSDGESGEEKK		psite
ENSP00000362441	ATRX	1434	KVQEDSSSENK		psite
ENSP00000362441	ATRX	1435	VQEDSSSENKS		psite
ENSP00000362441	ATRX	1436	QEDSSSENKSN		psite
ENSP00000362441	ATRX	1442	ENKSNSEEEEE		psite
ENSP00000362441	ATRX	1493	KLRTETQNALK		psite
ENSP00000362441	ATRX	1527	EIEDASPTKCP		psite
ENSP00000362441	ATRX	1529	EDASPTKCPIT		psite
ENSP00000362441	ATRX	1654	EKLEVSELATV		psite
ENSP00000362441	ATRX	1772	ENLLGSIKEFR		psite
ENSP00000362441	ATRX	1906	YFDEDSMDEFI		psite
ENSP00000362441	ATRX	1913	DEFIASDSDET		psite
ENSP00000362441	ATRX	1921	DETSMSLSSDD		psite
ENSP00000362441	ATRX	1980	NNPSVSLKLEE		psite
ENSP00000362441	ATRX	1989	EESKATSSSNP		psite
ENSP00000362441	ATRX	1991	SKATSSSNPSS		psite
ENSP00000362441	ATRX	1992	KATSSSNPSSP		psite
ENSP00000362441	ATRX	1995	SSSNPSSPAPD		psite
ENSP00000362441	ATRX	1996	SSNPSSPAPDW		psite
ENSP00000362441	ATRX	2017	EVLEHSGKMVL		psite
ENSP00000362441	ATRX	2220	LDDPNSEKKKK		psite
ENSP00000362441	ATRX	2379	LSRQASQELDV		psite
ENSP00000362441	ATRX	2487	KNPGPSQGKSM		psite
ENSP00000218147	BCORL1	48	CQHFGSQEFCV		psite
ENSP00000218147	BCORL1	496	PGVLASPELRS		psite
ENSP00000218147	BCORL1	599	TSVTFSPLKSP		psite
ENSP00000218147	BCORL1	613	EREMASPPECS		psite
ENSP00000218147	BCORL1	1029	DVVPSSRRGSS		psite
ENSP00000218147	BCORL1	1033	SSRRGSSTERP		psite
ENSP00000218147	BCORL1	1034	SRRGSSTERPQ		psite
ENSP00000218147	BCORL1	1042	RPQLGSQVDLG		psite
ENSP00000218147	BCORL1	1162	ESTKKSPRGAS		psite
ENSP00000218147	BCORL1	1679	GLDDRSPPGSS		psite
ENSP00000362372	BRWD3	268	HSASITSIQFC		psite
ENSP00000362372	BRWD3	678	VNRAYSVNGAL		psite
ENSP00000362372	BRWD3	693	MDISSSPNIRL		psite
ENSP00000362372	BRWD3	702	RLRRHSSQIEG		psite
ENSP00000362372	BRWD3	703	LRRHSSQIEGV		psite
ENSP00000362372	BRWD3	1264	AEERNSTDAEE		psite
ENSP00000362372	BRWD3	1265	EERNSTDAEED		psite
ENSP00000362372	BRWD3	1278	IVDLDSDGPGT		psite
ENSP00000362372	BRWD3	1455	KRLRSSSSSLS		psite
ENSP00000362372	BRWD3	1466	SSGAPSPKGKQ		psite
ENSP00000362372	BRWD3	1569	GREPRTGIKRK		psite
ENSP00000362372	BRWD3	1577	KRKLLSASEED		psite
ENSP00000362372	BRWD3	1579	KLLSASEEDEN		psite
ENSP00000367408	CASK	51	AKFTSSPGLST		psite
ENSP00000367408	CASK	151	CVLLASKENSA	CASK	psite
ENSP00000367408	CASK	155	ASKENSAPVKL	CASK	psite
ENSP00000367408	CASK	465	TPPPTSPYLNG		psite
ENSP00000367408	CASK	736	AFKRKTLVLLG		psite
ENSP00000367408	CASK	770	PIPHTTRPPKK		psite
ENSP00000268383	CDR2	309	KPLKRSSSETI		psite
ENSP00000268383	CDR2	310	PLKRSSSETIL		psite
ENSP00000268383	CDR2	311	LKRSSSETILS		psite
ENSP00000268383	CDR2	313	RSSSETILSSL		psite
ENSP00000268383	CDR2	344	KQRGISLLHEV		psite
ENSP00000268383	CDR2	417	PVSSPTTPPEY		psite
ENSP00000268383	CDR2	418	VSSPTTPPEYK		psite
ENSP00000368824	CNKSR2	390	HKGSESPNSFL		psite
ENSP00000368824	CNKSR2	433	RESTPTYGKLR		psite
ENSP00000368824	CNKSR2	756	GSSAVSPIRKT		psite
ENSP00000368824	CNKSR2	908	EKLGDSLQDLY		psite
ENSP00000369009	CXorf23	15	RWKHRSLSPVP		psite
ENSP00000369009	CXorf23	17	KHRSLSPVPRN		psite
ENSP00000369009	CXorf23	78	SYEHRSPSPNI		psite
ENSP00000369009	CXorf23	80	EHRSPSPNIRN		psite
ENSP00000369009	CXorf23	139	VQGGHSPDDHR		psite
ENSP00000369009	CXorf23	402	PDVKPSPINLR		psite
ENSP00000390475	CXXC1	19	GEDSKSENGEN		psite
ENSP00000390475	CXXC1	124	QRRAGSGTGVG		psite
ENSP00000390475	CXXC1	126	RAGSGTGVGAM		psite
ENSP00000390475	CXXC1	224	FPSSLSPVTPS		psite
ENSP00000390475	CXXC1	227	SLSPVTPSESL		psite
ENSP00000363480	DLG3	78	AKLIPTGRDVG		psite
ENSP00000363480	DLG3	112	PECTCTNRDWY		psite
ENSP00000363480	DLG3	123	EQVNGSDGMFK		psite
ENSP00000363480	DLG3	487	EQMMNSSMSSG		psite
ENSP00000363480	DLG3	678	YHFVVSREQME		psite
ENSP00000363480	DLG3	759	MNRRQTYEQAN		psite
ENSP00000363680	EDA	374	ISINMSKHTTF		psite
ENSP00000364324	FAM120C	31	LARTVSRQQQQ		psite
ENSP00000364324	FAM120C	1031	QGRSRSQVNGN		psite
ENSP00000339004	FOXG1	19	PKSSFSINSLV	CSNK1A1	psite
ENSP00000339004	FOXG1	277	KLRRRSTTSRA		psite
ENSP00000339004	FOXG1	279	RRRSTTSRAKL	AKT1	psite
ENSP00000394071	GDI1	94	KMLLYTEVTRY		psite
ENSP00000369538	GDI2	61	FKIPGSPPESM		psite
ENSP00000369538	GDI2	94	KMLLYTEVTRY		psite
ENSP00000369538	GDI2	121	IYKVPSTEAEA		psite
ENSP00000369538	GDI2	205	QPCYETINRIK		psite
ENSP00000369538	GDI2	285	LICDPSYVKDR		psite
ENSP00000369538	GDI2	382	EQKFVSISDLL		psite
ENSP00000218075	GLRA2	422	RIDTISRAAFP		psite
ENSP00000327589	GLUD2	12	KALLPSRAGPA		psite
ENSP00000327589	GLUD2	79	FDRGASIVEDK		psite
ENSP00000327589	GLUD2	128	RRDDGSWEVIE		psite
ENSP00000327589	GLUD2	409	GANGPTTPEAD		psite
ENSP00000327589	GLUD2	410	ANGPTTPEADK		psite
ENSP00000327589	GLUD2	450	NLNHVSYGRLT		psite
ENSP00000352035	KCNQ2	52	APKRGSILSKP		psite
ENSP00000352035	KCNQ2	217	DRRGGTWKLLG		psite
ENSP00000352035	KCNQ2	229	VVYAHSKELVT		psite
ENSP00000352035	KCNQ2	843	ESDTDSDLCTP		psite
ENSP00000352035	KCNQ2	855	GPPPRSATGEG		psite
ENSP00000352035	KCNQ2	857	PPRSATGEGPF		psite
ENSP00000352035	KCNQ2	539	PGLKVSIRAVC		psite
ENSP00000368972	MAP7D2	187	NKRLSSSTVAI		psite
ENSP00000368972	MAP7D2	290	PKRPSSPVISK		psite
ENSP00000368972	MAP7D2	315	PPYPGSPVKYR		psite
ENSP00000395535	MECP2	90	AVPEASASPKQ		psite
ENSP00000395535	MECP2	92	PEASASPKQRR		psite
ENSP00000395535	MECP2	128	RKSGRSAGKYD		psite
ENSP00000395535	MECP2	161	KVGDTSLDPND		psite
ENSP00000395535	MECP2	228	RVLEKSPGKLL		psite
ENSP00000395535	MECP2	240	KMPFQTSPGGK		psite
ENSP00000395535	MECP2	241	MPFQTSPGGKA		psite
ENSP00000395535	MECP2	367	SPKGRSSSASS		psite
ENSP00000395535	MECP2	369	KGRSSSASSPP		psite
ENSP00000395535	MECP2	371	RSSSASSPPKK		psite
ENSP00000395535	MECP2	372	SSSASSPPKKE		psite
ENSP00000395535	MECP2	438	GGSLESDGCPK		psite
ENSP00000363193	MED12	635	GPRPPSPFDDP		psite
ENSP00000363193	MED12	698	CEGKGSPSPEK		psite
ENSP00000363193	MED12	700	GKGSPSPEKPD		psite
ENSP00000363193	MED12	1258	EGGGGSGGRRQ		psite
ENSP00000363193	MED12	1269	GGRNISVETAS		psite
ENSP00000363193	MED12	2163	LQQQLSNTQPQ		psite
ENSP00000302111	MGMT	41	CEMKRTTLDSP		psite
ENSP00000302111	MGMT	42	EMKRTTLDSPL		psite
ENSP00000302111	MGMT	45	RTTLDSPLGKL		psite
ENSP00000302111	MGMT	232	GATSGSPPAGR		psite
ENSP00000262843	MID2	112	QKASVSGPNSP		psite
ENSP00000262843	MID2	116	VSGPNSPSESR		psite
ENSP00000312244	MSL3	144	KDEEISEESDI		psite
ENSP00000312244	MSL3	147	EISEESDIEEK		psite
ENSP00000312244	MSL3	311	EELSPSPPLLN		psite
ENSP00000312244	MSL3	318	PLLNPSTPQST		psite
ENSP00000312244	MSL3	319	LLNPSTPQSTE		psite
ENSP00000312244	MSL3	323	STPQSTESQPT		psite
ENSP00000312244	MSL3	334	TGEPATPKRRK		psite
ENSP00000312244	MSL3	347	PEALQSLRRST		psite
ENSP00000312244	MSL3	367	SESSASPQPKR		psite
ENSP00000312244	MSL3	392	HLEKKTPVHSR		psite
ENSP00000312244	MSL3	396	KTPVHSRSSSP		psite
ENSP00000312244	MSL3	398	PVHSRSSSPIP		psite
ENSP00000312244	MSL3	399	VHSRSSSPIPL		psite
ENSP00000312244	MSL3	400	HSRSSSPIPLT		psite
ENSP00000312244	MSL3	405	SPIPLTPSKEG		psite
ENSP00000312244	MSL3	407	IPLTPSKEGSA		psite
ENSP00000312244	MSL3	411	PSKEGSAVFAG		psite
ENSP00000359417	MTMR1	36	AAGGATAGSRQ		psite
ENSP00000359417	MTMR1	39	GATAGSRQPSV		psite
ENSP00000359417	MTMR1	43	GSRQPSVETLD		psite
ENSP00000359417	MTMR1	46	QPSVETLDSPT		psite
ENSP00000359417	MTMR1	49	VETLDSPTGSH		psite
ENSP00000359417	MTMR1	51	TLDSPTGSHVE		psite
ENSP00000359417	MTMR1	648	AVSSSSERGSS		psite
ENSP00000359417	MTMR1	652	SSERGSSPSHS		psite
ENSP00000359417	MTMR1	653	SERGSSPSHSA		psite
ENSP00000359417	MTMR1	655	RGSSPSHSATS		psite
ENSP00000359417	MTMR1	657	SSPSHSATSVH		psite
ENSP00000359417	MTMR1	660	SHSATSVHTSV		psite
ENSP00000369400	NHS	243	RREHRSRSDRR		psite
ENSP00000369400	NHS	311	HNIPSTLDKQT		psite
ENSP00000369400	NHS	367	LVHSQSVLQRR		psite
ENSP00000369400	NHS	380	LRRRKTISGIP	CHEK1	psite
ENSP00000369400	NHS	394	QQEIDSDESPV		psite
ENSP00000369400	NHS	397	IDSDESPVARE		psite
ENSP00000369400	NHS	458	ASLSHSAGNIS		psite
ENSP00000369400	NHS	483	SSRTRSRSLPR		psite
ENSP00000369400	NHS	485	RTRSRSLPREG		psite
ENSP00000369400	NHS	512	YEEGESFVGDH		psite
ENSP00000369400	NHS	680	GHRANSFTSTV		psite
ENSP00000369400	NHS	718	CRQDFSPERPK		psite
ENSP00000369400	NHS	878	FANTPSRMENA		psite
ENSP00000369400	NHS	976	ESRATTPSLPS		psite
ENSP00000369400	NHS	1097	HNKQNTVGETL		psite
ENSP00000369400	NHS	1101	NTVGETLRSNP		psite
ENSP00000369400	NHS	1124	SVNLRSINKSE		psite
ENSP00000369400	NHS	1128	RSINKSEEVKQ		psite
ENSP00000369400	NHS	1155	TTAALSPSKIR		psite
ENSP00000369400	NHS	1169	ANKSVSRQYST		psite
ENSP00000369400	NHS	1173	VSRQYSTEDTI		psite
ENSP00000369400	NHS	1174	SRQYSTEDTIL		psite
ENSP00000369400	NHS	1241	PIPENTPTKNC		psite
ENSP00000369400	NHS	1243	PENTPTKNCAF		psite
ENSP00000369400	NHS	1308	TSQSDSPTRAT		psite
ENSP00000369400	NHS	1413	EGVFVSPNKPR		psite
ENSP00000369400	NHS	1478	PNSQRSPGLIY		psite
ENSP00000369400	NHS	1505	LLKKGSRSDSS		psite
ENSP00000369400	NHS	1507	KKGSRSDSSYR		psite
ENSP00000369400	NHS	1510	SRSDSSYRMSA		psite
ENSP00000363163	NLGN3	13	PSLSLSPKPTV		psite
ENSP00000376921	NTNG2	340	PLPHGSPNACA		psite
ENSP00000360171	TENM1	1682	DLEKLTKVELD		psite
ENSP00000360171	TENM1	2580	FIKLGSLEEDL		psite
ENSP00000347710	OPHN1	372	EPIYHSPITKQ		psite
ENSP00000347710	OPHN1	652	DPGRKSPSRPI		psite
ENSP00000347710	OPHN1	703	PTKTPSFHIKR		psite
ENSP00000264360	PCDH10	897	PRRVNSSAFQE		psite
ENSP00000264360	PCDH10	898	RRVNSSAFQEA		psite
ENSP00000387536	PDK3	239	VVYVPSHLFHM		psite
ENSP00000338868	PHF8	33	DWFHGSCVGVE	CDK1	psite
ENSP00000338868	PHF8	84	PVKTGSPTFVR	CDK1	psite
ENSP00000338868	PHF8	486	RLSLPSKNGSK		psite
ENSP00000338868	PHF8	615	EFDLDSDDELQ		psite
ENSP00000338868	PHF8	669	IEEDYTTDEDM		psite
ENSP00000338868	PHF8	670	EEDYTTDEDMV		psite
ENSP00000338868	PHF8	686	KLGNGSGAGGI		psite
ENSP00000338868	PHF8	768	GTVSNSPASQR		psite
ENSP00000338868	PHF8	790	YWRTESEEEEE		psite
ENSP00000338868	PHF8	798	EEENASLDEQD		psite
ENSP00000338868	PHF8	818	EYIYPSLESDD		psite
ENSP00000338868	PHF8	821	YPSLESDDDDP		psite
ENSP00000338868	PHF8	844	DDAPWSPKARV		psite
ENSP00000338868	PHF8	868	GTRVASIETGL	CHEK1	psite
ENSP00000338868	PHF8	871	VASIETGLAAA		psite
ENSP00000338868	PHF8	985	TQRRPSVGSQS		psite
ENSP00000369274	PHKA2	691	DRHVFSAIHST		psite
ENSP00000369274	PHKA2	695	FSAIHSTRDIL		psite
ENSP00000369274	PHKA2	729	SAHRKSLNLVD		psite
ENSP00000369274	PHKA2	735	LNLVDSPQPLL		psite
ENSP00000369274	PHKA2	1015	MTRRFSADEQF		psite
ENSP00000369274	PHKA2	1022	DEQFFSVGQAA		psite
ENSP00000369274	PHKA2	1043	RSSTPSSPTGT		psite
ENSP00000369274	PHKA2	1044	SSTPSSPTGTS		psite
ENSP00000338185	PLCB1	448	KYPLESGVPLP		psite
ENSP00000338185	PLCB1	887	QPAPGSVKAPA		psite
ENSP00000338185	PLCB1	918	LKQQKSFVKLQ		psite
ENSP00000338185	PLCB1	978	DSKKKSEPSSP		psite
ENSP00000338185	PLCB1	981	KKSEPSSPDHG		psite
ENSP00000338185	PLCB1	982	KSEPSSPDHGS	MAPK3	psite
ENSP00000338185	PLCB1	982	KSEPSSPDHGS	MAPK1	psite
ENSP00000338185	PLCB1	987	SPDHGSSTIEQ		psite
ENSP00000338185	PLCB1	988	PDHGSSTIEQD		psite
ENSP00000323511	PNKP	109	LRWEETRTPES		psite
ENSP00000323511	PNKP	111	WEETRTPESQP		psite
ENSP00000323511	PNKP	114	TRTPESQPDTP		psite
ENSP00000323511	PNKP	118	ESQPDTPPGTP		psite
ENSP00000323511	PNKP	122	DTPPGTPLVSQ		psite
ENSP00000323511	PNKP	126	GTPLVSQDEKR		psite
ENSP00000354871	PPEF1	84	ELRNQSLESEQ		psite
ENSP00000331418	PTPRM	536	DLSNQSGRVSK		psite
ENSP00000331418	PTPRM	637	RTKKTTEILKC		psite
ENSP00000331418	PTPRM	821	GRSVSSPSSFT		psite
ENSP00000331418	PTPRM	824	VSSPSSFTMKT		psite
ENSP00000349824	REPS2	121	IAAAQSGLPVR		psite
ENSP00000349824	REPS2	254	LRHQASLIRSF		psite
ENSP00000349824	REPS2	461	RPRSRSYSSTS		psite
ENSP00000349824	REPS2	463	RSRSYSSTSIE	CDK1	psite
ENSP00000349824	REPS2	493	HSRASSLDLNK		psite
ENSP00000349824	REPS2	544	LSRAPSQAAES		psite
ENSP00000349824	REPS2	631	LARLNSELQQQ		psite
ENSP00000251900	SCML2	256	AKTESSPSEAS		psite
ENSP00000251900	SCML2	258	TESSPSEASQH		psite
ENSP00000251900	SCML2	261	SPSEASQHSMQ		psite
ENSP00000251900	SCML2	264	EASQHSMQSPQ		psite
ENSP00000251900	SCML2	267	QHSMQSPQKTT		psite
ENSP00000251900	SCML2	299	VPKRSSSVKNI		psite
ENSP00000251900	SCML2	300	PKRSSSVKNIT		psite
ENSP00000251900	SCML2	305	SVKNITPRKKG		psite
ENSP00000251900	SCML2	495	VTERQSTKRSP		psite
ENSP00000251900	SCML2	496	TERQSTKRSPQ		psite
ENSP00000251900	SCML2	499	QSTKRSPQQTV		psite
ENSP00000251900	SCML2	503	RSPQQTVPYVV		psite
ENSP00000251900	SCML2	511	YVVPLSPKLPK	CDK2	psite
ENSP00000251900	SCML2	522	TKEYASEGEPL		psite
ENSP00000251900	SCML2	570	IHTSVSQDFSR		psite
ENSP00000251900	SCML2	576	QDFSRSVPGTT		psite
ENSP00000251900	SCML2	583	PGTTSSPLVGD		psite
ENSP00000251900	SCML2	590	LVGDISPKSSP		psite
ENSP00000251900	SCML2	594	ISPKSSPHEVK		psite
ENSP00000251900	SCML2	606	QMQRKSEAPSY		psite
ENSP00000251900	SCML2	670	LFLLKSDVMMK		psite
ENSP00000364554	SCN1A	1928	TVKQASFTYNK		psite
ENSP00000359729	SLC9A6	657	FMGNSSEDALD		psite
ENSP00000330320	SLC9A7	573	PPNNDSFQVLQ		psite
ENSP00000330320	SLC9A7	693	SRRTKSSSEEV		psite
ENSP00000330320	SLC9A7	695	RTKSSSEEVLE		psite
ENSP00000363392	SNX12	14	TRRLNSKPQDL		psite
ENSP00000363392	SNX12	73	VRRRYSDFEWL		psite
ENSP00000359567	SOX3	379	VKSEPSSPPPA		psite
ENSP00000359567	SOX3	380	KSEPSSPPPAI		psite
ENSP00000361824	SPTAN1	34	FKELSTLRRQK		psite
ENSP00000361824	SPTAN1	391	ADELASDVAGA		psite
ENSP00000361824	SPTAN1	423	KSADESGQALL		psite
ENSP00000361824	SPTAN1	435	AGHYASDEVRE		psite
ENSP00000361824	SPTAN1	517	FEKSLSAQEEK		psite
ENSP00000361824	SPTAN1	553	RDALLSRRNAL		psite
ENSP00000361824	SPTAN1	667	KLLEATELKGI		psite
ENSP00000361824	SPTAN1	783	QKLADSLRLQQ		psite
ENSP00000361824	SPTAN1	944	LSAYGSSIQAL		psite
ENSP00000361824	SPTAN1	982	DYQEKSPREVT		psite
ENSP00000361824	SPTAN1	999	LTLLNSTNKDW		psite
ENSP00000361824	SPTAN1	1029	LDPAQSASREN		psite
ENSP00000361824	SPTAN1	1031	PAQSASRENLL		psite
ENSP00000361824	SPTAN1	1041	LEEQGSIALRQ		psite
ENSP00000361824	SPTAN1	1053	QIDNQTRITKE		psite
ENSP00000361824	SPTAN1	1063	EAGSVSLRMKQ		psite
ENSP00000361824	SPTAN1	1159	AEDLESEGLMA		psite
ENSP00000361824	SPTAN1	1186	RDETDSKTASP		psite
ENSP00000361824	SPTAN1	1188	ETDSKTASPWK		psite
ENSP00000361824	SPTAN1	1190	DSKTASPWKSA		psite
ENSP00000361824	SPTAN1	1207	VATFNSIKELN		psite
ENSP00000361824	SPTAN1	1217	NERWRSLQQLA		psite
ENSP00000361824	SPTAN1	1226	LAEERSQLLGS		psite
ENSP00000361824	SPTAN1	1302	ERLIQSHPESA		psite
ENSP00000361824	SPTAN1	1306	QSHPESAEDLQ		psite
ENSP00000361824	SPTAN1	1322	LNQAWSSLGKR		psite
ENSP00000361824	SPTAN1	1323	NQAWSSLGKRA		psite
ENSP00000361824	SPTAN1	1386	HQEHRTEIDAR		psite
ENSP00000361824	SPTAN1	1413	HGHYASPEIKQ		psite
ENSP00000361824	SPTAN1	1550	SKLGESQTLQQ		psite
ENSP00000361824	SPTAN1	1578	TASDESYKDPT		psite
ENSP00000361824	SPTAN1	1620	IDMGNSLIERG		psite
ENSP00000361824	SPTAN1	1652	FLVQKSAEKSQ		psite
ENSP00000361824	SPTAN1	1697	GKDLASVNNLL		psite
ENSP00000361824	SPTAN1	1760	KSMAASRRAKL		psite
ENSP00000361824	SPTAN1	1802	YGRDLTGVQNL		psite
ENSP00000361824	SPTAN1	1964	LNGKVSDLEKA		psite
ENSP00000361824	SPTAN1	2021	VQTLLTKQETF		psite
ENSP00000361824	SPTAN1	2071	LMKRWSQLLAN		psite
ENSP00000361824	SPTAN1	2089	LLEAQSHFRKV		psite
ENSP00000361824	SPTAN1	2164	DRQIKSFRVAS		psite
ENSP00000361824	SPTAN1	2345	FDKDKSGRLNH		psite
ENSP00000361824	SPTAN1	2430	GKPYVTKEELY		psite
ENSP00000362399	STXBP1	454	PIVTDSTLRRR		psite
ENSP00000362399	STXBP1	455	IVTDSTLRRRS		psite
ENSP00000362399	STXBP1	489	DIMEDTIEDKL		psite
ENSP00000362399	STXBP1	509	TRSSASFSTTA		psite
ENSP00000295987	SYN1	9	LRRRLSDSNFM		psite
ENSP00000295987	SYN1	11	RRLSDSNFMAN		psite
ENSP00000295987	SYN1	39	PPGAHSPGATP		psite
ENSP00000295987	SYN1	67	SPAAPSPGSSG		psite
ENSP00000295987	SYN1	293	FQDIASVVALT		psite
ENSP00000295987	SYN1	332	MRTSVSGNWKT		psite
ENSP00000295987	SYN1	427	RQRDASPGRGS		psite
ENSP00000295987	SYN1	432	SPGRGSHGQTP		psite
ENSP00000295987	SYN1	436	GSHGQTPSPGA		psite
ENSP00000295987	SYN1	438	HGQTPSPGALP		psite
ENSP00000295987	SYN1	448	PLGRQTSQQPA		psite
ENSP00000295987	SYN1	449	LGRQTSQQPAG		psite
ENSP00000295987	SYN1	551	ARPPASPSPQR		psite
ENSP00000295987	SYN1	553	PPASPSPQRQA		psite
ENSP00000295987	SYN1	567	QATRQTSVSGP		psite
ENSP00000295987	SYN1	605	PTRQASQAGPV		psite
ENSP00000276072	TAF1	463	LPSSMTRNAMA		psite
ENSP00000276072	TAF1	545	EATSNSPSKES		psite
ENSP00000276072	TAF1	1159	LLAAGSAASGN		psite
ENSP00000276072	TAF1	1173	DDDTASVTSLN		psite
ENSP00000276072	TAF1	1176	TASVTSLNSSA		psite
ENSP00000276072	TAF1	1179	VTSLNSSATGR		psite
ENSP00000276072	TAF1	1381	KRRVGTTVHCD		psite
ENSP00000276072	TAF1	1412	SSILESIINDM		psite
ENSP00000276072	TAF1	1654	EAELESLDPMT		psite
ENSP00000276072	TAF1	1690	VFQDESNMSVL		psite
ENSP00000276072	TAF1	1693	DESNMSVLDIP		psite
ENSP00000276072	TAF1	1699	VLDIPSATPEK		psite
ENSP00000276072	TAF1	1701	DIPSATPEKQV		psite
ENSP00000276072	TAF1	1820	EDSNISYGSYE		psite
ENSP00000276072	TAF1	1823	NISYGSYEEPD		psite
ENSP00000276072	TAF1	1847	GGYEVSEEEED		psite
ENSP00000364591	TSPYL2	16	KTRRLSSSESP		psite
ENSP00000364591	TSPYL2	17	TRRLSSSESPQ		psite
ENSP00000364591	TSPYL2	18	RRLSSSESPQR		psite
ENSP00000364591	TSPYL2	20	LSSSESPQRDP	CDK2	psite
ENSP00000364591	TSPYL2	339	RLVSHSTPIRW		psite
ENSP00000364591	TSPYL2	340	LVSHSTPIRWH	CDK2	psite
ENSP00000381045	UBE3A	217	SRIGDSSQGDN		psite
ENSP00000381045	UBE3A	218	RIGDSSQGDNN		psite
ENSP00000381045	UBE3A	342	RRMMETFQQLI		psite
ENSP00000346667	WNK3	62	RFFRKSVEMTE		psite
ENSP00000346667	WNK3	475	GFFHESDSKAV		psite
ENSP00000346667	WNK3	489	IRDRVTPIKKT		psite
ENSP00000346667	WNK3	509	EERRDSQCKSM		psite
ENSP00000346667	WNK3	525	QPQNTTLPLAP		psite
ENSP00000346667	WNK3	734	KQRRASCPRPE		psite
ENSP00000370242	WWC3	563	RARRISACLSD		psite
ENSP00000370242	WWC3	890	VKERPSRRARG		psite
ENSP00000370242	WWC3	907	GTIVRSQTFSP		psite
ENSP00000370242	WWC3	909	IVRSQTFSPGA		psite
ENSP00000370242	WWC3	927	LYRSDSDSSTL		psite
ENSP00000315173	ZNF41	434	HQRIHTGEKPY		psite
ENSP00000315173	ZNF41	462	HQRIHTGEKPY		psite
ENSP00000315173	ZNF41	490	HQRIHTGEKPY		psite
ENSP00000315173	ZNF41	602	HQRIHTGEKPY		psite
ENSP00000315173	ZNF41	630	HHRIHTGEKPY		psite
ENSP00000339585	ZNF449	298	PTLGETPENSN		psite
ENSP00000295987	SYN1	39	PPGAHSPGATP		pelm
ENSP00000295987	SYN1	553	PPASPSPQRQA		pelm
ENSP00000295987	SYN1	427	RQRDASPGRGS		pelm
ENSP00000295987	SYN1	551	ARPPASPSPQR		pelm
ENSP00000295987	SYN1	438	HGQTPSPGALP	UHMK1	pelm
ENSP00000295987	SYN1	605	PTRQASQAGPV		pelm
ENSP00000276072	TAF1	542	EKEEATSNSPS		pelm
ENSP00000276072	TAF1	545	EATSNSPSKES		pelm
ENSP00000361824	SPTAN1	1323	NQAWSSLGKRA		pelm
ENSP00000361824	SPTAN1	1217	NERWRSLQQLA		pelm
ENSP00000338185	PLCB1	982	KSEPSSPDHGS	MAPK3	pelm
ENSP00000338185	PLCB1	887	QPAPGSVKAPA		pelm
ENSP00000338868	PHF8	669	IEEDYTTDEDM		pelm
ENSP00000338868	PHF8	670	EEDYTTDEDMV		pelm
ENSP00000338868	PHF8	844	DDAPWSPKARV		pelm
ENSP00000338868	PHF8	686	KLGNGSGAGGI		pelm
ENSP00000338868	PHF8	818	EYIYPSLESDD		pelm
ENSP00000338868	PHF8	84	PVKTGSPTFVR		pelm
ENSP00000338868	PHF8	821	YPSLESDDDDP		pelm
ENSP00000302111	MGMT	232	GATSGSPPAGR		pelm
ENSP00000362441	ATRX	1924	SMSLSSDDYTK		pelm
ENSP00000362441	ATRX	1928	SSDDYTKKKKK		pelm
ENSP00000362441	ATRX	34	SEETSSPPRLA		pelm
ENSP00000362441	ATRX	675	TNPVTSNSDEE		pelm
ENSP00000362441	ATRX	1061	KKDELSDYAEK		pelm
ENSP00000362441	ATRX	71	SSSEKSKSSGS		pelm
ENSP00000362441	ATRX	2220	LDDPNSEKKKK		pelm
ENSP00000362441	ATRX	1992	KATSSSNPSSP		pelm
ENSP00000362441	ATRX	1348	HKLTVSDGESG		pelm
ENSP00000362441	ATRX	1989	EESKATSSSNP		pelm
ENSP00000362441	ATRX	1991	SKATSSSNPSS		pelm
ENSP00000362441	ATRX	1352	VSDGESGEEKK		pelm
ENSP00000362441	ATRX	74	EKSKSSGSSRS		pelm
ENSP00000362441	ATRX	1995	SSSNPSSPAPD		pelm
ENSP00000362441	ATRX	1996	SSNPSSPAPDW		pelm
ENSP00000362441	ATRX	674	ETNPVTSNSDE		pelm
ENSP00000362441	ATRX	849	TKDFDSSEDEK		pelm
ENSP00000362441	ATRX	850	KDFDSSEDEKH		pelm
ENSP00000362441	ATRX	84	SKRKPSIVTKY		pelm
ENSP00000362441	ATRX	87	KPSIVTKYVES		pelm
ENSP00000362441	ATRX	729	TVDQNSDSDEM		pelm
ENSP00000362441	ATRX	731	DQNSDSDEMLA		pelm
ENSP00000362441	ATRX	92	TKYVESDDEKP		pelm
ENSP00000362441	ATRX	634	LGQENSDNEHL		pelm
ENSP00000362441	ATRX	677	PVTSNSDEECN		pelm
ENSP00000362441	ATRX	1529	EDASPTKCPIT		pelm
ENSP00000362441	ATRX	1253	EALSKSVPVTV		pelm
ENSP00000362441	ATRX	870	HKNLKTSQEGS		pelm
ENSP00000362441	ATRX	871	KNLKTSQEGSS		pelm
ENSP00000362441	ATRX	875	TSQEGSSDDAE		pelm
ENSP00000362441	ATRX	876	SQEGSSDDAER		pelm
ENSP00000362441	ATRX	1913	DEFIASDSDET		pelm
ENSP00000362441	ATRX	1527	EIEDASPTKCP		pelm
ENSP00000362441	ATRX	889	ERETFSSAEGT		pelm
ENSP00000362441	ATRX	890	RETFSSAEGTV		pelm
ENSP00000362441	ATRX	1918	SDSDETSMSLS		pelm
ENSP00000362441	ATRX	1919	DSDETSMSLSS		pelm
ENSP00000312244	MSL3	400	HSRSSSPIPLT		pelm
ENSP00000312244	MSL3	407	IPLTPSKEGSA		pelm
ENSP00000312244	MSL3	411	PSKEGSAVFAG		pelm
ENSP00000312244	MSL3	405	SPIPLTPSKEG		pelm
ENSP00000312244	MSL3	367	SESSASPQPKR		pelm
ENSP00000251900	SCML2	594	ISPKSSPHEVK		pelm
ENSP00000251900	SCML2	258	TESSPSEASQH		pelm
ENSP00000251900	SCML2	576	QDFSRSVPGTT		pelm
ENSP00000251900	SCML2	256	AKTESSPSEAS		pelm
ENSP00000251900	SCML2	583	PGTTSSPLVGD		pelm
ENSP00000251900	SCML2	305	SVKNITPRKKG		pelm
ENSP00000251900	SCML2	581	SVPGTTSSPLV		pelm
ENSP00000251900	SCML2	267	QHSMQSPQKTT		pelm
ENSP00000251900	SCML2	495	VTERQSTKRSP		pelm
ENSP00000251900	SCML2	299	VPKRSSSVKNI		pelm
ENSP00000251900	SCML2	590	LVGDISPKSSP		pelm
ENSP00000251900	SCML2	300	PKRSSSVKNIT		pelm
ENSP00000251900	SCML2	503	RSPQQTVPYVV		pelm
ENSP00000251900	SCML2	499	QSTKRSPQQTV		pelm
ENSP00000251900	SCML2	255	IAKTESSPSEA		pelm
ENSP00000251900	SCML2	570	IHTSVSQDFSR		pelm
ENSP00000251900	SCML2	606	QMQRKSEAPSY		pelm
ENSP00000251900	SCML2	511	YVVPLSPKLPK		pelm
ENSP00000363392	SNX12	73	VRRRYSDFEWL		pelm
ENSP00000395535	MECP2	438	GGSLESDGCPK		pelm
ENSP00000395535	MECP2	90	AVPEASASPKQ		pelm
ENSP00000395535	MECP2	178	GRGSPSRREQK		pelm
ENSP00000395535	MECP2	92	PEASASPKQRR		pelm
ENSP00000395535	MECP2	161	KVGDTSLDPND		pelm
ENSP00000395535	MECP2	128	RKSGRSAGKYD		pelm
ENSP00000369009	CXorf23	17	KHRSLSPVPRN		pelm
ENSP00000369009	CXorf23	80	EHRSPSPNIRN		pelm
ENSP00000369009	CXorf23	78	SYEHRSPSPNI		pelm
ENSP00000369009	CXorf23	139	VQGGHSPDDHR		pelm
ENSP00000369009	CXorf23	15	RWKHRSLSPVP		pelm
ENSP00000369274	PHKA2	1015	MTRRFSADEQF		pelm
ENSP00000369274	PHKA2	735	LNLVDSPQPLL		pelm
ENSP00000369538	GDI2	61	FKIPGSPPESM		pelm
ENSP00000323511	PNKP	126	GTPLVSQDEKR		pelm
ENSP00000323511	PNKP	122	DTPPGTPLVSQ		pelm
ENSP00000323511	PNKP	118	ESQPDTPPGTP		pelm
ENSP00000323511	PNKP	114	TRTPESQPDTP		pelm
ENSP00000364591	TSPYL2	20	LSSSESPQRDP		pelm
ENSP00000364591	TSPYL2	18	RRLSSSESPQR		pelm
ENSP00000364591	TSPYL2	17	TRRLSSSESPQ		pelm
ENSP00000364591	TSPYL2	16	KTRRLSSSESP		pelm
ENSP00000370242	WWC3	890	VKERPSRRARG		pelm
ENSP00000370242	WWC3	378	ASSRGSLASSR		pelm
ENSP00000363193	MED12	635	GPRPPSPFDDP		pelm
ENSP00000362372	BRWD3	1455	KRLRSSSSSLS		pelm
ENSP00000362372	BRWD3	1466	SSGAPSPKGKQ		pelm
ENSP00000362372	BRWD3	1569	GREPRTGIKRK		pelm
ENSP00000362372	BRWD3	703	LRRHSSQIEGV		pelm
ENSP00000369400	NHS	394	QQEIDSDESPV		pelm
ENSP00000369400	NHS	380	LRRRKTISGIP		pelm
ENSP00000369400	NHS	1128	RSINKSEEVKQ		pelm
ENSP00000369400	NHS	483	SSRTRSRSLPR		pelm
ENSP00000369400	NHS	1478	PNSQRSPGLIY		pelm
ENSP00000369400	NHS	485	RTRSRSLPREG		pelm
ENSP00000369400	NHS	1124	SVNLRSINKSE		pelm
ENSP00000369400	NHS	878	FANTPSRMENA		pelm
ENSP00000369400	NHS	397	IDSDESPVARE		pelm
ENSP00000369400	NHS	684	NSFTSTVADLL		pelm
ENSP00000369400	NHS	1155	TTAALSPSKIR		pelm
ENSP00000369400	NHS	243	RREHRSRSDRR		pelm
ENSP00000369400	NHS	1308	TSQSDSPTRAT		pelm
ENSP00000369400	NHS	1241	PIPENTPTKNC		pelm
ENSP00000381045	UBE3A	218	RIGDSSQGDNN		pelm
ENSP00000331418	PTPRM	824	VSSPSSFTMKT		pelm
ENSP00000331418	PTPRM	821	GRSVSSPSSFT		pelm
ENSP00000331418	PTPRM	823	SVSSPSSFTMK		pelm
ENSP00000268383	CDR2	311	LKRSSSETILS		pelm
ENSP00000268383	CDR2	309	KPLKRSSSETI		pelm
ENSP00000359417	MTMR1	653	SERGSSPSHSA		pelm
ENSP00000390475	CXXC1	227	SLSPVTPSESL		pelm
ENSP00000390475	CXXC1	224	FPSSLSPVTPS		pelm
ENSP00000302111	MGMT	232	GATSGSPPAGR		hprd
ENSP00000331418	PTPRM	821	GRSVSSPSSFT		hprd
ENSP00000331418	PTPRM	824	VSSPSSFTMKT		hprd
ENSP00000331418	PTPRM	823	SVSSPSSFTMK		hprd
ENSP00000331418	PTPRM	264	RCMIRTEGGVG		hprd
ENSP00000364554	SCN1A	1907	KQEEVSAVIIQ		hprd
ENSP00000361824	SPTAN1	1323	NQAWSSLGKRA		hprd
ENSP00000361824	SPTAN1	1217	NERWRSLQQLA		hprd
ENSP00000361824	SPTAN1	1031	PAQSASRENLL		hprd
ENSP00000361824	SPTAN1	1041	LEEQGSIALRQ		hprd
ENSP00000361824	SPTAN1	2143	HDAFRSSLSSA		hprd
ENSP00000361824	SPTAN1	2144	DAFRSSLSSAQ		hprd
ENSP00000361824	SPTAN1	196	FEEFQTDMAAH		hprd
ENSP00000361824	SPTAN1	1029	LDPAQSASREN		hprd
ENSP00000361824	SPTAN1	667	KLLEATELKGI		hprd
ENSP00000361824	SPTAN1	783	QKLADSLRLQQ		hprd
ENSP00000361824	SPTAN1	940	LMSDLSAYGSS		hprd
ENSP00000361824	SPTAN1	982	DYQEKSPREVT		hprd
ENSP00000361824	SPTAN1	999	LTLLNSTNKDW		hprd
ENSP00000361824	SPTAN1	1190	DSKTASPWKSA		hprd
ENSP00000361824	SPTAN1	1413	HGHYASPEIKQ		hprd
ENSP00000361824	SPTAN1	1652	FLVQKSAEKSQ		hprd
ENSP00000361824	SPTAN1	1075	EELYHSLLELG		hprd
ENSP00000395535	MECP2	92	PEASASPKQRR		hprd
ENSP00000395535	MECP2	90	AVPEASASPKQ		hprd
ENSP00000395535	MECP2	128	RKSGRSAGKYD		hprd
ENSP00000395535	MECP2	161	KVGDTSLDPND		hprd
ENSP00000395535	MECP2	438	GGSLESDGCPK		hprd
ENSP00000395535	MECP2	241	MPFQTSPGGKA		hprd
ENSP00000395535	MECP2	172	FDFTVTGRGSP		hprd
ENSP00000395535	MECP2	228	RVLEKSPGKLL		hprd
ENSP00000395535	MECP2	240	KMPFQTSPGGK		hprd
ENSP00000362441	ATRX	34	SEETSSPPRLA		hprd
ENSP00000362441	ATRX	871	KNLKTSQEGSS		hprd
ENSP00000362441	ATRX	1989	EESKATSSSNP		hprd
ENSP00000362441	ATRX	1990	ESKATSSSNPS		hprd
ENSP00000362441	ATRX	1992	KATSSSNPSSP		hprd
ENSP00000362441	ATRX	1995	SSSNPSSPAPD		hprd
ENSP00000362441	ATRX	1991	SKATSSSNPSS		hprd
ENSP00000362441	ATRX	634	LGQENSDNEHL		hprd
ENSP00000362441	ATRX	849	TKDFDSSEDEK		hprd
ENSP00000362441	ATRX	850	KDFDSSEDEKH		hprd
ENSP00000362441	ATRX	887	KQERETFSSAE		hprd
ENSP00000362441	ATRX	890	RETFSSAEGTV		hprd
ENSP00000362441	ATRX	1527	EIEDASPTKCP		hprd
ENSP00000362441	ATRX	1529	EDASPTKCPIT		hprd
ENSP00000362441	ATRX	1352	VSDGESGEEKK		hprd
ENSP00000362441	ATRX	1348	HKLTVSDGESG		hprd
ENSP00000362441	ATRX	745	EVSRMSHSSSS		hprd
ENSP00000362441	ATRX	759	INEIHTNHKTL		hprd
ENSP00000362441	ATRX	729	TVDQNSDSDEM		hprd
ENSP00000362441	ATRX	731	DQNSDSDEMLA		hprd
ENSP00000362441	ATRX	703	KDKRNSSDSAI		hprd
ENSP00000362441	ATRX	706	RNSSDSAIDNP		hprd
ENSP00000362441	ATRX	684	EECNETVKEKQ		hprd
ENSP00000362441	ATRX	29	HSSEESEETSS		hprd
ENSP00000362441	ATRX	33	ESEETSSPPRL		hprd
ENSP00000362441	ATRX	84	SKRKPSIVTKY		hprd
ENSP00000362441	ATRX	87	KPSIVTKYVES		hprd
ENSP00000362441	ATRX	92	TKYVESDDEKP		hprd
ENSP00000362441	ATRX	674	ETNPVTSNSDE		hprd
ENSP00000362441	ATRX	675	TNPVTSNSDEE		hprd
ENSP00000362441	ATRX	677	PVTSNSDEECN		hprd
ENSP00000362441	ATRX	870	HKNLKTSQEGS		hprd
ENSP00000362441	ATRX	875	TSQEGSSDDAE		hprd
ENSP00000362441	ATRX	876	SQEGSSDDAER		hprd
ENSP00000362441	ATRX	889	ERETFSSAEGT		hprd
ENSP00000362441	ATRX	1253	EALSKSVPVTV		hprd
ENSP00000362441	ATRX	1913	DEFIASDSDET		hprd
ENSP00000362441	ATRX	1918	SDSDETSMSLS		hprd
ENSP00000362441	ATRX	1919	DSDETSMSLSS		hprd
ENSP00000362441	ATRX	1924	SMSLSSDDYTK		hprd
ENSP00000362441	ATRX	1928	SSDDYTKKKKK		hprd
ENSP00000362441	ATRX	1996	SSNPSSPAPDW		hprd
ENSP00000362441	ATRX	2220	LDDPNSEKKKK		hprd
ENSP00000362441	ATRX	71	SSSEKSKSSGS		hprd
ENSP00000362441	ATRX	74	EKSKSSGSSRS		hprd
ENSP00000362441	ATRX	1322	KNQVNSESDSD		hprd
ENSP00000362441	ATRX	1324	QVNSESDSDSE		hprd
ENSP00000362441	ATRX	1326	NSESDSDSEES		hprd
ENSP00000362441	ATRX	1328	ESDSDSEESKK		hprd
ENSP00000362441	ATRX	1011	EQQYESSSDGT		hprd
ENSP00000362441	ATRX	1012	QQYESSSDGTE		hprd
ENSP00000362441	ATRX	1013	QYESSSDGTEK		hprd
ENSP00000362441	ATRX	1061	KKDELSDYAEK		hprd
ENSP00000362441	ATRX	1440	SSENKSNSEEE		hprd
ENSP00000362441	ATRX	1442	ENKSNSEEEEE		hprd
ENSP00000362441	ATRX	974	LKKDQSDETSE		hprd
ENSP00000362441	ATRX	977	DQSDETSEDDK		hprd
ENSP00000362441	ATRX	978	QSDETSEDDKK		hprd
ENSP00000362441	ATRX	1346	LRHKLTVSDGE		hprd
ENSP00000362441	ATRX	594	KLTPVSLSNSP		hprd
ENSP00000362441	ATRX	598	VSLSNSPIKGA		hprd
ENSP00000362441	ATRX	596	TPVSLSNSPIK		hprd
ENSP00000362441	ATRX	108	VNEDASNENSE		hprd
ENSP00000362441	ATRX	112	ASNENSENDIT		hprd
ENSP00000362441	ATRX	1141	ERRNLSSKRNT		hprd
ENSP00000362441	ATRX	65	SKEEGTSSSEK		hprd
ENSP00000362441	ATRX	316	HTSRFSPKKTS		hprd
ENSP00000362441	ATRX	566	VKLNISSKDNR		hprd
ENSP00000362441	ATRX	591	LYVKLTPVSLS		hprd
ENSP00000362441	ATRX	662	PRVKTTPLRRP		hprd
ENSP00000362441	ATRX	1244	TGFCQSSGDEA		hprd
ENSP00000362441	ATRX	1245	GFCQSSGDEAL		hprd
ENSP00000362441	ATRX	1772	ENLLGSIKEFR		hprd
ENSP00000362441	ATRX	1980	NNPSVSLKLEE		hprd
ENSP00000362441	ATRX	1237	NLVLSSHTGFC		hprd
ENSP00000394071	GDI1	413	THFETTCNDIK		hprd
ENSP00000394071	GDI1	43	YYGGESSSITP		hprd
ENSP00000394071	GDI1	45	GGESSSITPLE		hprd
ENSP00000394071	GDI1	222	ARYGKSPYLYP		hprd
ENSP00000347710	OPHN1	652	DPGRKSPSRPI		hprd
ENSP00000327589	GLUD2	12	KALLPSRAGPA		hprd
ENSP00000359417	MTMR1	653	SERGSSPSHSA		hprd
ENSP00000367408	CASK	49	DVAKFTSSPGL		hprd
ENSP00000367408	CASK	51	AKFTSSPGLST		hprd
ENSP00000367408	CASK	394	KINTKSSPQIR		hprd
ENSP00000363193	MED12	635	GPRPPSPFDDP		hprd
ENSP00000363193	MED12	698	CEGKGSPSPEK		hprd
ENSP00000363193	MED12	700	GKGSPSPEKPD		hprd
ENSP00000363193	MED12	1778	GAAPPSTEERK		hprd
ENSP00000363193	MED12	1258	EGGGGSGGRRQ		hprd
ENSP00000363193	MED12	1269	GGRNISVETAS		hprd
ENSP00000363193	MED12	665	PGLSESMDIDP		hprd
ENSP00000363480	DLG3	112	PECTCTNRDWY		hprd
ENSP00000363480	DLG3	123	EQVNGSDGMFK		hprd
ENSP00000251900	SCML2	499	QSTKRSPQQTV		hprd
ENSP00000251900	SCML2	511	YVVPLSPKLPK		hprd
ENSP00000251900	SCML2	570	IHTSVSQDFSR		hprd
ENSP00000251900	SCML2	255	IAKTESSPSEA		hprd
ENSP00000251900	SCML2	267	QHSMQSPQKTT		hprd
ENSP00000251900	SCML2	256	AKTESSPSEAS		hprd
ENSP00000251900	SCML2	258	TESSPSEASQH		hprd
ENSP00000251900	SCML2	299	VPKRSSSVKNI		hprd
ENSP00000251900	SCML2	300	PKRSSSVKNIT		hprd
ENSP00000251900	SCML2	305	SVKNITPRKKG		hprd
ENSP00000251900	SCML2	495	VTERQSTKRSP		hprd
ENSP00000251900	SCML2	503	RSPQQTVPYVV		hprd
ENSP00000251900	SCML2	576	QDFSRSVPGTT		hprd
ENSP00000251900	SCML2	590	LVGDISPKSSP		hprd
ENSP00000251900	SCML2	594	ISPKSSPHEVK		hprd
ENSP00000251900	SCML2	581	SVPGTTSSPLV		hprd
ENSP00000251900	SCML2	583	PGTTSSPLVGD		hprd
ENSP00000251900	SCML2	606	QMQRKSEAPSY		hprd
ENSP00000251900	SCML2	253	KNIAKTESSPS		hprd
ENSP00000251900	SCML2	582	VPGTTSSPLVG		hprd
ENSP00000251900	SCML2	333	AASLKSLTRDR		hprd
ENSP00000251900	SCML2	335	SLKSLTRDRGM		hprd
ENSP00000251900	SCML2	593	DISPKSSPHEV		hprd
ENSP00000359729	SLC9A6	656	RFMGNSSEDAL		hprd
ENSP00000359729	SLC9A6	657	FMGNSSEDALD		hprd
ENSP00000349824	REPS2	121	IAAAQSGLPVR		hprd
ENSP00000349824	REPS2	254	LRHQASLIRSF		hprd
ENSP00000346667	WNK3	1471	GKQPSSDSEFS		hprd
ENSP00000369400	NHS	310	IHNIPSTLDKQ		hprd
ENSP00000369400	NHS	1128	RSINKSEEVKQ		hprd
ENSP00000369400	NHS	1124	SVNLRSINKSE		hprd
ENSP00000369400	NHS	380	LRRRKTISGIP		hprd
ENSP00000369400	NHS	394	QQEIDSDESPV		hprd
ENSP00000369400	NHS	397	IDSDESPVARE		hprd
ENSP00000369400	NHS	684	NSFTSTVADLL		hprd
ENSP00000369400	NHS	878	FANTPSRMENA		hprd
ENSP00000369400	NHS	1155	TTAALSPSKIR		hprd
ENSP00000369400	NHS	1241	PIPENTPTKNC		hprd
ENSP00000369400	NHS	1308	TSQSDSPTRAT		hprd
ENSP00000369400	NHS	1478	PNSQRSPGLIY		hprd
ENSP00000369400	NHS	311	HNIPSTLDKQT		hprd
ENSP00000369400	NHS	483	SSRTRSRSLPR		hprd
ENSP00000369400	NHS	485	RTRSRSLPREG		hprd
ENSP00000369274	PHKA2	735	LNLVDSPQPLL		hprd
ENSP00000369274	PHKA2	1015	MTRRFSADEQF		hprd
ENSP00000369274	PHKA2	729	SAHRKSLNLVD		hprd
ENSP00000369274	PHKA2	1043	RSSTPSSPTGT		hprd
ENSP00000359567	SOX3	379	VKSEPSSPPPA		hprd
ENSP00000359567	SOX3	380	KSEPSSPPPAI		hprd
ENSP00000295987	SYN1	510	PQRLPSPTSAP		hprd
ENSP00000295987	SYN1	9	LRRRLSDSNFM	PRKACA	hprd
ENSP00000295987	SYN1	568	ATRQTSVSGPA	CAMK2G	hprd
ENSP00000295987	SYN1	605	PTRQASQAGPV	CAMK2G	hprd
ENSP00000295987	SYN1	551	ARPPASPSPQR	CDK5	hprd
ENSP00000295987	SYN1	553	PPASPSPQRQA	CDK5	hprd
ENSP00000295987	SYN1	62	VAPAASPAAPS	CDK5	hprd
ENSP00000295987	SYN1	67	SPAAPSPGSSG	CDK5	hprd
ENSP00000276072	TAF1	542	EKEEATSNSPS		hprd
ENSP00000276072	TAF1	1701	DIPSATPEKQV		hprd
ENSP00000276072	TAF1	1176	TASVTSLNSSA		hprd
ENSP00000276072	TAF1	543	KEEATSNSPSK		hprd
ENSP00000276072	TAF1	545	EATSNSPSKES		hprd
ENSP00000276072	TAF1	547	TSNSPSKESKK		hprd
ENSP00000276072	TAF1	1171	HRDDDTASVTS		hprd
ENSP00000276072	TAF1	1175	DTASVTSLNSS		hprd
ENSP00000369538	GDI2	61	FKIPGSPPESM		hprd
ENSP00000381045	UBE3A	218	RIGDSSQGDNN		hprd
ENSP00000352035	KCNQ2	551	MRFLVSKRKFK	PRKCA	hprd
ENSP00000352035	KCNQ2	558	RKFKESLRPYD	PRKCA	hprd
ENSP00000362399	STXBP1	306	QEVTRSLKDFS	PRKCA	hprd
ENSP00000362399	STXBP1	313	KDFSSSKRMNT	PRKCA	hprd
ENSP00000362399	STXBP1	590	PDFRESSRVSF		hprd
ENSP00000312244	MSL3	400	HSRSSSPIPLT		hprd
ENSP00000312244	MSL3	399	VHSRSSSPIPL		hprd
ENSP00000312244	MSL3	367	SESSASPQPKR		hprd
ENSP00000312244	MSL3	405	SPIPLTPSKEG		hprd
ENSP00000312244	MSL3	407	IPLTPSKEGSA		hprd
ENSP00000312244	MSL3	411	PSKEGSAVFAG		hprd
ENSP00000312244	MSL3	398	PVHSRSSSPIP		hprd
ENSP00000338185	PLCB1	887	QPAPGSVKAPA	PRKCA	hprd
ENSP00000338185	PLCB1	982	KSEPSSPDHGS	MAPK3	hprd
ENSP00000338185	PLCB1	569	SFEMSSFVETK		hprd
ENSP00000338185	PLCB1	573	SSFVETKGLEQ		hprd
ENSP00000338185	PLCB1	918	LKQQKSFVKLQ		hprd
ENSP00000359403	CD99L2	99	RWNHVTTTTKR		hprd
ENSP00000368824	CNKSR2	390	HKGSESPNSFL		hprd
ENSP00000368824	CNKSR2	908	EKLGDSLQDLY		hprd
ENSP00000218147	BCORL1	48	CQHFGSQEFCV		hprd
ENSP00000218147	BCORL1	613	EREMASPPECS		hprd
ENSP00000218147	BCORL1	1033	SSRRGSSTERP		hprd
ENSP00000218147	BCORL1	1162	ESTKKSPRGAS		hprd
ENSP00000218147	BCORL1	155	KQVDCSPAGVK		hprd
ENSP00000218147	BCORL1	1679	GLDDRSPPGSS		hprd
ENSP00000218147	BCORL1	1314	RQMWDTNEEEE		hprd
ENSP00000218147	BCORL1	1034	SRRGSSTERPQ		hprd
ENSP00000368972	MAP7D2	721	IEGFNSPGQET		hprd
ENSP00000368972	MAP7D2	650	QSMDVSPVSKE		hprd
ENSP00000368972	MAP7D2	653	DVSPVSKEELI		hprd
ENSP00000362372	BRWD3	703	LRRHSSQIEGV		hprd
ENSP00000362372	BRWD3	1569	GREPRTGIKRK		hprd
ENSP00000362372	BRWD3	1455	KRLRSSSSSLS		hprd
ENSP00000362372	BRWD3	1466	SSGAPSPKGKQ		hprd
ENSP00000362372	BRWD3	1577	KRKLLSASEED		hprd
ENSP00000362372	BRWD3	1454	RKRLRSSSSSL		hprd
ENSP00000362372	BRWD3	268	HSASITSIQFC		hprd
ENSP00000338868	PHF8	84	PVKTGSPTFVR		hprd
ENSP00000338868	PHF8	821	YPSLESDDDDP		hprd
ENSP00000338868	PHF8	669	IEEDYTTDEDM		hprd
ENSP00000338868	PHF8	670	EEDYTTDEDMV		hprd
ENSP00000338868	PHF8	686	KLGNGSGAGGI		hprd
ENSP00000338868	PHF8	818	EYIYPSLESDD		hprd
ENSP00000338868	PHF8	844	DDAPWSPKARV		hprd
ENSP00000338868	PHF8	768	GTVSNSPASQR		hprd
ENSP00000338868	PHF8	790	YWRTESEEEEE		hprd
ENSP00000338868	PHF8	486	RLSLPSKNGSK		hprd
ENSP00000369009	CXorf23	73	NIYYQSYEHRS		hprd
ENSP00000369009	CXorf23	17	KHRSLSPVPRN		hprd
ENSP00000369009	CXorf23	15	RWKHRSLSPVP		hprd
ENSP00000369009	CXorf23	78	SYEHRSPSPNI		hprd
ENSP00000369009	CXorf23	80	EHRSPSPNIRN		hprd
ENSP00000360171	TENM1	2580	FIKLGSLEEDL		hprd
ENSP00000268383	CDR2	309	KPLKRSSSETI		hprd
ENSP00000268383	CDR2	311	LKRSSSETILS		hprd
ENSP00000268383	CDR2	310	PLKRSSSETIL		hprd
ENSP00000268383	CDR2	313	RSSSETILSSL		hprd
ENSP00000364591	TSPYL2	20	LSSSESPQRDP	CDK2	hprd
ENSP00000364591	TSPYL2	340	LVSHSTPIRWH	CDK2	hprd
ENSP00000364591	TSPYL2	16	KTRRLSSSESP		hprd
ENSP00000364591	TSPYL2	17	TRRLSSSESPQ		hprd
ENSP00000364591	TSPYL2	18	RRLSSSESPQR		hprd
ENSP00000363392	SNX12	73	VRRRYSDFEWL		hprd
ENSP00000323511	PNKP	114	TRTPESQPDTP		hprd
ENSP00000323511	PNKP	126	GTPLVSQDEKR		hprd
ENSP00000323511	PNKP	118	ESQPDTPPGTP		hprd
ENSP00000323511	PNKP	122	DTPPGTPLVSQ		hprd
ENSP00000323511	PNKP	111	WEETRTPESQP		hprd
ENSP00000390475	CXXC1	224	FPSSLSPVTPS		hprd
ENSP00000390475	CXXC1	227	SLSPVTPSESL		hprd
ENSP00000390475	CXXC1	19	GEDSKSENGEN		hprd
ENSP00000390475	CXXC1	517	KYESQTSFGSM		hprd
ENSP00000370242	WWC3	378	ASSRGSLASSR		hprd
ENSP00000255531	PCDH19	37	EQRAGTVIANV		hprd
