name	ICK
id	ENSP00000263043
type	Serine/threonine kinase
proline+1_removed	No
npartners	217
npartners_with_sites	217
nsites	516
//
motif	score	fg_matches	fg_size	bg_matches	bg_size	fold_increase
.....[ST]P....	307.65	227	1046	617	10000	3.52
..R..[ST].....	13.29	97	819	483	9383	2.3
.....[ST]..E..	9.49	94	722	585	8900	1.98
..S..[ST].....	6.96	107	628	848	8315	1.67
//
sub_ensp	sub_name	sub_position	sub_region	kinase_name	source
ENSP00000225402	AATF	20	LNPRPSEADPE		psite
ENSP00000225402	AATF	61	IRKLASASLLD		psite
ENSP00000225402	AATF	63	KLASASLLDTD		psite
ENSP00000225402	AATF	67	ASLLDTDKRYC		psite
ENSP00000225402	AATF	143	KSRSHSAKTPG	CHEK2	psite
ENSP00000225402	AATF	146	SHSAKTPGFSV		psite
ENSP00000225402	AATF	150	KTPGFSVQSIS		psite
ENSP00000225402	AATF	153	GFSVQSISDFE		psite
ENSP00000225402	AATF	155	SVQSISDFEKF		psite
ENSP00000225402	AATF	189	DDAEDSQGESE	ATM	psite
ENSP00000225402	AATF	203	AGDRNSEDDGV		psite
ENSP00000225402	AATF	273	GPEFSSALKNS		psite
ENSP00000225402	AATF	310	YLVDGTKPNAG		psite
ENSP00000225402	AATF	316	KPNAGSEEISS		psite
ENSP00000225402	AATF	320	GSEEISSEDDE		psite
ENSP00000225402	AATF	321	SEEISSEDDEL		psite
ENSP00000225402	AATF	366	VYRNRTLQKWH		psite
ENSP00000225402	AATF	477	IERKTSSLDPN	CHEK2	psite
ENSP00000225402	AATF	510	VDRKASKGRKL	CHEK2	psite
ENSP00000265724	ABCB1	23	KLNNKSEKDKK		psite
ENSP00000265724	ABCB1	263	LAAIRTVIAFG		psite
ENSP00000265724	ABCB1	661	NDSRSSLIRKR	PRKCA	psite
ENSP00000265724	ABCB1	667	LIRKRSTRRSV	PRKACA	psite
ENSP00000265724	ABCB1	667	LIRKRSTRRSV	PRKCA	psite
ENSP00000265724	ABCB1	671	RSTRRSVRGSQ	PRKACA	psite
ENSP00000265724	ABCB1	671	RSTRRSVRGSQ	PRKCA	psite
ENSP00000265724	ABCB1	683	QDRKLSTKEAL	PRKACA	psite
ENSP00000296577	ABCE1	42	LCIEVTPQSKI		psite
ENSP00000296577	ABCE1	183	KAAKGTVGSIL		psite
ENSP00000296577	ABCE1	328	RFRDASLVFKV		psite
ENSP00000296577	ABCE1	417	KPQKISPKSTG		psite
ENSP00000296577	ABCE1	423	PKSTGSVRQLL		psite
ENSP00000296577	ABCE1	550	ANSPQTLLAGM		psite
ENSP00000295897	ALB	18	FSSAYSRGVFR		psite
ENSP00000295897	ALB	82	CVADESAENCD		psite
ENSP00000295897	ALB	92	DKSLHTLFGDK		psite
ENSP00000295897	ALB	107	ATLRETYGEMA		psite
ENSP00000295897	ALB	217	EGKASSAKQRL		psite
ENSP00000295897	ALB	336	ADFVESKDVCK		psite
ENSP00000295897	ALB	366	RHPDYSVVLLL		psite
ENSP00000295897	ALB	376	LRLAKTYETTL		psite
ENSP00000295897	ALB	379	AKTYETTLEKC		psite
ENSP00000295897	ALB	443	KVPQVSTPTLV		psite
ENSP00000295897	ALB	444	VPQVSTPTLVE		psite
ENSP00000295897	ALB	446	QVSTPTLVEVS		psite
ENSP00000295897	ALB	520	LEVDETYVPKE		psite
ENSP00000306185	ANTXR2	113	DLKRVSPVGET		psite
ENSP00000306185	ANTXR2	118	SPVGETYIHEG		psite
ENSP00000306185	ANTXR2	147	IIIALTDGKLD		psite
ENSP00000306185	ANTXR2	379	PTVDASYYGGR		psite
ENSP00000296456	APEH	185	KALDVSASDDE		psite
ENSP00000296456	APEH	187	LDVSASDDEIA		psite
ENSP00000278616	ATM	72	YIQKETECLRI		psite
ENSP00000278616	ATM	85	PNVSASTQASR		psite
ENSP00000278616	ATM	86	NVSASTQASRQ		psite
ENSP00000278616	ATM	237	ILAALTIFLKT		psite
ENSP00000278616	ATM	367	RSLEISQSYTT	ATM	psite
ENSP00000278616	ATM	373	QSYTTTQRESS		psite
ENSP00000278616	ATM	440	LLMILSQLLPQ	ATM	psite
ENSP00000278616	ATM	569	CEVNRSFSLKE		psite
ENSP00000278616	ATM	794	NCTKKSPNKIA	CDK5	psite
ENSP00000278616	ATM	1403	KTKLKSILEIL	AURKB	psite
ENSP00000278616	ATM	1655	NLLQLSKMAIN		psite
ENSP00000278616	ATM	1662	MAINHTGEKEV		psite
ENSP00000278616	ATM	1878	CLRHFSQTSRS		psite
ENSP00000278616	ATM	1883	SQTSRSTTPAN		psite
ENSP00000278616	ATM	1885	TSRSTTPANLD	ATM	psite
ENSP00000278616	ATM	1891	PANLDSESEHF		psite
ENSP00000278616	ATM	1893	NLDSESEHFFR	ATM	psite
ENSP00000278616	ATM	2031	MLQPITRLRTY		psite
ENSP00000278616	ATM	2165	KRSLESVYSLY		psite
ENSP00000278616	ATM	2168	LESVYSLYPTL		psite
ENSP00000278616	ATM	2996	CKRNLSDIDQS	ATM	psite
ENSP00000338072	AVPR2	255	GRRTGSPGEGA	PRKACA	psite
ENSP00000338072	AVPR2	362	SCTTASSSLAK		psite
ENSP00000338072	AVPR2	363	CTTASSSLAKD		psite
ENSP00000338072	AVPR2	364	TTASSSLAKDT		psite
ENSP00000359790	DST	135	SVQGASIRRPS		psite
ENSP00000336687	CBX3	55	KWKGFTDADNT		psite
ENSP00000336687	CBX3	60	TDADNTWEPEE		psite
ENSP00000336687	CBX3	79	EAFLNSQKAGK		psite
ENSP00000336687	CBX3	89	KEKDGTKRKSL		psite
ENSP00000336687	CBX3	93	GTKRKSLSDSE	PRKACA	psite
ENSP00000336687	CBX3	95	KRKSLSDSESD		psite
ENSP00000336687	CBX3	97	KSLSDSESDDS		psite
ENSP00000336687	CBX3	99	LSDSESDDSKS		psite
ENSP00000336687	CBX3	102	SESDDSKSKKK		psite
ENSP00000336687	CBX3	132	IGATDSSGELM		psite
ENSP00000336687	CBX3	173	YEERLTWHSCP		psite
ENSP00000336687	CBX3	176	RLTWHSCPEDE		psite
ENSP00000276014	CCNB3	1331	HYSGYSISELH		psite
ENSP00000276014	CCNB3	1333	SGYSISELHPL		psite
ENSP00000324101	CD151	199	QRDHASNIYKV		psite
ENSP00000256509	CHL1	1143	DPEIQSVKDET		psite
ENSP00000256509	CHL1	1163	KPLKGSLRSLN		psite
ENSP00000256509	CHL1	1166	KGSLRSLNRDM		psite
ENSP00000256509	CHL1	1196	FSEDGSFIGAY		psite
ENSP00000346566	CKAP5	423	LFIARSFRHCT		psite
ENSP00000346566	CKAP5	521	PLPGRTAASGA		psite
ENSP00000346566	CKAP5	816	KMQGQSPPAPT		psite
ENSP00000346566	CKAP5	832	HSTSGTDEGED		psite
ENSP00000346566	CKAP5	845	EPDDGSNDVVD		psite
ENSP00000346566	CKAP5	1138	SSKAKSAQGKK		psite
ENSP00000346566	CKAP5	1363	NVCQPTPGKAL		psite
ENSP00000346566	CKAP5	1469	LNQARSMSGHP		psite
ENSP00000346566	CKAP5	1741	RMMKHSMDQTG		psite
ENSP00000064724	CLDN11	196	YYTAGSSSPTH		psite
ENSP00000064724	CLDN11	197	YTAGSSSPTHA		psite
ENSP00000064724	CLDN11	198	TAGSSSPTHAK		psite
ENSP00000297848	COL14A1	963	RQKQESTVGGG		psite
ENSP00000297848	COL14A1	970	VGGGTTRHCFY		psite
ENSP00000297848	COL14A1	989	KISVYTKLQEI		psite
ENSP00000292476	CPSF4	61	PFRHISGEKTV		psite
ENSP00000292476	CPSF4	200	PPLQRSSSLIQ		psite
ENSP00000292476	CPSF4	201	PLQRSSSLIQL		psite
ENSP00000292476	CPSF4	202	LQRSSSLIQLT		psite
ENSP00000292476	CPSF4	211	LTSQNSSPNQQ		psite
ENSP00000292476	CPSF4	212	TSQNSSPNQQR		psite
ENSP00000264723	CSPG5	467	KFRTPSELHND		psite
ENSP00000308928	CYLD	13	QEKVTSPYWEE		psite
ENSP00000308928	CYLD	45	KVPKGSIGQYI		psite
ENSP00000308928	CYLD	344	ATGSTSDPGNR		psite
ENSP00000308928	CYLD	387	EDPAKSLTEIS		psite
ENSP00000308928	CYLD	399	DFDRSSPPLQP		psite
ENSP00000308928	CYLD	418	ENRFHSLPFSL	IKBKB	psite
ENSP00000308928	CYLD	422	HSLPFSLTKMP	IKBKB	psite
ENSP00000308928	CYLD	424	LPFSLTKMPNT		psite
ENSP00000308928	CYLD	432	PNTNGSIGHSP	IKBKB	psite
ENSP00000308928	CYLD	436	GSIGHSPLSLS	IKBKB	psite
ENSP00000308928	CYLD	439	GHSPLSLSAQS	IKBKB	psite
ENSP00000308928	CYLD	441	SPLSLSAQSVM	IKBKB	psite
ENSP00000308928	CYLD	444	SLSAQSVMEEL	IKBKB	psite
ENSP00000308928	CYLD	547	DSRFASLQPVS		psite
ENSP00000301764	DDB1	116	RIGRPSETGII		psite
ENSP00000301764	DDB1	294	EQMDGTVTLKD		psite
ENSP00000301764	DDB1	296	MDGTVTLKDLR		psite
ENSP00000301764	DDB1	636	LGTQPTVLRTF		psite
ENSP00000301764	DDB1	640	PTVLRTFRSLS		psite
ENSP00000301764	DDB1	645	TFRSLSTTNVF		psite
ENSP00000301764	DDB1	646	FRSLSTTNVFA		psite
ENSP00000301764	DDB1	720	VPLYESPRKIC		psite
ENSP00000301764	DDB1	1125	MKREATADDLI		psite
ENSP00000319651	DMRTA1	435	PRVGISPLRLA		psite
ENSP00000242317	DNAI1	131	ELVAGSQESVK		psite
ENSP00000242317	DNAI1	134	AGSQESVKVIS		psite
ENSP00000349076	ATN1	34	SRGRASPGGVS		psite
ENSP00000349076	ATN1	39	SPGGVSTSSSD		psite
ENSP00000349076	ATN1	64	VEEASTPKVNK		psite
ENSP00000349076	ATN1	77	RSEEISESESE		psite
ENSP00000349076	ATN1	79	EEISESESEET		psite
ENSP00000349076	ATN1	101	LPRPQSPSDLD		psite
ENSP00000349076	ATN1	103	RPQSPSDLDSL		psite
ENSP00000349076	ATN1	107	PSDLDSLDGRS		psite
ENSP00000349076	ATN1	112	SLDGRSLNDDG		psite
ENSP00000349076	ATN1	119	NDDGSSDPRDI		psite
ENSP00000349076	ATN1	168	PLFPPSPQPPD		psite
ENSP00000349076	ATN1	632	GYKTASPPGPP		psite
ENSP00000349076	ATN1	645	GKRAPSPGAYK		psite
ENSP00000349076	ATN1	653	AYKTATPPGYK		psite
ENSP00000349076	ATN1	661	GYKPGSPPSFR		psite
ENSP00000349076	ATN1	669	SFRTGTPPGYR		psite
ENSP00000349076	ATN1	739	YETPESPVPPA	MAPK8	psite
ENSP00000349076	ATN1	739	YETPESPVPPA	MAPK10	psite
ENSP00000349076	ATN1	746	VPPARSPSPPP		psite
ENSP00000349076	ATN1	748	PARSPSPPPKV		psite
ENSP00000349076	ATN1	896	RPHVMSPGNRN		psite
ENSP00000250454	EAPP	17	AVEEPSDEEPA		psite
ENSP00000250454	EAPP	24	EEPALSSSEDE		psite
ENSP00000250454	EAPP	25	EPALSSSEDEV		psite
ENSP00000250454	EAPP	26	PALSSSEDEVD		psite
ENSP00000250454	EAPP	50	IRECLTGESES		psite
ENSP00000250454	EAPP	53	CLTGESESSSE		psite
ENSP00000250454	EAPP	55	TGESESSSEDE		psite
ENSP00000250454	EAPP	56	GESESSSEDEF		psite
ENSP00000250454	EAPP	57	ESESSSEDEFE		psite
ENSP00000250454	EAPP	87	SLGTGSSSGNG		psite
ENSP00000250454	EAPP	109	DIYFDSDSEDE		psite
ENSP00000250454	EAPP	111	YFDSDSEDEDR		psite
ENSP00000302051	ECEL1	32	GARGASLPPGF		psite
ENSP00000363680	EDA	374	ISINMSKHTTF		psite
ENSP00000315011	EDNRA	289	NRRNGSLRIAL		psite
ENSP00000315011	EDNRA	295	LRIALSEHLKQ		psite
ENSP00000315011	EDNRA	382	KNCFQSCLCCC		psite
ENSP00000315011	EDNRA	391	CCCYQSKSLMT		psite
ENSP00000315011	EDNRA	393	CYQSKSLMTSV		psite
ENSP00000315011	EDNRA	396	SKSLMTSVPMN		psite
ENSP00000315011	EDNRA	397	KSLMTSVPMNG		psite
ENSP00000315011	EDNRA	403	VPMNGTSIQWK		psite
ENSP00000315011	EDNRA	404	PMNGTSIQWKN		psite
ENSP00000315011	EDNRA	417	QNNHNTDRSSH		psite
ENSP00000315011	EDNRA	420	HNTDRSSHKDS		psite
ENSP00000315011	EDNRA	421	NTDRSSHKDSM		psite
ENSP00000263360	EED	34	SNPDLSGDEND		psite
ENSP00000263360	EED	43	NDDAVSIESGT		psite
ENSP00000263360	EED	55	TERPDTPTNTP		psite
ENSP00000263360	EED	115	PLVFATVGSNR		psite
ENSP00000352673	ELF3	207	GASRSSHSSDS	PAK1	psite
ENSP00000352673	ELF3	322	QKKKNSNMTYE		psite
ENSP00000262809	ELL	180	SRKRATPINLA		psite
ENSP00000262809	ELL	194	RKSGASAVSGG		psite
ENSP00000262809	ELL	200	AVSGGSGVSQR		psite
ENSP00000262809	ELL	203	GGSGVSQRPFR		psite
ENSP00000262809	ELL	308	GDPAASSPPGE		psite
ENSP00000262809	ELL	309	DPAASSPPGER	MTOR	psite
ENSP00000262809	ELL	437	DCAQPSRPHGS		psite
ENSP00000262809	ELL	442	SRPHGSPSRSK		psite
ENSP00000262809	ELL	561	QLRQLSQGSEE		psite
ENSP00000362299	ENG	634	VAAPASSESSS	TGFBR2	psite
ENSP00000362299	ENG	635	AAPASSESSST	TGFBR2	psite
ENSP00000362299	ENG	640	SESSSTNHSIG	ACVRL1	psite
ENSP00000362299	ENG	646	NHSIGSTQSTP	ACVRL1	psite
ENSP00000362299	ENG	646	NHSIGSTQSTP	TGFBR1	psite
ENSP00000362299	ENG	649	IGSTQSTPCST	ACVRL1	psite
ENSP00000362299	ENG	649	IGSTQSTPCST	TGFBR1	psite
ENSP00000362299	ENG	650	GSTQSTPCSTS		psite
ENSP00000234590	ENO1	14	REIFDSRGNPT		psite
ENSP00000234590	ENO1	26	EVDLFTSKGLF		psite
ENSP00000234590	ENO1	27	VDLFTSKGLFR		psite
ENSP00000234590	ENO1	37	RAAVPSGASTG		psite
ENSP00000234590	ENO1	40	VPSGASTGIYE		psite
ENSP00000234590	ENO1	41	PSGASTGIYEA		psite
ENSP00000234590	ENO1	55	RDNDKTRYMGK		psite
ENSP00000234590	ENO1	79	APALVSKKLNV		psite
ENSP00000234590	ENO1	100	IEMDGTENKSK		psite
ENSP00000234590	ENO1	237	GKAGYTDKVVI		psite
ENSP00000234590	ENO1	254	SEFFRSGKYDL		psite
ENSP00000234590	ENO1	263	DLDFKSPDDPS		psite
ENSP00000234590	ENO1	272	PSRYISPDQLA		psite
ENSP00000234590	ENO1	282	ADLYKSFIKDY		psite
ENSP00000234590	ENO1	291	DYPVVSIEDPF		psite
ENSP00000234590	ENO1	390	VVGLCTGQIKT		psite
ENSP00000234590	ENO1	419	EEELGSKAKFA		psite
ENSP00000229277	ENO2	26	EVDLYTAKGLF		psite
ENSP00000229277	ENO2	37	RAAVPSGASTG		psite
ENSP00000229277	ENO2	40	VPSGASTGIYE		psite
ENSP00000229277	ENO2	41	PSGASTGIYEA		psite
ENSP00000229277	ENO2	263	DLDFKSPTDPS		psite
ENSP00000229277	ENO2	265	DFKSPTDPSRY		psite
ENSP00000229277	ENO2	349	VNQIGSVTEAI		psite
ENSP00000229277	ENO2	390	VVGLCTGQIKT		psite
ENSP00000388340	CLINT1	163	KYVGVSSDSVG		psite
ENSP00000388340	CLINT1	166	GVSSDSVGGFR		psite
ENSP00000388340	CLINT1	173	GGFRYSERYDP		psite
ENSP00000388340	CLINT1	210	SDKIGSTIDDT		psite
ENSP00000388340	CLINT1	215	STIDDTISKFR		psite
ENSP00000388340	CLINT1	227	KDREDSPERCS		psite
ENSP00000388340	CLINT1	232	SPERCSDSDEE		psite
ENSP00000388340	CLINT1	234	ERCSDSDEEKK		psite
ENSP00000388340	CLINT1	245	ARRGRSPKGEF		psite
ENSP00000388340	CLINT1	270	TQATETTTTRH		psite
ENSP00000388340	CLINT1	272	ATETTTTRHKR		psite
ENSP00000388340	CLINT1	294	AAAHYTGDKAS		psite
ENSP00000388340	CLINT1	299	TGDKASPDQNA		psite
ENSP00000388340	CLINT1	305	PDQNASTHTPQ		psite
ENSP00000388340	CLINT1	308	NASTHTPQSSV		psite
ENSP00000388340	CLINT1	312	HTPQSSVKTSV		psite
ENSP00000381891	ERG	32	ECAYGTPHLAK		psite
ENSP00000381891	ERG	88	NGSRNSPDECS		psite
ENSP00000381891	ERG	93	SPDECSVAKGG		psite
ENSP00000381891	ERG	222	KALQNSPRLMH		psite
ENSP00000381891	ERG	283	KAAQPSPSTVP		psite
ENSP00000367446	EXT1	141	AAIEGSRFYTS		psite
ENSP00000273550	FTH1	175	LFDKHTLGDSD		psite
ENSP00000302707	FPR1	211	FIIGFSAPMSI		psite
ENSP00000302707	FPR1	215	FSAPMSIVAVS		psite
ENSP00000302707	FPR1	220	SIVAVSYGLIA		psite
ENSP00000302707	FPR1	325	LERALTEDSTQ		psite
ENSP00000302707	FPR1	328	ALTEDSTQTSD		psite
ENSP00000302707	FPR1	329	LTEDSTQTSDT		psite
ENSP00000302707	FPR1	331	EDSTQTSDTAT		psite
ENSP00000302707	FPR1	332	DSTQTSDTATN		psite
ENSP00000302707	FPR1	334	TQTSDTATNST		psite
ENSP00000302707	FPR1	336	TSDTATNSTLP		psite
ENSP00000302707	FPR1	338	DTATNSTLPSA		psite
ENSP00000302707	FPR1	339	TATNSTLPSAE		psite
ENSP00000302707	FPR1	342	NSTLPSAEVEL	MAPK14	psite
ENSP00000248272	GAN	52	ILAAASPYIRT		psite
ENSP00000312673	GH1	77	QNPQTSLCFSE		psite
ENSP00000312673	GH1	132	LVYGASDSNVY		psite
ENSP00000312673	GH1	176	KFDTNSHNDDA		psite
ENSP00000215567	TECR	28	VEPHATIAEIK		psite
ENSP00000215567	TECR	49	YPARQSLRLDP		psite
ENSP00000215567	TECR	58	DPKGKSLKDED		psite
ENSP00000215567	TECR	145	KRLLETLFVHR		psite
ENSP00000284154	GRAP	157	EPLLKSPGACF		psite
ENSP00000335620	GSTA1	37	EKFIKSAEDLD		psite
ENSP00000335620	GSTA1	77	LNYIASKYNLY		psite
ENSP00000335620	GSTA1	142	EKVLKSHGQDY		psite
ENSP00000335620	GSTA1	202	FLQPGSPRKPP		psite
ENSP00000284562	GSTA5	37	EKFLESAEDLD		psite
ENSP00000284562	GSTA5	77	LNYIASKYNLY		psite
ENSP00000312288	HADH	73	KGIEESLRKVA		psite
ENSP00000222115	HAS1	571	LCRRRTGGYRV		psite
ENSP00000278715	HMBS	15	TAEENSPKMRV		psite
ENSP00000278715	HMBS	69	LDTALSKIGEK		psite
ENSP00000278715	HMBS	147	VVGTSSLRRAA		psite
ENSP00000384026	HMGA2	12	GAGQPSTSAQG		psite
ENSP00000384026	HMGA2	13	AGQPSTSAQGQ		psite
ENSP00000384026	HMGA2	14	GQPSTSAQGQP		psite
ENSP00000384026	HMGA2	40	QQQEPTGEPSP		psite
ENSP00000384026	HMGA2	44	PTGEPSPKRPR		psite
ENSP00000384026	HMGA2	97	PAQEETEETSS		psite
ENSP00000384026	HMGA2	100	EETEETSSQES		psite
ENSP00000384026	HMGA2	101	ETEETSSQESA		psite
ENSP00000384026	HMGA2	102	TEETSSQESAE		psite
ENSP00000297185	HSPA9	22	ASRGPTAARHQ		psite
ENSP00000297185	HSPA9	62	GIDLGTTNSCV	TTK	psite
ENSP00000297185	HSPA9	65	LGTTNSCVAVM	TTK	psite
ENSP00000297185	HSPA9	87	EGARTTPSVVA		psite
ENSP00000297185	HSPA9	111	KRQAVTNPNNT		psite
ENSP00000297185	HSPA9	120	NTFYATKRLIG		psite
ENSP00000297185	HSPA9	162	HGKLYSPSQIG		psite
ENSP00000297185	HSPA9	164	KLYSPSQIGAF		psite
ENSP00000297185	HSPA9	185	NYLGHTAKNAV		psite
ENSP00000297185	HSPA9	200	AYFNDSQRQAT		psite
ENSP00000297185	HSPA9	205	SQRQATKDAGQ		psite
ENSP00000297185	HSPA9	212	DAGQISGLNVL		psite
ENSP00000297185	HSPA9	266	VFEVKSTNGDT		psite
ENSP00000297185	HSPA9	356	FEGIVTDLIRR		psite
ENSP00000297185	HSPA9	362	DLIRRTIAPCQ		psite
ENSP00000297185	HSPA9	378	AEVSKSDIGEV		psite
ENSP00000297185	HSPA9	408	FGRAPSKAVNP		psite
ENSP00000297185	HSPA9	504	LLGQFTLIGIP		psite
ENSP00000297185	HSPA9	616	LKEEISKMREL		psite
ENSP00000297185	HSPA9	627	LARKDSETGEN		psite
ENSP00000258080	HTRA2	51	PRARVTYGTPS		psite
ENSP00000258080	HTRA2	54	RVTYGTPSLWA		psite
ENSP00000258080	HTRA2	96	RTREASENSGT		psite
ENSP00000258080	HTRA2	142	SPPPASPRSQY	MAPK12	psite
ENSP00000258080	HTRA2	212	RVRLLSGDTYE	AKT2	psite
ENSP00000258080	HTRA2	212	RVRLLSGDTYE	AKT1	psite
ENSP00000258080	HTRA2	400	KVILGSPAHRA	CDK5	psite
ENSP00000364794	IARS	264	MEARLSALYKL		psite
ENSP00000364794	IARS	688	NTVRESPNITD		psite
ENSP00000364794	IARS	692	ESPNITDRWIL		psite
ENSP00000364794	IARS	840	IRDRKTIPIKY		psite
ENSP00000364794	IARS	1006	CNLVPTDEITV		psite
ENSP00000364794	IARS	1010	PTDEITVYYKA		psite
ENSP00000364794	IARS	1047	KPYPVSPSDKV		psite
ENSP00000364794	IARS	1049	YPVSPSDKVLI		psite
ENSP00000364794	IARS	1058	LIQEKTQLKGS		psite
ENSP00000265986	IDE	55	IGNHITKSPED		psite
ENSP00000265986	IDE	955	RRHKVSVHVLA		psite
ENSP00000369581	IFNB1	140	GKLMSSLHLKR		psite
ENSP00000334003	INTU	674	DSLTTSPILSR		psite
ENSP00000355988	IRF6	413	GDFTRSFDSGS		psite
ENSP00000355988	IRF6	416	TRSFDSGSVRL		psite
ENSP00000368881	KIN	236	KTIGSSASVKR		psite
ENSP00000368881	KIN	247	KESSQSSTQSK		psite
ENSP00000368881	KIN	248	ESSQSSTQSKE		psite
ENSP00000328236	KNTC1	441	EKLALSSVDAS		psite
ENSP00000328236	KNTC1	442	KLALSSVDASE		psite
ENSP00000328236	KNTC1	446	SSVDASEQTEW		psite
ENSP00000328236	KNTC1	495	LNYAKTRLLKK		psite
ENSP00000328236	KNTC1	735	PELIPSILEKF		psite
ENSP00000328236	KNTC1	1034	KHKPGSTPEPI		psite
ENSP00000328236	KNTC1	1035	HKPGSTPEPIA		psite
ENSP00000328236	KNTC1	1045	AAEVRSPSMES		psite
ENSP00000336764	OPRL1	363	LACKTSETVPR		psite
ENSP00000295588	POGLUT1	92	THYQITKNRLY		psite
ENSP00000264162	LCT	324	FLSCSSSSKKS		psite
ENSP00000264162	LCT	326	SCSSSSKKSMS		psite
ENSP00000392466	LDB1	61	GIGRHTPYGNQ		psite
ENSP00000392466	LDB1	261	MSRHKTYSLSP		psite
ENSP00000392466	LDB1	265	KTYSLSPRDCL		psite
ENSP00000392466	LDB1	302	RKRKMSGGSTM		psite
ENSP00000392466	LDB1	305	KMSGGSTMSSG		psite
ENSP00000392466	LDB1	306	MSGGSTMSSGG		psite
ENSP00000392466	LDB1	323	NSKKKSPASTF		psite
ENSP00000392466	LDB1	331	STFALSSQVPD		psite
ENSP00000392466	LDB1	402	SQESKSENPTS		psite
ENSP00000392466	LDB1	406	KSENPTSQASQ		psite
ENSP00000253727	NR1H2	426	LMKLVSLRTLS		psite
ENSP00000302830	MAEA	28	KVPYETLNKRF		psite
ENSP00000349085	MAGEA1	57	TDPPQSPQGAS		psite
ENSP00000349085	MAGEA1	77	RQRQPSEGSSS		psite
ENSP00000349085	MAGEA1	80	QPSEGSSSREE		psite
ENSP00000349085	MAGEA1	81	PSEGSSSREEE		psite
ENSP00000349085	MAGEA1	82	SEGSSSREEEG		psite
ENSP00000348273	MBP	16	NAEKASTNSET		psite
ENSP00000348273	MBP	19	KASTNSETNRG		psite
ENSP00000348273	MBP	26	TNRGESEKKRN		psite
ENSP00000348273	MBP	36	NLGELSRTTSE		psite
ENSP00000348273	MBP	39	ELSRTTSEDNE		psite
ENSP00000348273	MBP	40	LSRTTSEDNEV		psite
ENSP00000348273	MBP	96	LIRLFSRDAPG		psite
ENSP00000348273	MBP	114	DRPSESDELQT		psite
ENSP00000348273	MBP	141	SQKRPSQRHGS		psite
ENSP00000348273	MBP	146	SQRHGSKYLAT		psite
ENSP00000348273	MBP	153	YLATASTMDHA		psite
ENSP00000348273	MBP	154	LATASTMDHAR		psite
ENSP00000348273	MBP	169	PRHRDTGILDS		psite
ENSP00000348273	MBP	205	TAHYGSLPQKS		psite
ENSP00000348273	MBP	232	IVTPRTPPPSQ	MAPK3	psite
ENSP00000348273	MBP	232	IVTPRTPPPSQ	MAPK1	psite
ENSP00000348273	MBP	249	SLSRFSWGAEG		psite
ENSP00000348273	MBP	266	YGGRASDYKSA		psite
ENSP00000348273	MBP	283	VDAQGTLSKIF		psite
ENSP00000348273	MBP	285	AQGTLSKIFKL		psite
ENSP00000358022	MCL1	64	GSAGASPPSTL	CDK1	psite
ENSP00000358022	MCL1	64	GSAGASPPSTL	CDK2	psite
ENSP00000358022	MCL1	64	GSAGASPPSTL	MAPK8	psite
ENSP00000358022	MCL1	92	PDVTATPARLL	MAPK3	psite
ENSP00000358022	MCL1	92	PDVTATPARLL	CDK1	psite
ENSP00000358022	MCL1	121	ADAIMSPEEEL	MAPK8	psite
ENSP00000358022	MCL1	150	ELVGESGNNTS		psite
ENSP00000358022	MCL1	154	ESGNNTSTDGS		psite
ENSP00000358022	MCL1	159	TSTDGSLPSTP	GSK3B	psite
ENSP00000358022	MCL1	163	GSLPSTPPPAE	MAPK3	psite
ENSP00000358022	MCL1	163	GSLPSTPPPAE	MAPK1	psite
ENSP00000358022	MCL1	163	GSLPSTPPPAE	MAPK8	psite
ENSP00000368174	MCM8	90	VYSDSSPLIEK		psite
ENSP00000368174	MCM8	630	VARMNSQDSNT		psite
ENSP00000368174	MCM8	715	TRQLESLIRLT		psite
ENSP00000244711	MEA1	69	GPAGYSYQPLN		psite
ENSP00000244711	MEA1	114	DPPLESEDEDE		psite
ENSP00000394624	OPRM1	356	ILRLKSVRMLS		psite
ENSP00000394624	OPRM1	361	SVRMLSGSKEK	CAMK2A	psite
ENSP00000394624	OPRM1	458	IEQQNSTRIRQ		psite
ENSP00000394624	OPRM1	465	RIRQNTRDHPS		psite
ENSP00000394624	OPRM1	470	TRDHPSTANTV		psite
ENSP00000394624	OPRM1	471	RDHPSTANTVD		psite
ENSP00000225275	MPO	428	HNRLATELKSL		psite
ENSP00000279242	MRPL49	135	PLLGKTPVTQV		psite
ENSP00000279242	MRPL49	138	GKTPVTQVNEV		psite
ENSP00000278823	MTA2	52	RRRDISSSLNS		psite
ENSP00000278823	MTA2	54	RDISSSLNSLA		psite
ENSP00000278823	MTA2	406	YGGLKTPTQLE		psite
ENSP00000278823	MTA2	433	RPEAQSLSPYT		psite
ENSP00000278823	MTA2	435	EAQSLSPYTTS	CDK2	psite
ENSP00000278823	MTA2	438	SLSPYTTSANR	CDK2	psite
ENSP00000278823	MTA2	439	LSPYTTSANRA	CDK2	psite
ENSP00000278823	MTA2	440	SPYTTSANRAK	CDK2	psite
ENSP00000278823	MTA2	505	PKAAKTPLKIH		psite
ENSP00000278823	MTA2	519	RLPLATIVKDL		psite
ENSP00000278823	MTA2	534	PLKPKTPRGTK		psite
ENSP00000278823	MTA2	540	PRGTKTPINRN		psite
ENSP00000278823	MTA2	548	NRNQLSQNRGL		psite
ENSP00000278823	MTA2	587	GIRSSSQPAAK		psite
ENSP00000240922	NAA50	12	ELGDVTPHNIK		psite
ENSP00000240922	NAA50	30	VIFPVSYNDKF		psite
ENSP00000357206	NES	311	LEAENSRLQTP		psite
ENSP00000357206	NES	315	NSRLQTPGGGS		psite
ENSP00000357206	NES	320	TPGGGSKTSLS		psite
ENSP00000357206	NES	325	SKTSLSFQDPK		psite
ENSP00000357206	NES	338	LQFPRTPEGRR		psite
ENSP00000357206	NES	346	GRRLGSLLPVL		psite
ENSP00000357206	NES	352	LLPVLSPTSLP		psite
ENSP00000357206	NES	355	VLSPTSLPSPL		psite
ENSP00000357206	NES	358	PTSLPSPLPAT		psite
ENSP00000357206	NES	382	FLQARTPTLAS		psite
ENSP00000357206	NES	384	QARTPTLASTP		psite
ENSP00000357206	NES	388	PTLASTPIPPT		psite
ENSP00000357206	NES	398	TPQAPSPAVDA		psite
ENSP00000357206	NES	459	ASTGQSPEDHA		psite
ENSP00000357206	NES	471	LAPPLSPDHSS		psite
ENSP00000357206	NES	475	LSPDHSSLEAK		psite
ENSP00000357206	NES	484	AKDGESGGSRV		psite
ENSP00000357206	NES	491	GSRVFSICRGE		psite
ENSP00000357206	NES	548	KETLKSLGEEI		psite
ENSP00000357206	NES	564	TLENQSHETLE		psite
ENSP00000357206	NES	578	QECPRSLEEDL		psite
ENSP00000357206	NES	588	LETLKSLEKEN		psite
ENSP00000357206	NES	638	QELMKSLEGNL		psite
ENSP00000357206	NES	680	QEPLRSPEVGD		psite
ENSP00000357206	NES	702	QEPLRSLEDEN		psite
ENSP00000357206	NES	746	HKSLRSLEEQD		psite
ENSP00000357206	NES	757	QETLRTLEKET		psite
ENSP00000357206	NES	768	QQRRRSLGEQD		psite
ENSP00000357206	NES	776	EQDQMTLRPPE		psite
ENSP00000357206	NES	790	LEPLKSLDQEI		psite
ENSP00000357206	NES	814	SLKEESVEAVK		psite
ENSP00000357206	NES	820	VEAVKSLETEI		psite
ENSP00000357206	NES	823	VKSLETEILES		psite
ENSP00000357206	NES	828	TEILESLKSAG		psite
ENSP00000357206	NES	831	LESLKSAGQEN		psite
ENSP00000357206	NES	839	QENLETLKSPE		psite
ENSP00000357206	NES	842	LETLKSPETQA		psite
ENSP00000357206	NES	845	LKSPETQAPLW		psite
ENSP00000357206	NES	851	QAPLWTPEEIN		psite
ENSP00000357206	NES	891	EENQESLRSLG		psite
ENSP00000357206	NES	894	QESLRSLGAWN		psite
ENSP00000357206	NES	905	LENLRSPEEVD		psite
ENSP00000357206	NES	913	EVDKESQRNLE		psite
ENSP00000357206	NES	934	QESLRSLEEEG		psite
ENSP00000357206	NES	965	ELAQESPPGMA		psite
ENSP00000357206	NES	1016	EGHPESPEPKE		psite
ENSP00000357206	NES	1175	EGREESEAEAP		psite
ENSP00000357206	NES	1282	EEGEESREESE		psite
ENSP00000357206	NES	1286	ESREESEEDEL		psite
ENSP00000357206	NES	1310	LRSPTSPRWDP		psite
ENSP00000357206	NES	1347	LEAPPSEKEEG		psite
ENSP00000357206	NES	1409	DRDGESDGFAD		psite
ENSP00000357206	NES	1418	ADEEESGEEGE		psite
ENSP00000357206	NES	1441	RWGPGSSVGSL		psite
ENSP00000357206	NES	1442	WGPGSSVGSLQ		psite
ENSP00000357206	NES	1445	GSSVGSLQALS		psite
ENSP00000357206	NES	1450	SLQALSSSQRG		psite
ENSP00000357206	NES	1451	LQALSSSQRGE		psite
ENSP00000357206	NES	1452	QALSSSQRGEF		psite
ENSP00000357206	NES	1489	ALETESQDSAE		psite
ENSP00000357206	NES	1492	TESQDSAEPSG		psite
ENSP00000357206	NES	1496	DSAEPSGSEEE		psite
ENSP00000357206	NES	1498	AEPSGSEEESD		psite
ENSP00000357206	NES	1502	GSEEESDPVSL		psite
ENSP00000357206	NES	1577	EGDRGSPFQEE		psite
ENSP00000357206	NES	1585	QEEEGSALKTS		psite
ENSP00000357206	NES	1615	EGDRESWSSGE		psite
ENSP00000396843	NFIC	337	KSPFNSPSPQD		psite
ENSP00000396843	NFIC	481	YSPPDTSPANR		psite
ENSP00000396843	NFIC	482	SPPDTSPANRS		psite
ENSP00000353219	NFIX	271	RRSITSPPSTS		psite
ENSP00000353219	NFIX	274	ITSPPSTSTTK		psite
ENSP00000245441	NIN	152	WKTQRSEEYEA		psite
ENSP00000245441	NIN	172	DDLNASQSGSS		psite
ENSP00000245441	NIN	254	NGKSLTPSAST		psite
ENSP00000245441	NIN	259	TPSASTPYRQL		psite
ENSP00000245441	NIN	269	LKRHLSMQSFD		psite
ENSP00000245441	NIN	1145	RRHVLSDLEDD		psite
ENSP00000245441	NIN	1465	KLQELTRKLKE		psite
ENSP00000245441	NIN	1550	GTLNGSQEEMW		psite
ENSP00000245441	NIN	1927	ANRKVSQMNSL		psite
ENSP00000245441	NIN	1931	VSQMNSLEQEL		psite
ENSP00000245441	NIN	2128	APLTSTPPLRS		psite
ENSP00000349275	NRG1	440	TPARMSPVDFH		psite
ENSP00000349275	NRG1	286	DRLRQSLRSER		psite
ENSP00000381293	NSF	207	KENRQSIINPD		psite
ENSP00000381293	NSF	339	CKQRGSMAGST		psite
ENSP00000381293	NSF	349	TGVHDTVVNQL		psite
ENSP00000381293	NSF	437	ETKNFSGAELE		psite
ENSP00000381293	NSF	569	FIKICSPDKMI		psite
ENSP00000381293	NSF	693	DKERTTIAQQV		psite
ENSP00000329448	NUTM1	1026	AYLLASKLSLS		psite
ENSP00000329448	NUTM1	1029	LASKLSLSPRE		psite
ENSP00000329448	NUTM1	1031	SKLSLSPREHP		psite
ENSP00000324270	OXTR	370	KSNSSSFVLSH		psite
ENSP00000227868	PDHX	162	SEPRPSPEPQI		psite
ENSP00000227868	PDHX	168	PEPQISIPVKK		psite
ENSP00000354737	ECI2	89	LVSSLSPSLES		psite
ENSP00000354737	ECI2	106	GTDRKSTGFET		psite
ENSP00000354737	ECI2	107	TDRKSTGFETL		psite
ENSP00000354737	ECI2	253	SPEGCSSYTFP		psite
ENSP00000354737	ECI2	254	PEGCSSYTFPK		psite
ENSP00000354737	ECI2	256	GCSSYTFPKIM		psite
ENSP00000417587	PEG10	38	QVQKLTEENTT		psite
ENSP00000417587	PEG10	252	ARKPRSPPRAL		psite
ENSP00000417587	PEG10	282	ARMRLTQEEKE		psite
ENSP00000417587	PEG10	316	KASKSSPAGNS		psite
ENSP00000314420	PER1	159	RGKGRSGTLAT		psite
ENSP00000314420	PER1	161	KGRSGTLATLQ		psite
ENSP00000314420	PER1	164	SGTLATLQYAL		psite
ENSP00000314420	PER1	592	ALPCQSPDPEL		psite
ENSP00000314420	PER1	692	SGEGATPRKEP		psite
ENSP00000314420	PER1	702	PVVGGTLSPLA		psite
ENSP00000314420	PER1	704	VGGTLSPLALA		psite
ENSP00000314420	PER1	757	PGPAPSPAPSP		psite
ENSP00000314420	PER1	812	LDSSSTAPSAL		psite
ENSP00000314420	PER1	815	SSTAPSALGER		psite
ENSP00000314420	PER1	979	FNSRCSSPLQL		psite
ENSP00000314420	PER1	980	NSRCSSPLQLN		psite
ENSP00000314420	PER1	1100	SKYFGSIDSSE		psite
ENSP00000314420	PER1	1103	FGSIDSSEAEA		psite
ENSP00000314420	PER1	1104	GSIDSSEAEAG		psite
ENSP00000314420	PER1	1186	LGAVHSWVRKG		psite
ENSP00000314420	PER1	1262	GAKASSSQDLA		psite
ENSP00000314420	PER1	1263	AKASSSQDLAM		psite
ENSP00000314420	PER1	1279	GRSSSSPALPT		psite
ENSP00000300055	PLIN1	81	VVRRLSTQFTA		psite
ENSP00000300055	PLIN1	299	DHEDQTDTEGE		psite
ENSP00000300055	PLIN1	301	EDQTDTEGEDT		psite
ENSP00000300055	PLIN1	306	TEGEDTEEEEE		psite
ENSP00000300055	PLIN1	382	KGRAMSLSDAL		psite
ENSP00000300055	PLIN1	384	RAMSLSDALKG		psite
ENSP00000300055	PLIN1	497	PKRRVSDSFFR		psite
ENSP00000217971	PGRMC1	54	DQPAASGDSDD		psite
ENSP00000217971	PGRMC1	57	AASGDSDDDEP		psite
ENSP00000217971	PGRMC1	74	KRRDFTPAELR		psite
ENSP00000217971	PGRMC1	178	EGEEPTVYSDE		psite
ENSP00000217971	PGRMC1	181	EPTVYSDEEEP		psite
ENSP00000217971	PGRMC1	190	EPKDESARKND		psite
ENSP00000361021	PTEN	179	YVYYYSYLLKN		psite
ENSP00000361021	PTEN	229	IYSSNSGPTRR	ROCK1	psite
ENSP00000361021	PTEN	232	SNSGPTRREDK	ROCK1	psite
ENSP00000361021	PTEN	362	PEASSSTSVTP	GSK3B	psite
ENSP00000361021	PTEN	366	SSTSVTPDVSD	GSK3B	psite
ENSP00000361021	PTEN	366	SSTSVTPDVSD	PLK3	psite
ENSP00000361021	PTEN	370	VTPDVSDNEPD	CSNK2A1	psite
ENSP00000361021	PTEN	370	VTPDVSDNEPD	PLK3	psite
ENSP00000361021	PTEN	380	DHYRYSDTTDS	CSNK2A1	psite
ENSP00000361021	PTEN	380	DHYRYSDTTDS	STK11	psite
ENSP00000361021	PTEN	380	DHYRYSDTTDS	PRKCZ	psite
ENSP00000361021	PTEN	382	YRYSDTTDSDP	CSNK2A1	psite
ENSP00000361021	PTEN	382	YRYSDTTDSDP	STK11	psite
ENSP00000361021	PTEN	382	YRYSDTTDSDP	PRKCZ	psite
ENSP00000361021	PTEN	383	RYSDTTDSDPE	CSNK2A1	psite
ENSP00000361021	PTEN	383	RYSDTTDSDPE	STK11	psite
ENSP00000361021	PTEN	383	RYSDTTDSDPE	PRKCZ	psite
ENSP00000361021	PTEN	385	SDTTDSDPENE	CSNK2A1	psite
ENSP00000361021	PTEN	398	DEDQHTQITKV	ATM	psite
ENSP00000337761	RAB27A	83	QERFRSLTTAF		psite
ENSP00000337761	RAB27A	211	STDQLSEEKEK		psite
ENSP00000345689	RAB5C	85	QERYHSLAPMY		psite
ENSP00000345689	RAB5C	124	LQRQASPNIVI		psite
ENSP00000345689	RAB5C	140	KADLASKRAVE		psite
ENSP00000005257	RALA	22	VIMVGSGGVGK		psite
ENSP00000005257	RALA	183	RKMEDSKEKNG		psite
ENSP00000005257	RALA	194	KKKRKSLAKRI	AURKA	psite
ENSP00000307272	RPTOR	8	SEMLQSPLLGL	MAPK3	psite
ENSP00000307272	RPTOR	8	SEMLQSPLLGL	MAPK1	psite
ENSP00000307272	RPTOR	696	NYALPSPATTE	MAPK3	psite
ENSP00000307272	RPTOR	696	NYALPSPATTE	CDK1	psite
ENSP00000307272	RPTOR	696	NYALPSPATTE	MAPK1	psite
ENSP00000307272	RPTOR	699	LPSPATTEGGS		psite
ENSP00000307272	RPTOR	700	PSPATTEGGSL		psite
ENSP00000307272	RPTOR	704	TTEGGSLTPVR		psite
ENSP00000307272	RPTOR	706	EGGSLTPVRDS	CDK1	psite
ENSP00000307272	RPTOR	711	TPVRDSPCTPR		psite
ENSP00000307272	RPTOR	719	TPRLRSVSSYG	RPS6KA1	psite
ENSP00000307272	RPTOR	721	RLRSVSSYGNI	RPS6KA1	psite
ENSP00000307272	RPTOR	722	LRSVSSYGNIR	RPS6KA1	psite
ENSP00000307272	RPTOR	738	RSLNKSLQNLS		psite
ENSP00000307272	RPTOR	771	SSTLGSPENEE	MAPK11	psite
ENSP00000307272	RPTOR	792	MRRASSYSSLN	PRKAA1	psite
ENSP00000307272	RPTOR	795	ASSYSSLNSLI		psite
ENSP00000307272	RPTOR	853	QRVLDTSSLTQ		psite
ENSP00000307272	RPTOR	854	RVLDTSSLTQS		psite
ENSP00000307272	RPTOR	855	VLDTSSLTQSA		psite
ENSP00000307272	RPTOR	857	DTSSLTQSAPA		psite
ENSP00000307272	RPTOR	859	SSLTQSAPASP	MTOR	psite
ENSP00000307272	RPTOR	863	QSAPASPTNKG	MAPK11	psite
ENSP00000307272	RPTOR	863	QSAPASPTNKG	MAPK3	psite
ENSP00000307272	RPTOR	863	QSAPASPTNKG	MAPK1	psite
ENSP00000307272	RPTOR	863	QSAPASPTNKG	MTOR	psite
ENSP00000307272	RPTOR	865	APASPTNKGVH		psite
ENSP00000307272	RPTOR	877	HQAGGSPPASS		psite
ENSP00000307272	RPTOR	881	GSPPASSTSSS		psite
ENSP00000307272	RPTOR	882	SPPASSTSSSS		psite
ENSP00000307272	RPTOR	883	PPASSTSSSSL		psite
ENSP00000307272	RPTOR	884	PASSTSSSSLT		psite
ENSP00000307272	RPTOR	886	SSTSSSSLTND		psite
ENSP00000307272	RPTOR	887	STSSSSLTNDV		psite
ENSP00000307272	RPTOR	889	SSSSLTNDVAK		psite
ENSP00000307272	RPTOR	908	SGRPGTTGPAG	ICK	psite
ENSP00000307272	RPTOR	917	AGAQYTPHSHQ		psite
ENSP00000222145	RASIP1	292	RSRAASGGAAL		psite
ENSP00000222145	RASIP1	328	LRRSVSELSLQ		psite
ENSP00000222145	RASIP1	331	SVSELSLQGRR		psite
ENSP00000222145	RASIP1	401	VVYVMTREQHV		psite
ENSP00000295025	REL	492	DPNMLSNCSVN		psite
ENSP00000295025	REL	503	MMTTSSDSMGE		psite
ENSP00000295025	REL	523	NLENPSCNSVL		psite
ENSP00000295025	REL	526	NPSCNSVLDPR		psite
ENSP00000295025	REL	557	TTVFVSQSDAF	CHUK	psite
ENSP00000295025	REL	557	TTVFVSQSDAF	IKBKB	psite
ENSP00000311816	REST	495	TRTRKSVTEVK		psite
ENSP00000311816	REST	864	DLSPPSPPLPK		psite
ENSP00000265814	RUNX1T1	41	STMPDSPVDVK		psite
ENSP00000265814	RUNX1T1	47	PVDVKTQSRLT		psite
ENSP00000265814	RUNX1T1	52	TQSRLTPPTMP		psite
ENSP00000265814	RUNX1T1	417	HSRQQSPVNPD		psite
ENSP00000265814	RUNX1T1	462	KRQAMTELQKA		psite
ENSP00000265814	RUNX1T1	590	AATPRSTTPGT		psite
ENSP00000265814	RUNX1T1	591	ATPRSTTPGTP		psite
ENSP00000265814	RUNX1T1	592	TPRSTTPGTPS		psite
ENSP00000265814	RUNX1T1	595	STTPGTPSTIE		psite
ENSP00000332151	DSE	797	RIFAISQQQQQ		psite
ENSP00000349486	SCRIB	35	EIYRYSRSLEE		psite
ENSP00000349486	SCRIB	37	YRYSRSLEELL		psite
ENSP00000349486	SCRIB	378	LPFALTHLNLK		psite
ENSP00000349486	SCRIB	475	LQRRATPHPSE		psite
ENSP00000349486	SCRIB	487	KVMKRSIEGRR		psite
ENSP00000349486	SCRIB	504	QPDSGSPLPAE		psite
ENSP00000349486	SCRIB	607	LIRKDTPHYKK		psite
ENSP00000349486	SCRIB	668	EEEEGSPQEEE		psite
ENSP00000349486	SCRIB	688	EEEEASTEEED		psite
ENSP00000349486	SCRIB	689	EEEASTEEEDK		psite
ENSP00000349486	SCRIB	703	VVSAPSVKGVS		psite
ENSP00000349486	SCRIB	708	SVKGVSFDQAN		psite
ENSP00000349486	SCRIB	735	TILRQTGGLGI		psite
ENSP00000349486	SCRIB	741	GGLGISIAGGK		psite
ENSP00000349486	SCRIB	748	AGGKGSTPYKG		psite
ENSP00000349486	SCRIB	749	GGKGSTPYKGD		psite
ENSP00000349486	SCRIB	824	PENAVTITPLR		psite
ENSP00000349486	SCRIB	826	NAVTITPLRPE		psite
ENSP00000349486	SCRIB	835	PEDDYSPRERR		psite
ENSP00000349486	SCRIB	853	LLPPESPGPLR		psite
ENSP00000349486	SCRIB	875	RGLGFSIAGGK		psite
ENSP00000349486	SCRIB	883	GGKGSTPYRAG		psite
ENSP00000349486	SCRIB	939	LLTAASPTIAL		psite
ENSP00000349486	SCRIB	1114	ERLGISIRGGA		psite
ENSP00000349486	SCRIB	1140	FISKVSPTGAA		psite
ENSP00000349486	SCRIB	1220	IGHRNSLESIS		psite
ENSP00000349486	SCRIB	1223	RNSLESISSID		psite
ENSP00000349486	SCRIB	1225	SLESISSIDRE		psite
ENSP00000349486	SCRIB	1226	LESISSIDREL		psite
ENSP00000349486	SCRIB	1232	IDRELSPEGPG		psite
ENSP00000349486	SCRIB	1276	LAAVPSAGSVQ		psite
ENSP00000349486	SCRIB	1279	VPSAGSVQRVP		psite
ENSP00000349486	SCRIB	1285	VQRVPSGAAGG		psite
ENSP00000349486	SCRIB	1298	AESPCSPSGQQ		psite
ENSP00000349486	SCRIB	1306	GQQPPSPPSPD		psite
ENSP00000349486	SCRIB	1309	PPSPPSPDELP		psite
ENSP00000349486	SCRIB	1342	PAQPPTPGPAA		psite
ENSP00000349486	SCRIB	1348	PGPAASPEQLS		psite
ENSP00000349486	SCRIB	1353	SPEQLSFRERQ		psite
ENSP00000349486	SCRIB	1378	PPKRVSLVGAD		psite
ENSP00000349486	SCRIB	1437	QPPWASPSPTS		psite
ENSP00000349486	SCRIB	1439	PWASPSPTSRQ		psite
ENSP00000349486	SCRIB	1442	SPSPTSRQSPA		psite
ENSP00000349486	SCRIB	1445	PTSRQSPASPP		psite
ENSP00000349486	SCRIB	1448	RQSPASPPPLG		psite
ENSP00000349486	SCRIB	1475	RLRVQSPEPPA		psite
ENSP00000349486	SCRIB	1486	PERALSPAELR		psite
ENSP00000349486	SCRIB	1508	AARMKSLEQDA		psite
ENSP00000349486	SCRIB	1541	LAEAPSPAPTP		psite
ENSP00000349486	SCRIB	1547	PAPTPSPTPVE		psite
ENSP00000349486	SCRIB	1549	PTPSPTPVEDL		psite
ENSP00000349486	SCRIB	1558	DLGPQTSTSPG		psite
ENSP00000349486	SCRIB	1606	LEPSPSPGPQE		psite
ENSP00000349486	SCRIB	1559	LGPQTSTSPGR		psite
ENSP00000349486	SCRIB	1561	PQTSTSPGRLP		psite
ENSP00000349486	SCRIB	1591	VYDIQSPDFAE		psite
ENSP00000338358	SERPINB6	151	IAELLSPGSVD		psite
ENSP00000361777	SET	28	GPEETSASAGL		psite
ENSP00000361777	SET	63	LNEQASEEILK		psite
ENSP00000361777	SET	133	FEDIKSGYRID		psite
ENSP00000361777	SET	161	FHLNESGDPSS		psite
ENSP00000361777	SET	191	TQNKASRKRQH		psite
ENSP00000361777	SET	106	NHPQVSALLGE		psite
ENSP00000361777	SET	184	LTKRSSQTQNK		psite
ENSP00000248929	SGSM3	642	QSVNVTHDAVH		psite
ENSP00000269886	SH3GL1	287	KIAASSSFRSS		psite
ENSP00000269886	SH3GL1	288	IAASSSFRSSD		psite
ENSP00000269886	SH3GL1	292	SSFRSSDKPIR		psite
ENSP00000269886	SH3GL1	298	DKPIRTPSRSM		psite
ENSP00000348307	SIRPA	428	DTNDITYADLN		psite
ENSP00000348307	SIRPA	467	PASEDTLTYAD		psite
ENSP00000348307	SIRPA	469	SEDTLTYADLD		psite
ENSP00000348307	SIRPA	494	PEPSFSEYASV		psite
ENSP00000263593	SIAE	146	RELSNTAAYQS		psite
ENSP00000348019	SLC17A5	16	NDGEESTDRTP		psite
ENSP00000348019	SLC17A5	20	ESTDRTPLLPG		psite
ENSP00000345580	SLC25A10	93	RVAKGSQGPLP		psite
ENSP00000222248	SLC5A5	43	RGGQRSAEDFF		psite
ENSP00000222248	SLC5A5	377	KPRLRSLAPRK		psite
ENSP00000348984	SON	55	AASARSLPNEE		psite
ENSP00000348984	SON	94	KSRCVSVQTDP		psite
ENSP00000348984	SON	142	ESKTKSHDDGN		psite
ENSP00000348984	SON	152	NIDLESDSFLK		psite
ENSP00000348984	SON	154	DLESDSFLKFD		psite
ENSP00000348984	SON	160	FLKFDSEPSAV		psite
ENSP00000348984	SON	278	KSVLKSVESTS		psite
ENSP00000348984	SON	282	KSVESTSPEPS		psite
ENSP00000348984	SON	283	SVESTSPEPSK		psite
ENSP00000348984	SON	348	PVDVPSEIADS		psite
ENSP00000348984	SON	910	MLGSKSPDPYR		psite
ENSP00000348984	SON	959	DPYRLTPDPYR		psite
ENSP00000348984	SON	998	LASRRSMMMSY		psite
ENSP00000348984	SON	1026	ERSMMSPMAER		psite
ENSP00000348984	SON	1035	ERSMMSAYERS		psite
ENSP00000348984	SON	1043	ERSMMSAYERS		psite
ENSP00000348984	SON	1051	ERSMMSPMAER		psite
ENSP00000348984	SON	1076	ERSMMSPMADR		psite
ENSP00000348984	SON	1082	PMADRSMMSMG		psite
ENSP00000348984	SON	1097	MMSSYSAADRS		psite
ENSP00000348984	SON	1555	VCAAGTSPVGE		psite
ENSP00000348984	SON	1556	CAAGTSPVGEI		psite
ENSP00000348984	SON	1570	KILPTSETKQR		psite
ENSP00000348984	SON	1572	LPTSETKQRTV		psite
ENSP00000348984	SON	1651	SPSGGSEADIE		psite
ENSP00000348984	SON	1688	LPVKESDQTLA		psite
ENSP00000348984	SON	1697	LAALLSPKESS		psite
ENSP00000348984	SON	1701	LSPKESSGGEK		psite
ENSP00000348984	SON	1747	MERLTSLRAGI		psite
ENSP00000348984	SON	1759	GPLLASDVGRD		psite
ENSP00000348984	SON	1766	VGRDRSAASPV		psite
ENSP00000348984	SON	1769	DRSAASPVVSS		psite
ENSP00000348984	SON	1774	SPVVSSMPERA		psite
ENSP00000348984	SON	1780	MPERASESSSE		psite
ENSP00000348984	SON	1782	ERASESSSEEK		psite
ENSP00000348984	SON	1783	RASESSSEEKD		psite
ENSP00000348984	SON	1784	ASESSSEEKDD		psite
ENSP00000348984	SON	1820	EKKRDSSLRSR		psite
ENSP00000348984	SON	1821	KKRDSSLRSRS		psite
ENSP00000348984	SON	1824	DSSLRSRSKRS		psite
ENSP00000348984	SON	1922	TVRARSRTPSR		psite
ENSP00000348984	SON	1924	RARSRTPSRRS		psite
ENSP00000348984	SON	1926	RSRTPSRRSRS		psite
ENSP00000348984	SON	1929	TPSRRSRSHTP		psite
ENSP00000348984	SON	1931	SRRSRSHTPSR		psite
ENSP00000348984	SON	1933	RSRSHTPSRRR		psite
ENSP00000348984	SON	1940	SRRRRSRSVGR		psite
ENSP00000348984	SON	1942	RRRSRSVGRRR		psite
ENSP00000348984	SON	1948	VGRRRSFSISP		psite
ENSP00000348984	SON	1950	RRRSFSISPSR		psite
ENSP00000348984	SON	1952	RSFSISPSRRS		psite
ENSP00000348984	SON	1954	FSISPSRRSRT		psite
ENSP00000348984	SON	1957	SPSRRSRTPSR		psite
ENSP00000348984	SON	1959	SRRSRTPSRRS		psite
ENSP00000348984	SON	1961	RSRTPSRRSRT		psite
ENSP00000348984	SON	1964	TPSRRSRTPSR		psite
ENSP00000348984	SON	1966	SRRSRTPSRRS		psite
ENSP00000348984	SON	1992	TPSRRSRTPSR		psite
ENSP00000348984	SON	2001	SRRRRSRSVVR		psite
ENSP00000348984	SON	2003	RRRSRSVVRRR		psite
ENSP00000348984	SON	2009	VVRRRSFSISP		psite
ENSP00000348984	SON	2011	RRRSFSISPVR		psite
ENSP00000348984	SON	2013	RSFSISPVRLR		psite
ENSP00000348984	SON	2020	VRLRRSRTPLR		psite
ENSP00000348984	SON	2022	LRRSRTPLRRR		psite
ENSP00000348984	SON	2029	LRRRFSRSPIR		psite
ENSP00000348984	SON	2031	RRFSRSPIRRK		psite
ENSP00000348984	SON	2051	SPKRLTDLDKA		psite
ENSP00000348984	SON	2106	TIEELTEKCKQ		psite
ENSP00000348984	SON	2129	NKPHVSDEEEE		psite
ENSP00000348984	SON	2163	AAAKPTPPKSQ		psite
ENSP00000348984	SON	2181	PVSSGSQHRKK		psite
ENSP00000348984	SON	2238	AQKRLSENAFD		psite
ENSP00000348984	SON	2357	RAQKRSGNFSA		psite
ENSP00000332565	SULT4A1	8	ESEAETPSTPG		psite
ENSP00000332565	SULT4A1	11	AETPSTPGEFE	MAPK3	psite
ENSP00000332565	SULT4A1	205	HRDLVTMVEQL		psite
ENSP00000263635	TANC1	61	LAKGVSMSLPS		psite
ENSP00000263635	TANC1	63	KGVSMSLPSSP		psite
ENSP00000263635	TANC1	66	SMSLPSSPLLP		psite
ENSP00000263635	TANC1	67	MSLPSSPLLPR		psite
ENSP00000263635	TANC1	85	RVNKKSPGPVR		psite
ENSP00000263635	TANC1	207	TAANKSPCETI		psite
ENSP00000263635	TANC1	214	CETISSPSSTL		psite
ENSP00000263635	TANC1	270	RADNCSPVAEE		psite
ENSP00000263635	TANC1	313	MPRPNSVAATS		psite
ENSP00000263635	TANC1	339	APLRTSIRLPW		psite
ENSP00000263635	TANC1	421	VGFGKTAIISK		psite
ENSP00000263635	TANC1	444	QIASNSPGSSP		psite
ENSP00000263635	TANC1	447	SNSPGSSPKTS		psite
ENSP00000263635	TANC1	448	NSPGSSPKTSD		psite
ENSP00000263635	TANC1	465	FTPLLSPSSST		psite
ENSP00000263635	TANC1	1485	SSSVPSSYIRN		psite
ENSP00000263635	TANC1	1503	KGRPVSPQSRA		psite
ENSP00000263635	TANC1	1564	QNPPPSPMPGR	CDK2	psite
ENSP00000263635	TANC1	1665	LTSSGSSGSPS		psite
ENSP00000263635	TANC1	1668	SGSSGSPSSSI		psite
ENSP00000263635	TANC1	1678	IKMSSSTSSLT		psite
ENSP00000263635	TANC1	1687	LTSSSSFSDGF		psite
ENSP00000348234	TAT	448	HCAEGSQEECD		psite
ENSP00000266304	TEF	32	GERGLSGSFPL		psite
ENSP00000309572	TERT	227	RRRGGSASRSL	AKT1	psite
ENSP00000309572	TERT	824	RIRGKSYVQCQ	AKT1	psite
ENSP00000309572	TERT	1113	PGTTLTALEAA		psite
ENSP00000309572	TERT	1125	NPALPSDFKTI		psite
ENSP00000350937	TES	81	IAKLKSDGIPM		psite
ENSP00000350937	TES	110	SINTVTYEWAP		psite
ENSP00000350937	TES	235	KRTQYSCYCCK		psite
ENSP00000340088	THEG	115	KLPSTTMTKAR		psite
ENSP00000340088	THEG	182	FLEDTTLTITV		psite
ENSP00000357794	TCHH	251	WRKRETVLRKE		psite
ENSP00000304467	THOP1	16	MADAASPCSVV		psite
ENSP00000304467	THOP1	19	AASPCSVVNDL		psite
ENSP00000304467	THOP1	89	FPQHVSPSKDI		psite
ENSP00000304467	THOP1	347	NQVEETRYCVD		psite
ENSP00000331288	TMEM173	358	STSTMSQEPEL	TBK1	psite
ENSP00000331288	TMEM173	366	PELLISGMEKP		psite
ENSP00000317891	TNIP1	266	SGRPGSPKMEG		psite
ENSP00000317891	TNIP1	350	LQKQVTDLEAE		psite
ENSP00000317891	TNIP1	403	LQDQLSPLTRQ		psite
ENSP00000317891	TNIP1	431	ALSIQTPPSSP		psite
ENSP00000317891	TNIP1	434	IQTPPSSPPTA		psite
ENSP00000317891	TNIP1	435	QTPPSSPPTAF		psite
ENSP00000317891	TNIP1	438	PSSPPTAFGSP		psite
ENSP00000317891	TNIP1	442	PTAFGSPEGAG		psite
ENSP00000317891	TNIP1	568	GFEDWSQIRYP		psite
ENSP00000317891	TNIP1	627	PTEPESPKNDR		psite
ENSP00000268957	TOB1	152	SSVSSSPSPPF	MAPK3	psite
ENSP00000268957	TOB1	152	SSVSSSPSPPF	MAPK1	psite
ENSP00000268957	TOB1	152	SSVSSSPSPPF	MAPK9	psite
ENSP00000268957	TOB1	154	VSSSPSPPFGH	MAPK3	psite
ENSP00000268957	TOB1	154	VSSSPSPPFGH	MAPK1	psite
ENSP00000268957	TOB1	154	VSSSPSPPFGH	MAPK9	psite
ENSP00000268957	TOB1	164	HSAAVSPTFMP	MAPK3	psite
ENSP00000268957	TOB1	164	HSAAVSPTFMP	MAPK1	psite
ENSP00000268957	TOB1	164	HSAAVSPTFMP	MAPK9	psite
ENSP00000268957	TOB1	204	NKVARTSPINL		psite
ENSP00000268957	TOB1	205	KVARTSPINLG		psite
ENSP00000262294	TRIM37	454	KSRDLSPPDNH		psite
ENSP00000262294	TRIM37	461	PDNHLSPQNDD		psite
ENSP00000262294	TRIM37	773	VAGSLSLRRAV		psite
ENSP00000173898	TRO	153	KAAQGSQSPTG		psite
ENSP00000173898	TRO	155	AQGSQSPTGHE		psite
ENSP00000173898	TRO	334	QALAATLRVKR		psite
ENSP00000249042	TST	202	AVGLDSGHIRG		psite
ENSP00000249042	TST	241	KKVDLSQPLIA		psite
ENSP00000242576	UNG	12	LYSFFSPSPAR	CDK2	psite
ENSP00000242576	UNG	14	SFFSPSPARKR		psite
ENSP00000242576	UNG	23	KRHAPSPEPAV		psite
ENSP00000242576	UNG	31	PAVQGTGVAGV		psite
ENSP00000242576	UNG	60	QEEPGTPPSSP		psite
ENSP00000242576	UNG	63	PGTPPSSPLSA		psite
ENSP00000242576	UNG	64	GTPPSSPLSAE	CDK1	psite
ENSP00000242576	UNG	67	PSSPLSAEQLD		psite
ENSP00000242576	UNG	126	ERKHYTVYPPP		psite
ENSP00000265560	USP4	244	RNFTTSPKSSA		psite
ENSP00000265560	USP4	445	RLRNDSVIVDT		psite
ENSP00000265560	USP4	675	GKEQLSETEGS		psite
ENSP00000265560	USP4	680	SETEGSGEDEP		psite
ENSP00000386161	WWOX	12	AGLDDTDSEDE		psite
ENSP00000386161	WWOX	14	LDDTDSEDELP		psite
ENSP00000349803	ZBTB20	231	ERYLSTTPETT		psite
ENSP00000349803	ZBTB20	236	TTPETTHCRKQ		psite
ENSP00000349803	ZBTB20	280	LERNESEECTE		psite
ENSP00000349803	ZBTB20	388	VLQQPSVNTSI		psite
ENSP00000349803	ZBTB20	391	QPSVNTSIGQP		psite
ENSP00000349803	ZBTB20	392	PSVNTSIGQPL		psite
ENSP00000349803	ZBTB20	399	GQPLPSTQLYL		psite
ENSP00000349803	ZBTB20	617	SASNGTPPAGT		psite
ENSP00000349803	ZBTB20	622	TPPAGTPPGAR		psite
ENSP00000262630	ZBTB32	396	HYRVHTGEKPF		psite
ENSP00000311596	ZNF699	131	FKRNDSWFSSL		psite
ENSP00000311596	ZNF699	526	HIRTHTGEKPY		psite
ENSP00000311596	ZNF699	554	HMRTHTGEKPY		psite
ENSP00000309572	TERT	797	IEQSSSLNEAS		pelm
ENSP00000309572	TERT	824	RIRGKSYVQCQ		pelm
ENSP00000309572	TERT	1113	PGTTLTALEAA		pelm
ENSP00000309572	TERT	227	RRRGGSASRSL		pelm
ENSP00000309572	TERT	1125	NPALPSDFKTI		pelm
ENSP00000348273	MBP	299	DSRSGSPMARR	UHMK1	pelm
ENSP00000348273	MBP	96	LIRLFSRDAPG		pelm
ENSP00000348273	MBP	232	IVTPRTPPPSQ	MAPK3	pelm
ENSP00000348273	MBP	232	IVTPRTPPPSQ	MAPK1	pelm
ENSP00000234590	ENO1	63	MGKGVSKAVEH		pelm
ENSP00000265724	ABCB1	683	QDRKLSTKEAL		pelm
ENSP00000265724	ABCB1	644	NAADESKSEID		pelm
ENSP00000265724	ABCB1	660	SNDSRSSLIRK		pelm
ENSP00000265724	ABCB1	658	MSSNDSRSSLI		pelm
ENSP00000265724	ABCB1	661	NDSRSSLIRKR		pelm
ENSP00000265724	ABCB1	667	LIRKRSTRRSV		pelm
ENSP00000265724	ABCB1	671	RSTRRSVRGSQ		pelm
ENSP00000357206	NES	384	QARTPTLASTP		pelm
ENSP00000357206	NES	564	TLENQSHETLE		pelm
ENSP00000357206	NES	1409	DRDGESDGFAD		pelm
ENSP00000357206	NES	545	PLEKETLKSLG		pelm
ENSP00000357206	NES	387	TPTLASTPIPP		pelm
ENSP00000357206	NES	548	KETLKSLGEEI		pelm
ENSP00000357206	NES	388	PTLASTPIPPT		pelm
ENSP00000357206	NES	588	LETLKSLEKEN		pelm
ENSP00000357206	NES	393	TPIPPTPQAPS		pelm
ENSP00000357206	NES	578	QECPRSLEEDL		pelm
ENSP00000357206	NES	1418	ADEEESGEEGE		pelm
ENSP00000357206	NES	311	LEAENSRLQTP		pelm
ENSP00000357206	NES	398	TPQAPSPAVDA		pelm
ENSP00000357206	NES	1299	TLPDSTPLGFY		pelm
ENSP00000357206	NES	768	QQRRRSLGEQD		pelm
ENSP00000357206	NES	931	GEYQESLRSLE		pelm
ENSP00000357206	NES	680	QEPLRSPEVGD		pelm
ENSP00000357206	NES	905	LENLRSPEEVD		pelm
ENSP00000357206	NES	1585	QEEEGSALKTS		pelm
ENSP00000357206	NES	315	NSRLQTPGGGS		pelm
ENSP00000357206	NES	320	TPGGGSKTSLS		pelm
ENSP00000357206	NES	325	SKTSLSFQDPK		pelm
ENSP00000357206	NES	839	QENLETLKSPE		pelm
ENSP00000357206	NES	842	LETLKSPETQA		pelm
ENSP00000357206	NES	845	LKSPETQAPLW		pelm
ENSP00000357206	NES	1615	EGDRESWSSGE		pelm
ENSP00000357206	NES	851	QAPLWTPEEIN		pelm
ENSP00000357206	NES	471	LAPPLSPDHSS		pelm
ENSP00000357206	NES	475	LSPDHSSLEAK		pelm
ENSP00000357206	NES	354	PVLSPTSLPSP		pelm
ENSP00000357206	NES	746	HKSLRSLEEQD		pelm
ENSP00000357206	NES	338	LQFPRTPEGRR		pelm
ENSP00000357206	NES	382	FLQARTPTLAS		pelm
ENSP00000278616	ATM	72	YIQKETECLRI		pelm
ENSP00000278616	ATM	367	RSLEISQSYTT		pelm
ENSP00000278616	ATM	85	PNVSASTQASR		pelm
ENSP00000278616	ATM	86	NVSASTQASRQ		pelm
ENSP00000278616	ATM	373	QSYTTTQRESS		pelm
ENSP00000295025	REL	492	DPNMLSNCSVN		pelm
ENSP00000349486	SCRIB	1547	PAPTPSPTPVE		pelm
ENSP00000349486	SCRIB	939	LLTAASPTIAL		pelm
ENSP00000349486	SCRIB	1298	AESPCSPSGQQ		pelm
ENSP00000349486	SCRIB	35	EIYRYSRSLEE		pelm
ENSP00000349486	SCRIB	1475	RLRVQSPEPPA		pelm
ENSP00000349486	SCRIB	748	AGGKGSTPYKG		pelm
ENSP00000349486	SCRIB	1300	SPCSPSGQQPP		pelm
ENSP00000349486	SCRIB	1140	FISKVSPTGAA		pelm
ENSP00000349486	SCRIB	1558	DLGPQTSTSPG		pelm
ENSP00000349486	SCRIB	749	GGKGSTPYKGD		pelm
ENSP00000349486	SCRIB	1306	GQQPPSPPSPD		pelm
ENSP00000349486	SCRIB	1437	QPPWASPSPTS		pelm
ENSP00000349486	SCRIB	1439	PWASPSPTSRQ		pelm
ENSP00000349486	SCRIB	1442	SPSPTSRQSPA		pelm
ENSP00000349486	SCRIB	1448	RQSPASPPPLG		pelm
ENSP00000349486	SCRIB	1309	PPSPPSPDELP		pelm
ENSP00000349486	SCRIB	1353	SPEQLSFRERQ		pelm
ENSP00000349486	SCRIB	824	PENAVTITPLR		pelm
ENSP00000349486	SCRIB	826	NAVTITPLRPE		pelm
ENSP00000349486	SCRIB	1226	LESISSIDREL		pelm
ENSP00000349486	SCRIB	1342	PAQPPTPGPAA		pelm
ENSP00000349486	SCRIB	835	PEDDYSPRERR		pelm
ENSP00000349486	SCRIB	1220	IGHRNSLESIS		pelm
ENSP00000349486	SCRIB	1223	RNSLESISSID		pelm
ENSP00000349486	SCRIB	1225	SLESISSIDRE		pelm
ENSP00000349486	SCRIB	1348	PGPAASPEQLS		pelm
ENSP00000349486	SCRIB	1486	PERALSPAELR		pelm
ENSP00000349486	SCRIB	1232	IDRELSPEGPG		pelm
ENSP00000349486	SCRIB	853	LLPPESPGPLR		pelm
ENSP00000349486	SCRIB	1378	PPKRVSLVGAD		pelm
ENSP00000349486	SCRIB	1508	AARMKSLEQDA		pelm
ENSP00000349486	SCRIB	487	KVMKRSIEGRR		pelm
ENSP00000349486	SCRIB	504	QPDSGSPLPAE		pelm
ENSP00000361021	PTEN	385	SDTTDSDPENE		pelm
ENSP00000361021	PTEN	385	SDTTDSDPENE	CSNK2A1	pelm
ENSP00000361021	PTEN	229	IYSSNSGPTRR	ROCK1	pelm
ENSP00000361021	PTEN	362	PEASSSTSVTP	GSK3B	pelm
ENSP00000361021	PTEN	232	SNSGPTRREDK	ROCK1	pelm
ENSP00000361021	PTEN	366	SSTSVTPDVSD		pelm
ENSP00000361021	PTEN	366	SSTSVTPDVSD	GSK3B	pelm
ENSP00000361021	PTEN	370	VTPDVSDNEPD		pelm
ENSP00000361021	PTEN	370	VTPDVSDNEPD	CSNK2A1	pelm
ENSP00000361021	PTEN	380	DHYRYSDTTDS		pelm
ENSP00000361021	PTEN	380	DHYRYSDTTDS	CSNK2A1	pelm
ENSP00000361021	PTEN	382	YRYSDTTDSDP		pelm
ENSP00000361021	PTEN	382	YRYSDTTDSDP	CSNK2A1	pelm
ENSP00000361021	PTEN	382	YRYSDTTDSDP	STK11	pelm
ENSP00000361021	PTEN	383	RYSDTTDSDPE		pelm
ENSP00000302707	FPR1	328	ALTEDSTQTSD	ADRBK1	pelm
ENSP00000302707	FPR1	329	LTEDSTQTSDT	ADRBK1	pelm
ENSP00000302707	FPR1	331	EDSTQTSDTAT	ADRBK1	pelm
ENSP00000302707	FPR1	332	DSTQTSDTATN	ADRBK1	pelm
ENSP00000302707	FPR1	334	TQTSDTATNST	ADRBK1	pelm
ENSP00000302707	FPR1	336	TSDTATNSTLP	ADRBK1	pelm
ENSP00000302707	FPR1	338	DTATNSTLPSA	ADRBK1	pelm
ENSP00000304467	THOP1	643	GMDYRSCILRP		pelm
ENSP00000384026	HMGA2	59	GSKNKSPSKAA	CDK1	pelm
ENSP00000384026	HMGA2	44	PTGEPSPKRPR	CDK1	pelm
ENSP00000307272	RPTOR	865	APASPTNKGVH		pelm
ENSP00000307272	RPTOR	706	EGGSLTPVRDS		pelm
ENSP00000307272	RPTOR	706	EGGSLTPVRDS	CDK1	pelm
ENSP00000307272	RPTOR	877	HQAGGSPPASS		pelm
ENSP00000307272	RPTOR	792	MRRASSYSSLN		pelm
ENSP00000307272	RPTOR	719	TPRLRSVSSYG		pelm
ENSP00000307272	RPTOR	881	GSPPASSTSSS		pelm
ENSP00000307272	RPTOR	722	LRSVSSYGNIR		pelm
ENSP00000307272	RPTOR	883	PPASSTSSSSL		pelm
ENSP00000307272	RPTOR	853	QRVLDTSSLTQ		pelm
ENSP00000307272	RPTOR	855	VLDTSSLTQSA		pelm
ENSP00000307272	RPTOR	696	NYALPSPATTE		pelm
ENSP00000307272	RPTOR	696	NYALPSPATTE	CDK1	pelm
ENSP00000307272	RPTOR	859	SSLTQSAPASP		pelm
ENSP00000307272	RPTOR	863	QSAPASPTNKG		pelm
ENSP00000311816	REST	864	DLSPPSPPLPK		pelm
ENSP00000217971	PGRMC1	57	AASGDSDDDEP		pelm
ENSP00000217971	PGRMC1	181	EPTVYSDEEEP		pelm
ENSP00000396843	NFIC	337	KSPFNSPSPQD		pelm
ENSP00000381891	ERG	85	SQVNGSRNSPD		pelm
ENSP00000242576	UNG	64	GTPPSSPLSAE		pelm
ENSP00000242576	UNG	12	LYSFFSPSPAR		pelm
ENSP00000242576	UNG	14	SFFSPSPARKR		pelm
ENSP00000242576	UNG	23	KRHAPSPEPAV		pelm
ENSP00000242576	UNG	63	PGTPPSSPLSA		pelm
ENSP00000242576	UNG	60	QEEPGTPPSSP		pelm
ENSP00000242576	UNG	126	ERKHYTVYPPP		pelm
ENSP00000242576	UNG	31	PAVQGTGVAGV		pelm
ENSP00000348984	SON	1922	TVRARSRTPSR		pelm
ENSP00000348984	SON	1924	RARSRTPSRRS		pelm
ENSP00000348984	SON	910	MLGSKSPDPYR		pelm
ENSP00000348984	SON	1555	VCAAGTSPVGE		pelm
ENSP00000348984	SON	1556	CAAGTSPVGEI		pelm
ENSP00000348984	SON	152	NIDLESDSFLK		pelm
ENSP00000348984	SON	154	DLESDSFLKFD		pelm
ENSP00000348984	SON	283	SVESTSPEPSK		pelm
ENSP00000348984	SON	1948	VGRRRSFSISP		pelm
ENSP00000348984	SON	1950	RRRSFSISPSR		pelm
ENSP00000348984	SON	160	FLKFDSEPSAV		pelm
ENSP00000348984	SON	1697	LAALLSPKESS		pelm
ENSP00000348984	SON	1954	FSISPSRRSRT		pelm
ENSP00000348984	SON	1952	RSFSISPSRRS		pelm
ENSP00000348984	SON	2129	NKPHVSDEEEE		pelm
ENSP00000348984	SON	2009	VVRRRSFSISP		pelm
ENSP00000348984	SON	2011	RRRSFSISPVR		pelm
ENSP00000348984	SON	2013	RSFSISPVRLR		pelm
ENSP00000348984	SON	94	KSRCVSVQTDP		pelm
ENSP00000348984	SON	354	EIADSSMTRPQ		pelm
ENSP00000348984	SON	2020	VRLRRSRTPLR		pelm
ENSP00000348984	SON	1766	VGRDRSAASPV		pelm
ENSP00000348984	SON	1769	DRSAASPVVSS		pelm
ENSP00000348984	SON	2029	LRRRFSRSPIR		pelm
ENSP00000348984	SON	2031	RRFSRSPIRRK		pelm
ENSP00000348984	SON	1651	SPSGGSEADIE		pelm
ENSP00000348984	SON	1780	MPERASESSSE		pelm
ENSP00000348984	SON	1782	ERASESSSEEK		pelm
ENSP00000348984	SON	1783	RASESSSEEKD		pelm
ENSP00000348984	SON	1016	SSYERSMMSYE		pelm
ENSP00000349076	ATN1	103	RPQSPSDLDSL		pelm
ENSP00000349076	ATN1	661	GYKPGSPPSFR		pelm
ENSP00000349076	ATN1	748	PARSPSPPPKV		pelm
ENSP00000349076	ATN1	79	EEISESESEET		pelm
ENSP00000349076	ATN1	101	LPRPQSPSDLD		pelm
ENSP00000349076	ATN1	81	ISESESEETNA		pelm
ENSP00000349076	ATN1	107	PSDLDSLDGRS		pelm
ENSP00000349076	ATN1	669	SFRTGTPPGYR		pelm
ENSP00000349076	ATN1	739	YETPESPVPPA		pelm
ENSP00000349076	ATN1	739	YETPESPVPPA	MAPK8	pelm
ENSP00000349076	ATN1	739	YETPESPVPPA	MAPK10	pelm
ENSP00000349076	ATN1	112	SLDGRSLNDDG		pelm
ENSP00000349076	ATN1	653	AYKTATPPGYK		pelm
ENSP00000349076	ATN1	119	NDDGSSDPRDI		pelm
ENSP00000349076	ATN1	77	RSEEISESESE		pelm
ENSP00000349076	ATN1	632	GYKTASPPGPP		pelm
ENSP00000349076	ATN1	746	VPPARSPSPPP		pelm
ENSP00000349076	ATN1	34	SRGRASPGGVS		pelm
ENSP00000349076	ATN1	645	GKRAPSPGAYK		pelm
ENSP00000349076	ATN1	651	PGAYKTATPPG		pelm
ENSP00000336687	CBX3	176	RLTWHSCPEDE		pelm
ENSP00000336687	CBX3	97	KSLSDSESDDS		pelm
ENSP00000336687	CBX3	102	SESDDSKSKKK		pelm
ENSP00000336687	CBX3	99	LSDSESDDSKS		pelm
ENSP00000336687	CBX3	93	GTKRKSLSDSE		pelm
ENSP00000336687	CBX3	95	KRKSLSDSESD		pelm
ENSP00000346566	CKAP5	816	KMQGQSPPAPT		pelm
ENSP00000346566	CKAP5	829	ISKHSTSGTDE		pelm
ENSP00000346566	CKAP5	832	HSTSGTDEGED		pelm
ENSP00000312673	GH1	77	QNPQTSLCFSE		pelm
ENSP00000312673	GH1	132	LVYGASDSNVY		pelm
ENSP00000312673	GH1	176	KFDTNSHNDDA		pelm
ENSP00000269886	SH3GL1	288	IAASSSFRSSD		pelm
ENSP00000269886	SH3GL1	287	KIAASSSFRSS		pelm
ENSP00000225402	AATF	321	SEEISSEDDEL		pelm
ENSP00000225402	AATF	320	GSEEISSEDDE		pelm
ENSP00000225402	AATF	316	KPNAGSEEISS		pelm
ENSP00000225402	AATF	203	AGDRNSEDDGV		pelm
ENSP00000225402	AATF	155	SVQSISDFEKF		pelm
ENSP00000225402	AATF	310	YLVDGTKPNAG		pelm
ENSP00000358022	MCL1	163	GSLPSTPPPAE		pelm
ENSP00000358022	MCL1	163	GSLPSTPPPAE	MAPK3	pelm
ENSP00000358022	MCL1	163	GSLPSTPPPAE	MAPK1	pelm
ENSP00000358022	MCL1	121	ADAIMSPEEEL		pelm
ENSP00000358022	MCL1	159	TSTDGSLPSTP		pelm
ENSP00000358022	MCL1	159	TSTDGSLPSTP	GSK3B	pelm
ENSP00000338072	AVPR2	363	CTTASSSLAKD		pelm
ENSP00000338072	AVPR2	362	SCTTASSSLAK		pelm
ENSP00000338072	AVPR2	364	TTASSSLAKDT		pelm
ENSP00000217971	PGRMC1	54	DQPAASGDSDD		pelm
ENSP00000217971	PGRMC1	178	EGEEPTVYSDE		pelm
ENSP00000278823	MTA2	57	SSSLNSLADSN		pelm
ENSP00000278823	MTA2	435	EAQSLSPYTTS		pelm
ENSP00000278823	MTA2	433	RPEAQSLSPYT		pelm
ENSP00000278823	MTA2	438	SLSPYTTSANR		pelm
ENSP00000278823	MTA2	505	PKAAKTPLKIH		pelm
ENSP00000278823	MTA2	534	PLKPKTPRGTK		pelm
ENSP00000388340	CLINT1	232	SPERCSDSDEE		pelm
ENSP00000388340	CLINT1	294	AAAHYTGDKAS		pelm
ENSP00000388340	CLINT1	227	KDREDSPERCS		pelm
ENSP00000388340	CLINT1	272	ATETTTTRHKR		pelm
ENSP00000388340	CLINT1	299	TGDKASPDQNA		pelm
ENSP00000388340	CLINT1	234	ERCSDSDEEKK		pelm
ENSP00000388340	CLINT1	305	PDQNASTHTPQ		pelm
ENSP00000388340	CLINT1	245	ARRGRSPKGEF		pelm
ENSP00000388340	CLINT1	306	DQNASTHTPQS		pelm
ENSP00000314420	PER1	704	VGGTLSPLALA		pelm
ENSP00000314420	PER1	980	NSRCSSPLQLN		pelm
ENSP00000314420	PER1	979	FNSRCSSPLQL		pelm
ENSP00000314420	PER1	815	SSTAPSALGER		pelm
ENSP00000314420	PER1	1262	GAKASSSQDLA		pelm
ENSP00000314420	PER1	1263	AKASSSQDLAM		pelm
ENSP00000357794	TCHH	251	WRKRETVLRKE		pelm
ENSP00000297185	HSPA9	62	GIDLGTTNSCV	TTK	pelm
ENSP00000297185	HSPA9	65	LGTTNSCVAVM	TTK	pelm
ENSP00000262809	ELL	561	QLRQLSQGSEE		pelm
ENSP00000262809	ELL	442	SRPHGSPSRSK		pelm
ENSP00000262809	ELL	309	DPAASSPPGER		pelm
ENSP00000262809	ELL	437	DCAQPSRPHGS		pelm
ENSP00000245441	NIN	1550	GTLNGSQEEMW		pelm
ENSP00000250454	EAPP	109	DIYFDSDSEDE		pelm
ENSP00000250454	EAPP	26	PALSSSEDEVD		pelm
ENSP00000250454	EAPP	24	EEPALSSSEDE		pelm
ENSP00000250454	EAPP	111	YFDSDSEDEDR		pelm
ENSP00000250454	EAPP	25	EPALSSSEDEV		pelm
ENSP00000250454	EAPP	17	AVEEPSDEEPA		pelm
ENSP00000250454	EAPP	121	RAVQVTKKKKK		pelm
ENSP00000292476	CPSF4	202	LQRSSSLIQLT		pelm
ENSP00000292476	CPSF4	212	TSQNSSPNQQR		pelm
ENSP00000296456	APEH	187	LDVSASDDEIA		pelm
ENSP00000338358	SERPINB6	151	IAELLSPGSVD		pelm
ENSP00000364794	IARS	1049	YPVSPSDKVLI		pelm
ENSP00000364794	IARS	1047	KPYPVSPSDKV		pelm
ENSP00000268957	TOB1	205	KVARTSPINLG		pelm
ENSP00000352673	ELF3	215	SDSGGSDVDLD		pelm
ENSP00000352673	ELF3	212	SHSSDSGGSDV		pelm
ENSP00000317891	TNIP1	403	LQDQLSPLTRQ		pelm
ENSP00000317891	TNIP1	431	ALSIQTPPSSP		pelm
ENSP00000317891	TNIP1	438	PSSPPTAFGSP		pelm
ENSP00000244711	MEA1	114	DPPLESEDEDE		pelm
ENSP00000240922	NAA50	12	ELGDVTPHNIK		pelm
ENSP00000308928	CYLD	393	LTEISTDFDRS		pelm
ENSP00000328236	KNTC1	1045	AAEVRSPSMES		pelm
ENSP00000328236	KNTC1	1035	HKPGSTPEPIA		pelm
ENSP00000296456	APEH	187	LDVSASDDEIA		hprd
ENSP00000295897	ALB	297	QDSISSKLKEC		hprd
ENSP00000295897	ALB	294	CENQDSISSKL		hprd
ENSP00000295897	ALB	82	CVADESAENCD		hprd
ENSP00000359790	DST	1502	NQPENSKTLAT		hprd
ENSP00000359790	DST	218	KVQKKTFTKWI		hprd
ENSP00000359790	DST	220	QKKTFTKWINQ		hprd
ENSP00000359790	DST	1177	VASIKTMLPGE		hprd
ENSP00000297848	COL14A1	989	KISVYTKLQEI		hprd
ENSP00000229277	ENO2	265	DFKSPTDPSRY		hprd
ENSP00000229277	ENO2	26	EVDLYTAKGLF		hprd
ENSP00000265814	RUNX1T1	592	TPRSTTPGTPS		hprd
ENSP00000265814	RUNX1T1	595	STTPGTPSTIE		hprd
ENSP00000265814	RUNX1T1	590	AATPRSTTPGT		hprd
ENSP00000265814	RUNX1T1	417	HSRQQSPVNPD		hprd
ENSP00000265814	RUNX1T1	591	ATPRSTTPGTP		hprd
ENSP00000273550	FTH1	164	MGAPESGLAEY		hprd
ENSP00000273550	FTH1	175	LFDKHTLGDSD		hprd
ENSP00000302707	FPR1	328	ALTEDSTQTSD	ADRBK1	hprd
ENSP00000302707	FPR1	329	LTEDSTQTSDT	ADRBK1	hprd
ENSP00000302707	FPR1	331	EDSTQTSDTAT	ADRBK1	hprd
ENSP00000302707	FPR1	332	DSTQTSDTATN	ADRBK1	hprd
ENSP00000302707	FPR1	334	TQTSDTATNST	ADRBK1	hprd
ENSP00000302707	FPR1	336	TSDTATNSTLP	ADRBK1	hprd
ENSP00000302707	FPR1	338	DTATNSTLPSA	ADRBK1	hprd
ENSP00000302707	FPR1	339	TATNSTLPSAE	ADRBK1	hprd
ENSP00000335620	GSTA1	142	EKVLKSHGQDY		hprd
ENSP00000335620	GSTA1	202	FLQPGSPRKPP		hprd
ENSP00000335620	GSTA1	37	EKFIKSAEDLD		hprd
ENSP00000274576	GLRA1	419	KIDKISRIGFP		hprd
ENSP00000312673	GH1	132	LVYGASDSNVY		hprd
ENSP00000312673	GH1	176	KFDTNSHNDDA		hprd
ENSP00000349275	NRG1	533	EEYETTQEYEP		hprd
ENSP00000244711	MEA1	114	DPPLESEDEDE		hprd
ENSP00000265986	IDE	55	IGNHITKSPED		hprd
ENSP00000265986	IDE	955	RRHKVSVHVLA		hprd
ENSP00000265986	IDE	268	SLDDLTNLVVK		hprd
ENSP00000348273	MBP	229	FKNIVTPRTPP		hprd
ENSP00000348273	MBP	205	TAHYGSLPQKS		hprd
ENSP00000348273	MBP	146	SQRHGSKYLAT	PRKCA	hprd
ENSP00000348273	MBP	266	YGGRASDYKSA	PRKCA	hprd
ENSP00000348273	MBP	285	AQGTLSKIFKL	PRKCA	hprd
ENSP00000348273	MBP	295	LGGRDSRSGSP	PRKCA	hprd
ENSP00000348273	MBP	141	SQKRPSQRHGS	PRKCA	hprd
ENSP00000348273	MBP	169	PRHRDTGILDS	PRKACA	hprd
ENSP00000348273	MBP	190	APKRGSGKDSH	PRKCA	hprd
ENSP00000348273	MBP	249	SLSRFSWGAEG	PRKCA	hprd
ENSP00000348273	MBP	232	IVTPRTPPPSQ	MAPK1	hprd
ENSP00000348273	MBP	96	LIRLFSRDAPG		hprd
ENSP00000348273	MBP	114	DRPSESDELQT		hprd
ENSP00000361548	MPL	546	QYLRDTAALSP		hprd
ENSP00000381891	ERG	93	SPDECSVAKGG		hprd
ENSP00000300055	PLIN1	81	VVRRLSTQFTA	PRKACA	hprd
ENSP00000265724	ABCB1	661	NDSRSSLIRKR		hprd
ENSP00000265724	ABCB1	667	LIRKRSTRRSV		hprd
ENSP00000265724	ABCB1	671	RSTRRSVRGSQ		hprd
ENSP00000265724	ABCB1	683	QDRKLSTKEAL		hprd
ENSP00000265724	ABCB1	644	NAADESKSEID		hprd
ENSP00000265724	ABCB1	658	MSSNDSRSSLI		hprd
ENSP00000265724	ABCB1	660	SNDSRSSLIRK		hprd
ENSP00000265724	ABCB1	33	KEKKPTVSVFS		hprd
ENSP00000265724	ABCB1	35	KKPTVSVFSMF		hprd
ENSP00000265724	ABCB1	23	KLNNKSEKDKK		hprd
ENSP00000234590	ENO1	263	DLDFKSPDDPS		hprd
ENSP00000234590	ENO1	254	SEFFRSGKYDL		hprd
ENSP00000234590	ENO1	72	EHINKTIAPAL		hprd
ENSP00000234590	ENO1	419	EEELGSKAKFA		hprd
ENSP00000234590	ENO1	27	VDLFTSKGLFR		hprd
ENSP00000234590	ENO1	100	IEMDGTENKSK		hprd
ENSP00000338358	SERPINB6	151	IAELLSPGSVD		hprd
ENSP00000278715	HMBS	15	TAEENSPKMRV		hprd
ENSP00000005257	RALA	11	PKGQNSLALHK		hprd
ENSP00000005257	RALA	183	RKMEDSKEKNG		hprd
ENSP00000348984	SON	1651	SPSGGSEADIE		hprd
ENSP00000348984	SON	1697	LAALLSPKESS		hprd
ENSP00000348984	SON	1766	VGRDRSAASPV		hprd
ENSP00000348984	SON	1769	DRSAASPVVSS		hprd
ENSP00000348984	SON	2013	RSFSISPVRLR		hprd
ENSP00000348984	SON	910	MLGSKSPDPYR		hprd
ENSP00000348984	SON	154	DLESDSFLKFD		hprd
ENSP00000348984	SON	283	SVESTSPEPSK		hprd
ENSP00000348984	SON	94	KSRCVSVQTDP		hprd
ENSP00000348984	SON	1780	MPERASESSSE		hprd
ENSP00000348984	SON	1782	ERASESSSEEK		hprd
ENSP00000348984	SON	1784	ASESSSEEKDD		hprd
ENSP00000348984	SON	1783	RASESSSEEKD		hprd
ENSP00000348984	SON	1952	RSFSISPSRRS		hprd
ENSP00000348984	SON	1954	FSISPSRRSRT		hprd
ENSP00000348984	SON	1948	VGRRRSFSISP		hprd
ENSP00000348984	SON	1555	VCAAGTSPVGE		hprd
ENSP00000348984	SON	1556	CAAGTSPVGEI		hprd
ENSP00000348984	SON	1950	RRRSFSISPSR		hprd
ENSP00000348984	SON	2009	VVRRRSFSISP		hprd
ENSP00000348984	SON	2011	RRRSFSISPVR		hprd
ENSP00000348984	SON	2029	LRRRFSRSPIR		hprd
ENSP00000348984	SON	2031	RRFSRSPIRRK		hprd
ENSP00000348984	SON	1922	TVRARSRTPSR		hprd
ENSP00000348984	SON	1926	RSRTPSRRSRS		hprd
ENSP00000348984	SON	1924	RARSRTPSRRS		hprd
ENSP00000348984	SON	152	NIDLESDSFLK		hprd
ENSP00000348984	SON	160	FLKFDSEPSAV		hprd
ENSP00000348984	SON	354	EIADSSMTRPQ		hprd
ENSP00000348984	SON	1016	SSYERSMMSYE		hprd
ENSP00000348984	SON	2129	NKPHVSDEEEE		hprd
ENSP00000348984	SON	2163	AAAKPTPPKSQ		hprd
ENSP00000348984	SON	1076	ERSMMSPMADR		hprd
ENSP00000348984	SON	908	SAMLGSKSPDP		hprd
ENSP00000348984	SON	1820	EKKRDSSLRSR		hprd
ENSP00000348984	SON	1824	DSSLRSRSKRS		hprd
ENSP00000348984	SON	1821	KKRDSSLRSRS		hprd
ENSP00000348984	SON	348	PVDVPSEIADS		hprd
ENSP00000348984	SON	142	ESKTKSHDDGN		hprd
ENSP00000348984	SON	1572	LPTSETKQRTV		hprd
ENSP00000348984	SON	2001	SRRRRSRSVVR		hprd
ENSP00000348984	SON	2003	RRRSRSVVRRR		hprd
ENSP00000348984	SON	2020	VRLRRSRTPLR		hprd
ENSP00000348984	SON	2022	LRRSRTPLRRR		hprd
ENSP00000348984	SON	2181	PVSSGSQHRKK		hprd
ENSP00000348984	SON	278	KSVLKSVESTS		hprd
ENSP00000348984	SON	303	KVLEPSETLVV		hprd
ENSP00000348984	SON	353	SEIADSSMTRP		hprd
ENSP00000348984	SON	1051	ERSMMSPMAER		hprd
ENSP00000348984	SON	1032	PMAERSMMSAY		hprd
ENSP00000348984	SON	1043	ERSMMSAYERS		hprd
ENSP00000348984	SON	1688	LPVKESDQTLA		hprd
ENSP00000309572	TERT	227	RRRGGSASRSL	AKT1	hprd
ENSP00000309572	TERT	824	RIRGKSYVQCQ	AKT1	hprd
ENSP00000309572	TERT	1113	PGTTLTALEAA		hprd
ENSP00000309572	TERT	1125	NPALPSDFKTI		hprd
ENSP00000266304	TEF	32	GERGLSGSFPL		hprd
ENSP00000242576	UNG	60	QEEPGTPPSSP		hprd
ENSP00000242576	UNG	64	GTPPSSPLSAE		hprd
ENSP00000242576	UNG	63	PGTPPSSPLSA		hprd
ENSP00000242576	UNG	23	KRHAPSPEPAV		hprd
ENSP00000242576	UNG	31	PAVQGTGVAGV		hprd
ENSP00000242576	UNG	40	GVPEESGDAAA		hprd
ENSP00000242576	UNG	12	LYSFFSPSPAR		hprd
ENSP00000242576	UNG	14	SFFSPSPARKR		hprd
ENSP00000242576	UNG	67	PSSPLSAEQLD		hprd
ENSP00000227868	PDHX	162	SEPRPSPEPQI		hprd
ENSP00000227868	PDHX	168	PEPQISIPVKK		hprd
ENSP00000274813	MUT	249	DIFEYTAKHMP		hprd
ENSP00000349085	MAGEA1	57	TDPPQSPQGAS		hprd
ENSP00000217971	PGRMC1	181	EPTVYSDEEEP		hprd
ENSP00000217971	PGRMC1	57	AASGDSDDDEP		hprd
ENSP00000217971	PGRMC1	178	EGEEPTVYSDE		hprd
ENSP00000217971	PGRMC1	190	EPKDESARKND		hprd
ENSP00000217971	PGRMC1	54	DQPAASGDSDD		hprd
ENSP00000217971	PGRMC1	74	KRRDFTPAELR		hprd
ENSP00000276014	CCNB3	1038	LQESPTCKEDT		hprd
ENSP00000367301	NDP	14	SFSMLSLLVIM		hprd
ENSP00000394624	OPRM1	458	IEQQNSTRIRQ		hprd
ENSP00000394624	OPRM1	465	RIRQNTRDHPS		hprd
ENSP00000394624	OPRM1	470	TRDHPSTANTV		hprd
ENSP00000394624	OPRM1	275	ALDFRTPRNAK		hprd
ENSP00000394624	OPRM1	449	EFCIPTSSNIE		hprd
ENSP00000394624	OPRM1	451	CIPTSSNIEQQ		hprd
ENSP00000262809	ELL	561	QLRQLSQGSEE		hprd
ENSP00000262809	ELL	442	SRPHGSPSRSK		hprd
ENSP00000262809	ELL	309	DPAASSPPGER		hprd
ENSP00000262809	ELL	437	DCAQPSRPHGS		hprd
ENSP00000262809	ELL	170	PAPGATDAVPS		hprd
ENSP00000262809	ELL	133	QKARQSMAQAE		hprd
ENSP00000262809	ELL	145	ETRSRSAIVIK		hprd
ENSP00000262809	ELL	9	LKEDRSYGLSC		hprd
ENSP00000297185	HSPA9	200	AYFNDSQRQAT		hprd
ENSP00000297185	HSPA9	378	AEVSKSDIGEV		hprd
ENSP00000297185	HSPA9	616	LKEEISKMREL		hprd
ENSP00000297185	HSPA9	638	IRQAASSLQQA		hprd
ENSP00000297185	HSPA9	639	RQAASSLQQAS		hprd
ENSP00000297185	HSPA9	62	GIDLGTTNSCV		hprd
ENSP00000297185	HSPA9	111	KRQAVTNPNNT		hprd
ENSP00000297185	HSPA9	120	NTFYATKRLIG		hprd
ENSP00000384026	HMGA2	44	PTGEPSPKRPR	CDK1	hprd
ENSP00000384026	HMGA2	59	GSKNKSPSKAA	CDK1	hprd
ENSP00000384026	HMGA2	40	QQQEPTGEPSP		hprd
ENSP00000384026	HMGA2	14	GQPSTSAQGQP		hprd
ENSP00000384026	HMGA2	102	TEETSSQESAE		hprd
ENSP00000384026	HMGA2	101	ETEETSSQESA		hprd
ENSP00000384026	HMGA2	100	EETEETSSQES		hprd
ENSP00000364794	IARS	1047	KPYPVSPSDKV		hprd
ENSP00000364794	IARS	1049	YPVSPSDKVLI		hprd
ENSP00000364794	IARS	264	MEARLSALYKL		hprd
ENSP00000364794	IARS	688	NTVRESPNITD		hprd
ENSP00000364794	IARS	692	ESPNITDRWIL		hprd
ENSP00000304467	THOP1	643	GMDYRSCILRP	PRKACA	hprd
ENSP00000304467	THOP1	347	NQVEETRYCVD		hprd
ENSP00000296577	ABCE1	423	PKSTGSVRQLL		hprd
ENSP00000296577	ABCE1	183	KAAKGTVGSIL		hprd
ENSP00000381293	NSF	207	KENRQSIINPD		hprd
ENSP00000361021	PTEN	382	YRYSDTTDSDP		hprd
ENSP00000361021	PTEN	383	RYSDTTDSDPE		hprd
ENSP00000361021	PTEN	370	VTPDVSDNEPD	CSNK2A1	hprd
ENSP00000361021	PTEN	366	SSTSVTPDVSD	CSNK2A1	hprd
ENSP00000361021	PTEN	380	DHYRYSDTTDS	AKT1	hprd
ENSP00000361021	PTEN	385	SDTTDSDPENE	AKT1	hprd
ENSP00000269886	SH3GL1	288	IAASSSFRSSD		hprd
ENSP00000269886	SH3GL1	287	KIAASSSFRSS		hprd
ENSP00000269886	SH3GL1	286	PKIAASSSFRS		hprd
ENSP00000352673	ELF3	212	SHSSDSGGSDV		hprd
ENSP00000352673	ELF3	215	SDSGGSDVDLD		hprd
ENSP00000314420	PER1	1262	GAKASSSQDLA		hprd
ENSP00000314420	PER1	1263	AKASSSQDLAM		hprd
ENSP00000314420	PER1	979	FNSRCSSPLQL		hprd
ENSP00000314420	PER1	980	NSRCSSPLQLN		hprd
ENSP00000314420	PER1	1104	GSIDSSEAEAG		hprd
ENSP00000314420	PER1	1100	SKYFGSIDSSE		hprd
ENSP00000314420	PER1	1103	FGSIDSSEAEA		hprd
ENSP00000314420	PER1	704	VGGTLSPLALA		hprd
ENSP00000314420	PER1	815	SSTAPSALGER		hprd
ENSP00000314420	PER1	1186	LGAVHSWVRKG		hprd
ENSP00000314420	PER1	1279	GRSSSSPALPT		hprd
ENSP00000314420	PER1	161	KGRSGTLATLQ		hprd
ENSP00000314420	PER1	164	SGTLATLQYAL		hprd
ENSP00000292476	CPSF4	202	LQRSSSLIQLT		hprd
ENSP00000292476	CPSF4	212	TSQNSSPNQQR		hprd
ENSP00000292476	CPSF4	200	PPLQRSSSLIQ		hprd
ENSP00000265560	USP4	675	GKEQLSETEGS		hprd
ENSP00000265560	USP4	680	SETEGSGEDEP		hprd
ENSP00000265560	USP4	677	EQLSETEGSGE		hprd
ENSP00000337761	RAB27A	206	SNGHASTDQLS		hprd
ENSP00000337761	RAB27A	211	STDQLSEEKEK		hprd
ENSP00000348019	SLC17A5	20	ESTDRTPLLPG		hprd
ENSP00000336687	CBX3	93	GTKRKSLSDSE		hprd
ENSP00000336687	CBX3	95	KRKSLSDSESD		hprd
ENSP00000336687	CBX3	173	YEERLTWHSCP		hprd
ENSP00000336687	CBX3	176	RLTWHSCPEDE		hprd
ENSP00000336687	CBX3	102	SESDDSKSKKK		hprd
ENSP00000336687	CBX3	99	LSDSESDDSKS		hprd
ENSP00000336687	CBX3	97	KSLSDSESDDS		hprd
ENSP00000336687	CBX3	79	EAFLNSQKAGK		hprd
ENSP00000308928	CYLD	399	DFDRSSPPLQP		hprd
ENSP00000308928	CYLD	393	LTEISTDFDRS		hprd
ENSP00000262294	TRIM37	771	SSVAGSLSLRR		hprd
ENSP00000262294	TRIM37	773	VAGSLSLRRAV		hprd
ENSP00000386161	WWOX	14	LDDTDSEDELP		hprd
ENSP00000353826	LONP1	880	QNLAMTGEVSL		hprd
ENSP00000353826	LONP1	803	GSLEVTGQLGE		hprd
ENSP00000332151	DSE	797	RIFAISQQQQQ		hprd
ENSP00000349803	ZBTB20	617	SASNGTPPAGT		hprd
ENSP00000349803	ZBTB20	622	TPPAGTPPGAR		hprd
ENSP00000349803	ZBTB20	358	LETGASSPERS		hprd
ENSP00000350937	TES	214	PGGDRSTPAAV		hprd
ENSP00000279242	MRPL49	135	PLLGKTPVTQV		hprd
ENSP00000279242	MRPL49	138	GKTPVTQVNEV		hprd
ENSP00000307272	RPTOR	863	QSAPASPTNKG		hprd
ENSP00000307272	RPTOR	884	PASSTSSSSLT		hprd
ENSP00000307272	RPTOR	859	SSLTQSAPASP		hprd
ENSP00000307272	RPTOR	719	TPRLRSVSSYG		hprd
ENSP00000307272	RPTOR	722	LRSVSSYGNIR		hprd
ENSP00000307272	RPTOR	853	QRVLDTSSLTQ		hprd
ENSP00000307272	RPTOR	865	APASPTNKGVH		hprd
ENSP00000307272	RPTOR	855	VLDTSSLTQSA		hprd
ENSP00000307272	RPTOR	877	HQAGGSPPASS		hprd
ENSP00000307272	RPTOR	881	GSPPASSTSSS		hprd
ENSP00000307272	RPTOR	883	PPASSTSSSSL		hprd
ENSP00000307272	RPTOR	857	DTSSLTQSAPA		hprd
ENSP00000388340	CLINT1	299	TGDKASPDQNA		hprd
ENSP00000388340	CLINT1	227	KDREDSPERCS		hprd
ENSP00000388340	CLINT1	232	SPERCSDSDEE		hprd
ENSP00000388340	CLINT1	234	ERCSDSDEEKK		hprd
ENSP00000388340	CLINT1	245	ARRGRSPKGEF		hprd
ENSP00000388340	CLINT1	294	AAAHYTGDKAS		hprd
ENSP00000388340	CLINT1	305	PDQNASTHTPQ		hprd
ENSP00000388340	CLINT1	306	DQNASTHTPQS		hprd
ENSP00000388340	CLINT1	312	HTPQSSVKTSV		hprd
ENSP00000388340	CLINT1	272	ATETTTTRHKR		hprd
ENSP00000388340	CLINT1	22	VVMNYSEIESK		hprd
ENSP00000388340	CLINT1	26	YSEIESKVREA		hprd
ENSP00000388340	CLINT1	308	NASTHTPQSSV		hprd
ENSP00000388340	CLINT1	256	KDEEETVTTKH		hprd
ENSP00000349076	ATN1	101	LPRPQSPSDLD		hprd
ENSP00000349076	ATN1	112	SLDGRSLNDDG		hprd
ENSP00000349076	ATN1	119	NDDGSSDPRDI		hprd
ENSP00000349076	ATN1	34	SRGRASPGGVS		hprd
ENSP00000349076	ATN1	632	GYKTASPPGPP		hprd
ENSP00000349076	ATN1	645	GKRAPSPGAYK		hprd
ENSP00000349076	ATN1	653	AYKTATPPGYK		hprd
ENSP00000349076	ATN1	661	GYKPGSPPSFR		hprd
ENSP00000349076	ATN1	669	SFRTGTPPGYR		hprd
ENSP00000349076	ATN1	746	VPPARSPSPPP		hprd
ENSP00000349076	ATN1	748	PARSPSPPPKV		hprd
ENSP00000349076	ATN1	77	RSEEISESESE		hprd
ENSP00000349076	ATN1	107	PSDLDSLDGRS		hprd
ENSP00000349076	ATN1	79	EEISESESEET		hprd
ENSP00000349076	ATN1	103	RPQSPSDLDSL		hprd
ENSP00000349076	ATN1	739	YETPESPVPPA		hprd
ENSP00000349076	ATN1	81	ISESESEETNA		hprd
ENSP00000349076	ATN1	651	PGAYKTATPPG		hprd
ENSP00000349076	ATN1	63	RVEEASTPKVN		hprd
ENSP00000349076	ATN1	684	PAGPGTFKPGS		hprd
ENSP00000349076	ATN1	691	KPGSPTVGPGP		hprd
ENSP00000349076	ATN1	717	PAAPASGPPLS		hprd
ENSP00000349076	ATN1	722	SGPPLSATQIK		hprd
ENSP00000349076	ATN1	780	NSCARSDLYFV		hprd
ENSP00000349076	ATN1	896	RPHVMSPGNRN		hprd
ENSP00000278616	ATM	440	LLMILSQLLPQ	ATM	hprd
ENSP00000278616	ATM	1893	NLDSESEHFFR	ATM	hprd
ENSP00000278616	ATM	367	RSLEISQSYTT	ATM	hprd
ENSP00000278616	ATM	72	YIQKETECLRI		hprd
ENSP00000278616	ATM	85	PNVSASTQASR		hprd
ENSP00000278616	ATM	86	NVSASTQASRQ		hprd
ENSP00000278616	ATM	373	QSYTTTQRESS		hprd
ENSP00000278616	ATM	2996	CKRNLSDIDQS		hprd
ENSP00000278616	ATM	1993	SLSEKSKEETG		hprd
ENSP00000278616	ATM	800	PNKIASGFFLR		hprd
ENSP00000278616	ATM	809	LRLLTSKLMND		hprd
ENSP00000278616	ATM	1655	NLLQLSKMAIN		hprd
ENSP00000278616	ATM	1662	MAINHTGEKEV		hprd
ENSP00000278616	ATM	1104	DTKGDSSRLLK		hprd
ENSP00000349486	SCRIB	1140	FISKVSPTGAA		hprd
ENSP00000349486	SCRIB	1220	IGHRNSLESIS		hprd
ENSP00000349486	SCRIB	1309	PPSPPSPDELP		hprd
ENSP00000349486	SCRIB	1348	PGPAASPEQLS		hprd
ENSP00000349486	SCRIB	1448	RQSPASPPPLG		hprd
ENSP00000349486	SCRIB	1475	RLRVQSPEPPA		hprd
ENSP00000349486	SCRIB	1486	PERALSPAELR		hprd
ENSP00000349486	SCRIB	1591	VYDIQSPDFAE		hprd
ENSP00000349486	SCRIB	504	QPDSGSPLPAE		hprd
ENSP00000349486	SCRIB	1378	PPKRVSLVGAD		hprd
ENSP00000349486	SCRIB	1437	QPPWASPSPTS		hprd
ENSP00000349486	SCRIB	1439	PWASPSPTSRQ		hprd
ENSP00000349486	SCRIB	1442	SPSPTSRQSPA		hprd
ENSP00000349486	SCRIB	748	AGGKGSTPYKG		hprd
ENSP00000349486	SCRIB	749	GGKGSTPYKGD		hprd
ENSP00000349486	SCRIB	824	PENAVTITPLR		hprd
ENSP00000349486	SCRIB	835	PEDDYSPRERR		hprd
ENSP00000349486	SCRIB	826	NAVTITPLRPE		hprd
ENSP00000349486	SCRIB	853	LLPPESPGPLR		hprd
ENSP00000349486	SCRIB	939	LLTAASPTIAL		hprd
ENSP00000349486	SCRIB	1223	RNSLESISSID		hprd
ENSP00000349486	SCRIB	1225	SLESISSIDRE		hprd
ENSP00000349486	SCRIB	1226	LESISSIDREL		hprd
ENSP00000349486	SCRIB	1232	IDRELSPEGPG		hprd
ENSP00000349486	SCRIB	1298	AESPCSPSGQQ		hprd
ENSP00000349486	SCRIB	1306	GQQPPSPPSPD		hprd
ENSP00000349486	SCRIB	1300	SPCSPSGQQPP		hprd
ENSP00000349486	SCRIB	1342	PAQPPTPGPAA		hprd
ENSP00000349486	SCRIB	1353	SPEQLSFRERQ		hprd
ENSP00000349486	SCRIB	1508	AARMKSLEQDA		hprd
ENSP00000349486	SCRIB	1547	PAPTPSPTPVE		hprd
ENSP00000349486	SCRIB	1558	DLGPQTSTSPG		hprd
ENSP00000349486	SCRIB	941	TAASPTIALLL		hprd
ENSP00000349486	SCRIB	708	SVKGVSFDQAN		hprd
ENSP00000349486	SCRIB	1606	LEPSPSPGPQE		hprd
ENSP00000349486	SCRIB	37	YRYSRSLEELL		hprd
ENSP00000349486	SCRIB	688	EEEEASTEEED		hprd
ENSP00000349486	SCRIB	689	EEEASTEEEDK		hprd
ENSP00000349486	SCRIB	735	TILRQTGGLGI		hprd
ENSP00000349486	SCRIB	741	GGLGISIAGGK		hprd
ENSP00000349486	SCRIB	761	EGIFISRVSEE		hprd
ENSP00000349486	SCRIB	1137	EGIFISKVSPT		hprd
ENSP00000349486	SCRIB	1142	SKVSPTGAAGR		hprd
ENSP00000278823	MTA2	57	SSSLNSLADSN		hprd
ENSP00000278823	MTA2	435	EAQSLSPYTTS		hprd
ENSP00000278823	MTA2	433	RPEAQSLSPYT		hprd
ENSP00000278823	MTA2	505	PKAAKTPLKIH		hprd
ENSP00000278823	MTA2	534	PLKPKTPRGTK		hprd
ENSP00000278823	MTA2	540	PRGTKTPINRN		hprd
ENSP00000278823	MTA2	54	RDISSSLNSLA		hprd
ENSP00000278823	MTA2	519	RLPLATIVKDL		hprd
ENSP00000278823	MTA2	548	NRNQLSQNRGL		hprd
ENSP00000306185	ANTXR2	81	PEMRLSFIVFS		hprd
ENSP00000306185	ANTXR2	90	FSSQATIILPL		hprd
ENSP00000312288	HADH	73	KGIEESLRKVA		hprd
ENSP00000312288	HADH	16	SVSSSSTASAS		hprd
ENSP00000312288	HADH	17	VSSSSTASASA		hprd
ENSP00000312288	HADH	19	SSSTASASAKK		hprd
ENSP00000302830	MAEA	13	AQLSMTLKVQE		hprd
ENSP00000358022	MCL1	163	GSLPSTPPPAE	MAPK1	hprd
ENSP00000358022	MCL1	159	TSTDGSLPSTP	GSK3B	hprd
ENSP00000358022	MCL1	121	ADAIMSPEEEL		hprd
ENSP00000311816	REST	864	DLSPPSPPLPK		hprd
ENSP00000311816	REST	942	KHQTDSIVCEM		hprd
ENSP00000396843	NFIC	337	KSPFNSPSPQD		hprd
ENSP00000357206	NES	1286	ESREESEEDEL		hprd
ENSP00000357206	NES	315	NSRLQTPGGGS	CDK1	hprd
ENSP00000357206	NES	1299	TLPDSTPLGFY	CDK5	hprd
ENSP00000357206	NES	1409	DRDGESDGFAD		hprd
ENSP00000357206	NES	1418	ADEEESGEEGE		hprd
ENSP00000357206	NES	680	QEPLRSPEVGD		hprd
ENSP00000357206	NES	768	QQRRRSLGEQD		hprd
ENSP00000357206	NES	354	PVLSPTSLPSP		hprd
ENSP00000357206	NES	1571	GMPLVSEGDRG		hprd
ENSP00000357206	NES	311	LEAENSRLQTP		hprd
ENSP00000357206	NES	320	TPGGGSKTSLS		hprd
ENSP00000357206	NES	325	SKTSLSFQDPK		hprd
ENSP00000357206	NES	338	LQFPRTPEGRR		hprd
ENSP00000357206	NES	382	FLQARTPTLAS		hprd
ENSP00000357206	NES	398	TPQAPSPAVDA		hprd
ENSP00000357206	NES	384	QARTPTLASTP		hprd
ENSP00000357206	NES	387	TPTLASTPIPP		hprd
ENSP00000357206	NES	388	PTLASTPIPPT		hprd
ENSP00000357206	NES	393	TPIPPTPQAPS		hprd
ENSP00000357206	NES	471	LAPPLSPDHSS		hprd
ENSP00000357206	NES	475	LSPDHSSLEAK		hprd
ENSP00000357206	NES	545	PLEKETLKSLG		hprd
ENSP00000357206	NES	548	KETLKSLGEEI		hprd
ENSP00000357206	NES	564	TLENQSHETLE		hprd
ENSP00000357206	NES	578	QECPRSLEEDL		hprd
ENSP00000357206	NES	588	LETLKSLEKEN		hprd
ENSP00000357206	NES	746	HKSLRSLEEQD		hprd
ENSP00000357206	NES	839	QENLETLKSPE		hprd
ENSP00000357206	NES	842	LETLKSPETQA		hprd
ENSP00000357206	NES	845	LKSPETQAPLW		hprd
ENSP00000357206	NES	851	QAPLWTPEEIN		hprd
ENSP00000357206	NES	905	LENLRSPEEVD		hprd
ENSP00000357206	NES	931	GEYQESLRSLE		hprd
ENSP00000357206	NES	1585	QEEEGSALKTS		hprd
ENSP00000357206	NES	1615	EGDRESWSSGE		hprd
ENSP00000357206	NES	1347	LEAPPSEKEEG		hprd
ENSP00000357206	NES	352	LLPVLSPTSLP		hprd
ENSP00000357206	NES	1445	GSSVGSLQALS		hprd
ENSP00000357206	NES	934	QESLRSLEEEG		hprd
ENSP00000357206	NES	1450	SLQALSSSQRG		hprd
ENSP00000357206	NES	1451	LQALSSSQRGE		hprd
ENSP00000357206	NES	355	VLSPTSLPSPL		hprd
ENSP00000357206	NES	891	EENQESLRSLG		hprd
ENSP00000357206	NES	1441	RWGPGSSVGSL		hprd
ENSP00000357206	NES	1452	QALSSSQRGEF		hprd
ENSP00000357206	NES	1016	EGHPESPEPKE		hprd
ENSP00000357206	NES	965	ELAQESPPGMA		hprd
ENSP00000357206	NES	304	VATYRTLLEAE		hprd
ENSP00000357206	NES	346	GRRLGSLLPVL		hprd
ENSP00000357206	NES	358	PTSLPSPLPAT		hprd
ENSP00000357206	NES	363	SPLPATLETPV		hprd
ENSP00000357206	NES	366	PATLETPVPAF		hprd
ENSP00000357206	NES	459	ASTGQSPEDHA		hprd
ENSP00000357206	NES	465	PEDHASLAPPL		hprd
ENSP00000357206	NES	455	QRQEASTGQSP		hprd
ENSP00000357206	NES	456	RQEASTGQSPE		hprd
ENSP00000361777	SET	63	LNEQASEEILK		hprd
ENSP00000361777	SET	161	FHLNESGDPSS		hprd
ENSP00000392466	LDB1	302	RKRKMSGGSTM		hprd
ENSP00000392466	LDB1	306	MSGGSTMSSGG		hprd
ENSP00000392466	LDB1	61	GIGRHTPYGNQ		hprd
ENSP00000392466	LDB1	261	MSRHKTYSLSP		hprd
ENSP00000392466	LDB1	327	KSPASTFALSS		hprd
ENSP00000317891	TNIP1	403	LQDQLSPLTRQ		hprd
ENSP00000317891	TNIP1	431	ALSIQTPPSSP		hprd
ENSP00000317891	TNIP1	438	PSSPPTAFGSP		hprd
ENSP00000317891	TNIP1	99	SNVTASPTAPA		hprd
ENSP00000317891	TNIP1	77	LLPPPSPSLGS		hprd
ENSP00000317891	TNIP1	266	SGRPGSPKMEG		hprd
ENSP00000317891	TNIP1	434	IQTPPSSPPTA		hprd
ENSP00000317891	TNIP1	435	QTPPSSPPTAF		hprd
ENSP00000317891	TNIP1	442	PTAFGSPEGAG		hprd
ENSP00000268957	TOB1	152	SSVSSSPSPPF	MAPK1	hprd
ENSP00000268957	TOB1	154	VSSSPSPPFGH	MAPK1	hprd
ENSP00000268957	TOB1	164	HSAAVSPTFMP	MAPK1	hprd
ENSP00000268957	TOB1	205	KVARTSPINLG		hprd
ENSP00000268957	TOB1	204	NKVARTSPINL		hprd
ENSP00000263360	EED	25	KQKLSSDENSN		hprd
ENSP00000263360	EED	34	SNPDLSGDEND		hprd
ENSP00000263360	EED	55	TERPDTPTNTP		hprd
ENSP00000263360	EED	57	RPDTPTNTPNA		hprd
ENSP00000263360	EED	43	NDDAVSIESGT		hprd
ENSP00000263360	EED	50	ESGTNTERPDT		hprd
ENSP00000263360	EED	46	AVSIESGTNTE		hprd
ENSP00000328236	KNTC1	2098	KNFLGSCDPQV		hprd
ENSP00000328236	KNTC1	535	GPEKFSGSSWI		hprd
ENSP00000328236	KNTC1	1034	KHKPGSTPEPI		hprd
ENSP00000328236	KNTC1	1545	ADEKITNININ		hprd
ENSP00000284562	GSTA5	37	EKFLESAEDLD		hprd
ENSP00000245441	NIN	1550	GTLNGSQEEMW		hprd
ENSP00000245441	NIN	2019	ELENRTSETNT		hprd
ENSP00000346566	CKAP5	816	KMQGQSPPAPT		hprd
ENSP00000346566	CKAP5	829	ISKHSTSGTDE		hprd
ENSP00000346566	CKAP5	832	HSTSGTDEGED		hprd
ENSP00000346566	CKAP5	830	SKHSTSGTDEG		hprd
ENSP00000319651	DMRTA1	435	PRVGISPLRLA		hprd
ENSP00000301764	DDB1	8	YNYVVTAQKPT		hprd
ENSP00000301764	DDB1	633	KVTLGTQPTVL		hprd
ENSP00000301764	DDB1	636	LGTQPTVLRTF		hprd
ENSP00000301764	DDB1	757	LRPSASTQALS		hprd
ENSP00000301764	DDB1	763	TQALSSSVSSS		hprd
ENSP00000301764	DDB1	764	QALSSSVSSSK		hprd
ENSP00000348234	TAT	448	HCAEGSQEECD		hprd
ENSP00000225402	AATF	203	AGDRNSEDDGV		hprd
ENSP00000225402	AATF	316	KPNAGSEEISS		hprd
ENSP00000225402	AATF	320	GSEEISSEDDE		hprd
ENSP00000225402	AATF	321	SEEISSEDDEL		hprd
ENSP00000225402	AATF	141	SKKSRSHSAKT	CHEK2	hprd
ENSP00000225402	AATF	310	YLVDGTKPNAG		hprd
ENSP00000225402	AATF	99	SDEEISDEEGS		hprd
ENSP00000225402	AATF	93	QTLPGSSDEEI		hprd
ENSP00000225402	AATF	94	TLPGSSDEEIS		hprd
ENSP00000225402	AATF	109	SGDEDSEGLGL		hprd
ENSP00000225402	AATF	104	SDEEGSGDEDS		hprd
ENSP00000225402	AATF	155	SVQSISDFEKF		hprd
ENSP00000225402	AATF	218	SSVKVSEEVEK		hprd
ENSP00000225402	AATF	67	ASLLDTDKRYC		hprd
ENSP00000225402	AATF	273	GPEFSSALKNS		hprd
ENSP00000225402	AATF	476	LIERKTSSLDP		hprd
ENSP00000250454	EAPP	56	GESESSSEDEF		hprd
ENSP00000250454	EAPP	57	ESESSSEDEFE		hprd
ENSP00000250454	EAPP	50	IRECLTGESES		hprd
ENSP00000250454	EAPP	53	CLTGESESSSE		hprd
ENSP00000250454	EAPP	55	TGESESSSEDE		hprd
ENSP00000250454	EAPP	24	EEPALSSSEDE		hprd
ENSP00000250454	EAPP	17	AVEEPSDEEPA		hprd
ENSP00000250454	EAPP	26	PALSSSEDEVD		hprd
ENSP00000250454	EAPP	37	VLLHGTPDQKR		hprd
ENSP00000250454	EAPP	25	EPALSSSEDEV		hprd
ENSP00000250454	EAPP	109	DIYFDSDSEDE		hprd
ENSP00000250454	EAPP	111	YFDSDSEDEDR		hprd
ENSP00000250454	EAPP	121	RAVQVTKKKKK		hprd
ENSP00000250454	EAPP	82	EDKLSSLGTGS		hprd
ENSP00000250454	EAPP	85	LSSLGTGSSSG		hprd
ENSP00000250454	EAPP	87	SLGTGSSSGNG		hprd
ENSP00000250454	EAPP	88	LGTGSSSGNGK		hprd
ENSP00000240922	NAA50	12	ELGDVTPHNIK		hprd
ENSP00000240922	NAA50	30	VIFPVSYNDKF		hprd
ENSP00000334003	INTU	674	DSLTTSPILSR		hprd
ENSP00000417587	PEG10	316	KASKSSPAGNS		hprd
ENSP00000417587	PEG10	38	QVQKLTEENTT		hprd
ENSP00000417587	PEG10	282	ARMRLTQEEKE		hprd
ENSP00000417587	PEG10	315	AKASKSSPAGN		hprd
ENSP00000222145	RASIP1	328	LRRSVSELSLQ		hprd
ENSP00000222145	RASIP1	331	SVSELSLQGRR		hprd
ENSP00000248929	SGSM3	406	TQRRKSTITAL		hprd
ENSP00000248929	SGSM3	409	RKSTITALLFG		hprd
ENSP00000328973	TSPO	23	GCFVGSRFVHG		hprd
ENSP00000215567	TECR	28	VEPHATIAEIK		hprd
ENSP00000330190	POU6F1	166	LGLTQTQVGQA		hprd
ENSP00000330190	POU6F1	173	VGQALTATEGP		hprd
ENSP00000330190	POU6F1	175	QALTATEGPAY		hprd
ENSP00000263635	TANC1	1369	ELKPKSYEAFY		hprd
ENSP00000263635	TANC1	63	KGVSMSLPSSP		hprd
ENSP00000263635	TANC1	66	SMSLPSSPLLP		hprd
ENSP00000263635	TANC1	207	TAANKSPCETI		hprd
ENSP00000263635	TANC1	214	CETISSPSSTL		hprd
ENSP00000263635	TANC1	213	PCETISSPSST		hprd
ENSP00000263635	TANC1	61	LAKGVSMSLPS		hprd
ENSP00000263635	TANC1	67	MSLPSSPLLPR		hprd
ENSP00000263635	TANC1	421	VGFGKTAIISK		hprd
ENSP00000263635	TANC1	444	QIASNSPGSSP		hprd
ENSP00000263635	TANC1	448	NSPGSSPKTSD		hprd
ENSP00000263635	TANC1	447	SNSPGSSPKTS		hprd
ENSP00000263635	TANC1	628	LKLIVTVRANF		hprd
ENSP00000263635	TANC1	1668	SGSSGSPSSSI		hprd
ENSP00000263635	TANC1	1665	LTSSGSSGSPS		hprd
ENSP00000368544	VIT	317	LIDGSTSIGKR		hprd
ENSP00000368544	VIT	318	IDGSTSIGKRR		hprd
ENSP00000357794	TCHH	251	WRKRETVLRKE		hprd
