name	CDK16
id	ENSP00000405798
type	Serine/threonine kinase
proline+1_removed	No
npartners	60
npartners_with_sites	60
nsites	194
//
motif	score	fg_matches	fg_size	bg_matches	bg_size	fold_increase
.....[ST]P....	307.65	112	680	617	10000	2.67
..R..[ST].....	15.65	81	568	483	9383	2.77
//
sub_ensp	sub_name	sub_position	sub_region	kinase_name	source
ENSP00000264335	YWHAE	46	ERNLLSVAYKN		psite
ENSP00000264335	YWHAE	64	SWRIISSIEQK		psite
ENSP00000264335	YWHAE	65	WRIISSIEQKE		psite
ENSP00000264335	YWHAE	91	RQMVETELKLI		psite
ENSP00000264335	YWHAE	208	IAELDTLSEES	PLK2	psite
ENSP00000264335	YWHAE	208	IAELDTLSEES	PLK3	psite
ENSP00000264335	YWHAE	210	ELDTLSEESYK		psite
ENSP00000264335	YWHAE	213	TLSEESYKDST		psite
ENSP00000264335	YWHAE	218	SYKDSTLIMQL		psite
ENSP00000248975	YWHAH	25	YDDMASAMKAV		psite
ENSP00000248975	YWHAH	38	LNEPLSNEDRN		psite
ENSP00000248975	YWHAH	46	DRNLLSVAYKN		psite
ENSP00000248975	YWHAH	59	GARRSSWRVIS		psite
ENSP00000248975	YWHAH	168	EQMQPTHPIRL		psite
ENSP00000248975	YWHAH	220	SYKDSTLIMQL		psite
ENSP00000306330	YWHAG	46	ERNLLSVAYKN		psite
ENSP00000306330	YWHAG	59	GARRSSWRVIS	LATS2	psite
ENSP00000306330	YWHAG	71	IEQKTSADGNE		psite
ENSP00000306330	YWHAG	115	KNCSETQYESK		psite
ENSP00000306330	YWHAG	119	ETQYESKVFYL		psite
ENSP00000306330	YWHAG	168	EHMQPTHPIRL		psite
ENSP00000306330	YWHAG	199	CHLAKTAFDDA		psite
ENSP00000306330	YWHAG	220	SYKDSTLIMQL		psite
ENSP00000238081	YWHAQ	45	ERNLLSVAYKN		psite
ENSP00000238081	YWHAQ	210	TLNEDSYKDST		psite
ENSP00000238081	YWHAQ	215	SYKDSTLIMQL		psite
ENSP00000238081	YWHAQ	229	NLTLWTSDSAG		psite
ENSP00000238081	YWHAQ	230	LTLWTSDSAGE		psite
ENSP00000238081	YWHAQ	232	LWTSDSAGEEC	BCR	psite
ENSP00000238081	YWHAQ	232	LWTSDSAGEEC	CSNK1A1	psite
ENSP00000309503	YWHAZ	45	ERNLLSVAYKN		psite
ENSP00000309503	YWHAZ	58	GARRSSWRVVS	MAPKAPK2	psite
ENSP00000309503	YWHAZ	58	GARRSSWRVVS	PRKACA	psite
ENSP00000309503	YWHAZ	58	GARRSSWRVVS	AKT1	psite
ENSP00000309503	YWHAZ	63	SWRVVSSIEQK		psite
ENSP00000309503	YWHAZ	64	WRVVSSIEQKT		psite
ENSP00000309503	YWHAZ	184	YEILNSPEKAC	MAPK8	psite
ENSP00000309503	YWHAZ	194	CSLAKTAFDEA		psite
ENSP00000309503	YWHAZ	207	ELDTLSEESYK		psite
ENSP00000309503	YWHAZ	215	SYKDSTLIMQL		psite
ENSP00000309503	YWHAZ	229	NLTLWTSDTQG		psite
ENSP00000309503	YWHAZ	230	LTLWTSDTQGD		psite
ENSP00000309503	YWHAZ	232	LWTSDTQGDEA	BCR	psite
ENSP00000309503	YWHAZ	232	LWTSDTQGDEA	CSNK1A1	psite
ENSP00000340691	EIF4EBP1	35	PPGDYSTTPGG		psite
ENSP00000340691	EIF4EBP1	36	PGDYSTTPGGT		psite
ENSP00000340691	EIF4EBP1	37	GDYSTTPGGTL	GSK3B	psite
ENSP00000340691	EIF4EBP1	37	GDYSTTPGGTL	MAPK1	psite
ENSP00000340691	EIF4EBP1	37	GDYSTTPGGTL	MTOR	psite
ENSP00000340691	EIF4EBP1	41	TTPGGTLFSTT	CSNK1E	psite
ENSP00000340691	EIF4EBP1	41	TTPGGTLFSTT	MTOR	psite
ENSP00000340691	EIF4EBP1	44	GGTLFSTTPGG	MTOR	psite
ENSP00000340691	EIF4EBP1	45	GTLFSTTPGGT		psite
ENSP00000340691	EIF4EBP1	46	TLFSTTPGGTR	GSK3B	psite
ENSP00000340691	EIF4EBP1	46	TLFSTTPGGTR	MAPK1	psite
ENSP00000340691	EIF4EBP1	46	TLFSTTPGGTR	MTOR	psite
ENSP00000340691	EIF4EBP1	50	TTPGGTRIIYD	CSNK1E	psite
ENSP00000340691	EIF4EBP1	65	MECRNSPVTKT	MAPK3	psite
ENSP00000340691	EIF4EBP1	65	MECRNSPVTKT	MAPK1	psite
ENSP00000340691	EIF4EBP1	65	MECRNSPVTKT	MTOR	psite
ENSP00000340691	EIF4EBP1	65	MECRNSPVTKT	DYRK2	psite
ENSP00000340691	EIF4EBP1	68	RNSPVTKTPPR		psite
ENSP00000340691	EIF4EBP1	70	SPVTKTPPRDL	CDK1	psite
ENSP00000340691	EIF4EBP1	70	SPVTKTPPRDL	MAPK1	psite
ENSP00000340691	EIF4EBP1	70	SPVTKTPPRDL	MTOR	psite
ENSP00000340691	EIF4EBP1	70	SPVTKTPPRDL	MAP3K8	psite
ENSP00000340691	EIF4EBP1	77	PRDLPTIPGVT		psite
ENSP00000340691	EIF4EBP1	82	TIPGVTSPSSD		psite
ENSP00000340691	EIF4EBP1	83	IPGVTSPSSDE		psite
ENSP00000340691	EIF4EBP1	85	GVTSPSSDEPP		psite
ENSP00000340691	EIF4EBP1	94	PPMEASQSHLR	ATM	psite
ENSP00000340691	EIF4EBP1	101	SHLRNSPEDKR	DYRK2	psite
ENSP00000340691	EIF4EBP1	112	AGGEESQFEMD	CSNK2A1	psite
ENSP00000295897	ALB	18	FSSAYSRGVFR		psite
ENSP00000295897	ALB	82	CVADESAENCD		psite
ENSP00000295897	ALB	92	DKSLHTLFGDK		psite
ENSP00000295897	ALB	107	ATLRETYGEMA		psite
ENSP00000295897	ALB	217	EGKASSAKQRL		psite
ENSP00000295897	ALB	336	ADFVESKDVCK		psite
ENSP00000295897	ALB	366	RHPDYSVVLLL		psite
ENSP00000295897	ALB	376	LRLAKTYETTL		psite
ENSP00000295897	ALB	379	AKTYETTLEKC		psite
ENSP00000295897	ALB	443	KVPQVSTPTLV		psite
ENSP00000295897	ALB	444	VPQVSTPTLVE		psite
ENSP00000295897	ALB	446	QVSTPTLVEVS		psite
ENSP00000295897	ALB	520	LEVDETYVPKE		psite
ENSP00000278616	ATM	72	YIQKETECLRI		psite
ENSP00000278616	ATM	85	PNVSASTQASR		psite
ENSP00000278616	ATM	86	NVSASTQASRQ		psite
ENSP00000278616	ATM	237	ILAALTIFLKT		psite
ENSP00000278616	ATM	367	RSLEISQSYTT	ATM	psite
ENSP00000278616	ATM	373	QSYTTTQRESS		psite
ENSP00000278616	ATM	440	LLMILSQLLPQ	ATM	psite
ENSP00000278616	ATM	569	CEVNRSFSLKE		psite
ENSP00000278616	ATM	794	NCTKKSPNKIA	CDK5	psite
ENSP00000278616	ATM	1403	KTKLKSILEIL	AURKB	psite
ENSP00000278616	ATM	1655	NLLQLSKMAIN		psite
ENSP00000278616	ATM	1662	MAINHTGEKEV		psite
ENSP00000278616	ATM	1878	CLRHFSQTSRS		psite
ENSP00000278616	ATM	1883	SQTSRSTTPAN		psite
ENSP00000278616	ATM	1885	TSRSTTPANLD	ATM	psite
ENSP00000278616	ATM	1891	PANLDSESEHF		psite
ENSP00000278616	ATM	1893	NLDSESEHFFR	ATM	psite
ENSP00000278616	ATM	2031	MLQPITRLRTY		psite
ENSP00000278616	ATM	2165	KRSLESVYSLY		psite
ENSP00000278616	ATM	2168	LESVYSLYPTL		psite
ENSP00000278616	ATM	2996	CKRNLSDIDQS	ATM	psite
ENSP00000350283	BRCA1	114	KKENNSPEHLK		psite
ENSP00000350283	BRCA1	208	ELLQITPQGTR		psite
ENSP00000350283	BRCA1	308	EFCNKSKQPGL	AURKA	psite
ENSP00000350283	BRCA1	395	DELLGSDDSHD		psite
ENSP00000350283	BRCA1	398	LGSDDSHDGES		psite
ENSP00000350283	BRCA1	423	EVDEYSGSSEK		psite
ENSP00000350283	BRCA1	434	IDLLASDPHEA		psite
ENSP00000350283	BRCA1	451	RVHSKSVESNI		psite
ENSP00000350283	BRCA1	454	SKSVESNIEDK		psite
ENSP00000350283	BRCA1	509	RKRRPTSGLHP	AKT1	psite
ENSP00000350283	BRCA1	510	KRRPTSGLHPE		psite
ENSP00000350283	BRCA1	551	MNITNSGHENK		psite
ENSP00000350283	BRCA1	615	RLRRKSSTRHI		psite
ENSP00000350283	BRCA1	616	LRRKSSTRHIH		psite
ENSP00000350283	BRCA1	617	RRKSSTRHIHA		psite
ENSP00000350283	BRCA1	632	VSRNLSPPNCT	CDK4	psite
ENSP00000350283	BRCA1	694	SKRHDSDTFPE	AKT1	psite
ENSP00000350283	BRCA1	708	TNAPGSFTKCS		psite
ENSP00000350283	BRCA1	753	KDLMLSGERVL		psite
ENSP00000350283	BRCA1	803	PNKCVSQCAAF		psite
ENSP00000350283	BRCA1	988	LFPIKSFVKTK	CHEK2	psite
ENSP00000350283	BRCA1	1009	EEHSMSPEREM		psite
ENSP00000350283	BRCA1	1143	GSSHASQVCSE		psite
ENSP00000350283	BRCA1	1187	QKGELSRSPSP		psite
ENSP00000350283	BRCA1	1189	GELSRSPSPFT	CDK1	psite
ENSP00000350283	BRCA1	1189	GELSRSPSPFT	ATM	psite
ENSP00000350283	BRCA1	1191	LSRSPSPFTHT	CDK1	psite
ENSP00000350283	BRCA1	1211	AKKLESSEENL		psite
ENSP00000350283	BRCA1	1212	KKLESSEENLS		psite
ENSP00000350283	BRCA1	1217	SEENLSSEDEE		psite
ENSP00000350283	BRCA1	1218	EENLSSEDEEL		psite
ENSP00000350283	BRCA1	1239	VNNIPSQSTRH		psite
ENSP00000350283	BRCA1	1245	QSTRHSTVATE		psite
ENSP00000350283	BRCA1	1280	ILAKASQEHHL		psite
ENSP00000350283	BRCA1	1286	QEHHLSEETKC		psite
ENSP00000350283	BRCA1	1328	QMRHQSESQGV		psite
ENSP00000350283	BRCA1	1330	RHQSESQGVGL		psite
ENSP00000350283	BRCA1	1336	QGVGLSDKELV		psite
ENSP00000350283	BRCA1	1342	DKELVSDDEER		psite
ENSP00000350283	BRCA1	1387	CSGLSSQSDIL	ATM	psite
ENSP00000350283	BRCA1	1423	LEQHGSQPSNS	ATR	psite
ENSP00000350283	BRCA1	1423	LEQHGSQPSNS	ATM	psite
ENSP00000350283	BRCA1	1457	KAVLTSQKSSE	ATR	psite
ENSP00000350283	BRCA1	1457	KAVLTSQKSSE	ATM	psite
ENSP00000350283	BRCA1	1460	LTSQKSSEYPI		psite
ENSP00000350283	BRCA1	1466	SEYPISQNPEG		psite
ENSP00000350283	BRCA1	1483	EVSADSSTSKN		psite
ENSP00000350283	BRCA1	1497	GVERSSPSKCP	CDK1	psite
ENSP00000350283	BRCA1	1497	GVERSSPSKCP	CDK2	psite
ENSP00000350283	BRCA1	1497	GVERSSPSKCP	ATM	psite
ENSP00000350283	BRCA1	1524	NRNYPSQEELI	ATR	psite
ENSP00000350283	BRCA1	1524	NRNYPSQEELI	ATM	psite
ENSP00000350283	BRCA1	1542	QQLEESGPHDL	ATM	psite
ENSP00000350283	BRCA1	1550	HDLTETSYLPR		psite
ENSP00000350283	BRCA1	1572	GISLFSDDPES	CSNK2A1	psite
ENSP00000350283	BRCA1	1577	SDDPESDPSED		psite
ENSP00000350283	BRCA1	1613	AESAQSPAAAH		psite
ENSP00000350283	BRCA1	1700	FVCERTLKYFL		psite
ENSP00000350283	BRCA1	1720	SYFWVTQSIKE		psite
ENSP00000256925	CABLES1	168	ARGFASPLGAG		psite
ENSP00000256925	CABLES1	242	RGRLNSFTQGI		psite
ENSP00000256925	CABLES1	244	RLNSFTQGILP		psite
ENSP00000256925	CABLES1	262	SQNYCSLEQPG		psite
ENSP00000256925	CABLES1	287	RRRLISQRSSL		psite
ENSP00000256925	CABLES1	290	LISQRSSLETL		psite
ENSP00000256925	CABLES1	291	ISQRSSLETLE		psite
ENSP00000256925	CABLES1	294	RSSLETLEDIE		psite
ENSP00000256925	CABLES1	309	LRRCRTLSGSP		psite
ENSP00000256925	CABLES1	311	RCRTLSGSPRP		psite
ENSP00000256925	CABLES1	313	RTLSGSPRPKN	CDK3	psite
ENSP00000256925	CABLES1	373	DGGRQSTGAVS		psite
ENSP00000256925	CABLES1	378	STGAVSLKEII		psite
ENSP00000256925	CABLES1	415	GARRNTIDSTS		psite
ENSP00000256925	CABLES1	418	RNTIDSTSSFS		psite
ENSP00000256925	CABLES1	419	NTIDSTSSFSQ		psite
ENSP00000256925	CABLES1	421	IDSTSSFSQFR		psite
ENSP00000256925	CABLES1	429	QFRNLSHRSLS		psite
ENSP00000256925	CABLES1	432	NLSHRSLSIGR		psite
ENSP00000256925	CABLES1	434	SHRSLSIGRAS		psite
ENSP00000272298	CALM2	18	FKEAFSLFDKD		psite
ENSP00000291295	CALM3	18	FKEAFSLFDKD		psite
ENSP00000349467	CALM1	18	FKEAFSLFDKD		psite
ENSP00000272298	CALM2	29	GDGTITTKELG		psite
ENSP00000291295	CALM3	29	GDGTITTKELG		psite
ENSP00000349467	CALM1	29	GDGTITTKELG		psite
ENSP00000272298	CALM2	80	RKMKDTDSEEE	CSNK2A1	psite
ENSP00000291295	CALM3	80	RKMKDTDSEEE	CSNK2A1	psite
ENSP00000349467	CALM1	80	RKMKDTDSEEE	CSNK2A1	psite
ENSP00000272298	CALM2	82	MKDTDSEEEIR		psite
ENSP00000291295	CALM3	82	MKDTDSEEEIR		psite
ENSP00000349467	CALM1	82	MKDTDSEEEIR		psite
ENSP00000272298	CALM2	102	GNGYISAAELR		psite
ENSP00000291295	CALM3	102	GNGYISAAELR		psite
ENSP00000349467	CALM1	102	GNGYISAAELR		psite
ENSP00000272298	CALM2	118	LGEKLTDEEVD		psite
ENSP00000291295	CALM3	118	LGEKLTDEEVD		psite
ENSP00000349467	CALM1	118	LGEKLTDEEVD		psite
ENSP00000311032	CASP3	12	SVDSKSIKNLE		psite
ENSP00000311032	CASP3	26	IHGSESMDSGI		psite
ENSP00000311032	CASP3	150	GDRCRSLTGKP	MAPK14	psite
ENSP00000227507	CCND1	90	LDRFLSLEPVK	PRKACA	psite
ENSP00000227507	CCND1	197	DVKFISNPPSM	PRKACA	psite
ENSP00000227507	CCND1	234	LTRFLSRVIKC	PRKACA	psite
ENSP00000227507	CCND1	286	VDLACTPTDVR	GSK3B	psite
ENSP00000227507	CCND1	286	VDLACTPTDVR	CHUK	psite
ENSP00000227507	CCND1	288	LACTPTDVRDV	DYRK1B	psite
ENSP00000256897	CCNH	132	GNLRESPLGQE		psite
ENSP00000256897	CCNH	304	DDDYVSKKSKH	CDK8	psite
ENSP00000256897	CCNH	307	YVSKKSKHEEE		psite
ENSP00000256897	CCNH	315	EEEEWTDDDLV	CSNK2A1	psite
ENSP00000256897	CCNH	315	EEEEWTDDDLV	CSNK2A2	psite
ENSP00000314458	CDC42	30	TNKFPSEYVPT		psite
ENSP00000314458	CDC42	141	PITPETAEKLA		psite
ENSP00000314458	CDC42	35	SEYVPTVFDNY		psite
ENSP00000318486	CDK5R1	8	TVLSLSPSYRK	CDK5	psite
ENSP00000318486	CDK5R1	91	LKKSLSCANLS		psite
ENSP00000318486	CDK5R1	138	VTSAGTPKRVI	CDK5	psite
ENSP00000380921	SH3KBP1	79	LHEVPSGNSLL		psite
ENSP00000380921	SH3KBP1	82	VPSGNSLLSSE		psite
ENSP00000380921	SH3KBP1	108	CQVAFSYLPQN		psite
ENSP00000380921	SH3KBP1	156	FIKELSGESDE		psite
ENSP00000380921	SH3KBP1	165	DELGISQDEQL		psite
ENSP00000380921	SH3KBP1	179	SLRETTGSESD		psite
ENSP00000380921	SH3KBP1	181	RETTGSESDGG		psite
ENSP00000380921	SH3KBP1	183	TTGSESDGGDS		psite
ENSP00000380921	SH3KBP1	230	KLRPRSIEVEN		psite
ENSP00000380921	SH3KBP1	254	PATTATPDSSK		psite
ENSP00000380921	SH3KBP1	410	PPKTNSLSRPG		psite
ENSP00000380921	SH3KBP1	436	HTRGDSPKIDL		psite
ENSP00000380921	SH3KBP1	498	SQSLTSSSLSS		psite
ENSP00000380921	SH3KBP1	502	TSSSLSSPDIF		psite
ENSP00000380921	SH3KBP1	503	SSSLSSPDIFD		psite
ENSP00000380921	SH3KBP1	509	PDIFDSPSPEE		psite
ENSP00000380921	SH3KBP1	511	IFDSPSPEEDK		psite
ENSP00000380921	SH3KBP1	521	KEEHISLAHRG		psite
ENSP00000380921	SH3KBP1	536	KKTSKTVTISQ		psite
ENSP00000380921	SH3KBP1	538	TSKTVTISQVS		psite
ENSP00000380921	SH3KBP1	540	KTVTISQVSDN		psite
ENSP00000380921	SH3KBP1	572	SSAAPSPLSSS		psite
ENSP00000380921	SH3KBP1	580	SSSLGTAGHRA		psite
ENSP00000380921	SH3KBP1	587	GHRANSPSLFG		psite
ENSP00000380921	SH3KBP1	589	RANSPSLFGTE		psite
ENSP00000246891	CSN1S1	31	RLQNPSESSEP		psite
ENSP00000246891	CSN1S1	33	QNPSESSEPIP		psite
ENSP00000246891	CSN1S1	41	PIPLESREEYM		psite
ENSP00000246891	CSN1S1	86	EKMESSISSSS		psite
ENSP00000246891	CSN1S1	88	MESSISSSSEE		psite
ENSP00000246891	CSN1S1	89	ESSISSSSEEM		psite
ENSP00000246891	CSN1S1	90	SSISSSSEEMS		psite
ENSP00000246891	CSN1S1	91	SISSSSEEMSL		psite
ENSP00000313420	PRKDC	137	IKLLQTFRSSR		psite
ENSP00000313420	PRKDC	210	KTQMTSAVREP		psite
ENSP00000313420	PRKDC	511	EDHRASGEVRT	AURKB	psite
ENSP00000313420	PRKDC	687	YFEGVSPKSLK		psite
ENSP00000313420	PRKDC	841	KTKNLSSNEAI		psite
ENSP00000313420	PRKDC	842	TKNLSSNEAIS		psite
ENSP00000313420	PRKDC	875	LLTVTSSDEMM		psite
ENSP00000313420	PRKDC	893	REKRLSFAVPF		psite
ENSP00000313420	PRKDC	1052	QQQEKSPVNTK		psite
ENSP00000313420	PRKDC	1065	FKRLYSLALHP		psite
ENSP00000313420	PRKDC	1619	GLKLATTILQH		psite
ENSP00000313420	PRKDC	1620	LKLATTILQHW		psite
ENSP00000313420	PRKDC	2052	GVQSYSYSSQD		psite
ENSP00000313420	PRKDC	2055	SYSYSSQDPRP	PRKDC	psite
ENSP00000313420	PRKDC	2116	QGEEDSVPRDL		psite
ENSP00000313420	PRKDC	2534	RLPSNTLDRLL		psite
ENSP00000313420	PRKDC	2598	DWRFRSTVLTP		psite
ENSP00000313420	PRKDC	2599	WRFRSTVLTPM		psite
ENSP00000313420	PRKDC	2602	RSTVLTPMFVE		psite
ENSP00000313420	PRKDC	2608	PMFVETQASQG	PRKDC	psite
ENSP00000313420	PRKDC	2608	PMFVETQASQG	ATR	psite
ENSP00000313420	PRKDC	2608	PMFVETQASQG	ATM	psite
ENSP00000313420	PRKDC	2611	VETQASQGTLQ	PRKDC	psite
ENSP00000313420	PRKDC	2611	VETQASQGTLQ	ATR	psite
ENSP00000313420	PRKDC	2611	VETQASQGTLQ	ATM	psite
ENSP00000313420	PRKDC	2614	QASQGTLQTRT		psite
ENSP00000313420	PRKDC	2617	QGTLQTRTQEG		psite
ENSP00000313420	PRKDC	2619	TLQTRTQEGSL		psite
ENSP00000313420	PRKDC	2623	RTQEGSLSARW		psite
ENSP00000313420	PRKDC	2625	QEGSLSARWPV		psite
ENSP00000313420	PRKDC	2637	GQIRATQQQHD	PRKDC	psite
ENSP00000313420	PRKDC	2637	GQIRATQQQHD	ATM	psite
ENSP00000313420	PRKDC	2644	QQHDFTLTQTA		psite
ENSP00000313420	PRKDC	2646	HDFTLTQTADG	PRKDC	psite
ENSP00000313420	PRKDC	2646	HDFTLTQTADG	ATR	psite
ENSP00000313420	PRKDC	2646	HDFTLTQTADG	ATM	psite
ENSP00000313420	PRKDC	2671	LVDHTSPSSDS		psite
ENSP00000313420	PRKDC	2673	DHTSPSSDSLL		psite
ENSP00000313420	PRKDC	2788	QIKHSSLITPL		psite
ENSP00000313420	PRKDC	3197	IEEKLTPLPED		psite
ENSP00000313420	PRKDC	3204	LPEDNSMNVDQ		psite
ENSP00000313420	PRKDC	3214	QDGDPSDRMEV		psite
ENSP00000313420	PRKDC	3232	SSLIRSCKFSM		psite
ENSP00000313420	PRKDC	3252	KQNNFSLAMKL		psite
ENSP00000313420	PRKDC	3289	HCRSRSQGCSE		psite
ENSP00000313420	PRKDC	3656	LRMKLSDFNDI		psite
ENSP00000313420	PRKDC	3662	DFNDITNMLLL		psite
ENSP00000313420	PRKDC	3730	VTVMASLRRPK		psite
ENSP00000313420	PRKDC	3820	LLNTMSQEEKA		psite
ENSP00000313420	PRKDC	3869	TETVTSFRKRE		psite
ENSP00000313420	PRKDC	3949	AFGSATQFLPV	PRKDC	psite
ENSP00000313420	PRKDC	4025	LKKGGSWIQEI		psite
ENSP00000297494	NOS3	102	RRCLGSLVFPR		psite
ENSP00000297494	NOS3	114	LQGRPSPGPPA	CDK5	psite
ENSP00000297494	NOS3	495	ITRKKTFKEVA	PRKACA	psite
ENSP00000297494	NOS3	495	ITRKKTFKEVA	PRKG2	psite
ENSP00000297494	NOS3	495	ITRKKTFKEVA	PRKCA	psite
ENSP00000297494	NOS3	508	VKISASLMGTV		psite
ENSP00000297494	NOS3	512	ASLMGTVMAKR		psite
ENSP00000297494	NOS3	615	KIRFNSISCSD	PRKACA	psite
ENSP00000297494	NOS3	615	KIRFNSISCSD	AKT1	psite
ENSP00000297494	NOS3	633	RKRKESSNTDS	PRKAA1	psite
ENSP00000297494	NOS3	633	RKRKESSNTDS	PRKACA	psite
ENSP00000297494	NOS3	633	RKRKESSNTDS	PRKG2	psite
ENSP00000297494	NOS3	854	RLPPCTLRQAL		psite
ENSP00000297494	NOS3	1175	TSRIRTQSFSL		psite
ENSP00000297494	NOS3	1177	RIRTQSFSLQE	PRKAA1	psite
ENSP00000297494	NOS3	1177	RIRTQSFSLQE	PRKACA	psite
ENSP00000297494	NOS3	1177	RIRTQSFSLQE	PRKG2	psite
ENSP00000297494	NOS3	1177	RIRTQSFSLQE	AKT1	psite
ENSP00000297494	NOS3	1179	RTQSFSLQERQ		psite
ENSP00000306245	FOS	32	LSYYHSPADSF	MAPK7	psite
ENSP00000306245	FOS	232	LPEVATPESEE	MAPK1	psite
ENSP00000306245	FOS	232	LPEVATPESEE	MAPK7	psite
ENSP00000306245	FOS	308	WEPLHSGSLGM	IKBKB	psite
ENSP00000306245	FOS	325	LEPLCTPVVTC		psite
ENSP00000306245	FOS	331	PVVTCTPSCTA		psite
ENSP00000306245	FOS	362	AHRKGSSSNEP	RPS6KA1	psite
ENSP00000306245	FOS	374	SDSLSSPTLLA		psite
ENSP00000317904	GYS1	8	LNRTLSMSSLP		psite
ENSP00000317904	GYS1	10	RTLSMSSLPGL		psite
ENSP00000317904	GYS1	11	TLSMSSLPGLE		psite
ENSP00000317904	GYS1	412	SLLVGSLPDMN		psite
ENSP00000317904	GYS1	641	YPRPASVPPSP		psite
ENSP00000317904	GYS1	645	ASVPPSPSLSR	MAPK11	psite
ENSP00000317904	GYS1	645	ASVPPSPSLSR	GSK3B	psite
ENSP00000317904	GYS1	647	VPPSPSLSRHS		psite
ENSP00000317904	GYS1	649	PSPSLSRHSSP		psite
ENSP00000317904	GYS1	652	SLSRHSSPHQS		psite
ENSP00000317904	GYS1	653	LSRHSSPHQSE	MAPK11	psite
ENSP00000317904	GYS1	653	LSRHSSPHQSE	GSK3B	psite
ENSP00000317904	GYS1	657	SSPHQSEDEED		psite
ENSP00000317904	GYS1	698	WPRRASCTSST		psite
ENSP00000317904	GYS1	710	GSKRNSVDTAT		psite
ENSP00000317904	GYS1	713	RNSVDTATSSS		psite
ENSP00000317904	GYS1	715	SVDTATSSSLS		psite
ENSP00000317904	GYS1	716	VDTATSSSLST		psite
ENSP00000317904	GYS1	717	DTATSSSLSTP		psite
ENSP00000317904	GYS1	718	TATSSSLSTPS		psite
ENSP00000317904	GYS1	721	SSSLSTPSEPL	MAPK11	psite
ENSP00000317904	GYS1	727	PSEPLSPTSSL	MAPK11	psite
ENSP00000317904	GYS1	731	LSPTSSLGEER		psite
ENSP00000261195	GYS2	46	VGGIYTVIQTK		psite
ENSP00000299421	ILK	172	TFWKGTTRTRP		psite
ENSP00000299421	ILK	173	FWKGTTRTRPR	PAK1	psite
ENSP00000299421	ILK	181	RPRNGTLNKHS		psite
ENSP00000299421	ILK	186	TLNKHSGIDFK		psite
ENSP00000299421	ILK	232	WSTRKSRDFNE		psite
ENSP00000299421	ILK	246	RLRIFSHPNVL	PAK1	psite
ENSP00000299421	ILK	343	ADVKFSFQCPG		psite
ENSP00000304895	IRS1	24	LRKPKSMHKRF	PLK1	psite
ENSP00000304895	IRS1	268	EFRPRSKSQSS		psite
ENSP00000304895	IRS1	270	RPRSKSQSSSN	ATR	psite
ENSP00000304895	IRS1	270	RPRSKSQSSSN	RPS6KB1	psite
ENSP00000304895	IRS1	274	KSQSSSNCSNP		psite
ENSP00000304895	IRS1	303	GLTRRSRTESI		psite
ENSP00000304895	IRS1	305	TRRSRTESITA		psite
ENSP00000304895	IRS1	307	RSRTESITATS	PRKCD	psite
ENSP00000304895	IRS1	307	RSRTESITATS	RPS6KB1	psite
ENSP00000304895	IRS1	309	RTESITATSPA		psite
ENSP00000304895	IRS1	311	ESITATSPASM		psite
ENSP00000304895	IRS1	312	SITATSPASMV	IKBKB	psite
ENSP00000304895	IRS1	312	SITATSPASMV	MAPK8	psite
ENSP00000304895	IRS1	315	ATSPASMVGGK		psite
ENSP00000304895	IRS1	323	GGKPGSFRVRA	PRKCD	psite
ENSP00000304895	IRS1	323	GGKPGSFRVRA	PRKCB	psite
ENSP00000304895	IRS1	323	GGKPGSFRVRA	PRKCZ	psite
ENSP00000304895	IRS1	329	FRVRASSDGEG		psite
ENSP00000304895	IRS1	330	RVRASSDGEGT		psite
ENSP00000304895	IRS1	341	MSRPASVDGSP		psite
ENSP00000304895	IRS1	348	DGSPVSPSTNR		psite
ENSP00000304895	IRS1	351	PVSPSTNRTHA		psite
ENSP00000304895	IRS1	362	HRHRGSARLHP		psite
ENSP00000304895	IRS1	374	LNHSRSIPMPA		psite
ENSP00000304895	IRS1	441	CDFRSSFRSVT	PRKCD	psite
ENSP00000304895	IRS1	441	CDFRSSFRSVT	PRKCB	psite
ENSP00000304895	IRS1	441	CDFRSSFRSVT	PRKCZ	psite
ENSP00000304895	IRS1	446	SFRSVTPDSLG		psite
ENSP00000304895	IRS1	449	SVTPDSLGHTP		psite
ENSP00000304895	IRS1	453	DSLGHTPPARG		psite
ENSP00000304895	IRS1	486	GHYILSRGGNG		psite
ENSP00000304895	IRS1	495	NGHRCTPGTGL		psite
ENSP00000304895	IRS1	527	RKRTHSAGTSP	RPS6KB1	psite
ENSP00000304895	IRS1	530	THSAGTSPTIT		psite
ENSP00000304895	IRS1	531	HSAGTSPTITH		psite
ENSP00000304895	IRS1	574	PGHRHSAFVPT	PRKCD	psite
ENSP00000304895	IRS1	603	HHRPDSSTLHT		psite
ENSP00000304895	IRS1	604	HRPDSSTLHTD		psite
ENSP00000304895	IRS1	605	RPDSSTLHTDD		psite
ENSP00000304895	IRS1	608	SSTLHTDDGYM		psite
ENSP00000304895	IRS1	616	GYMPMSPGVAP	MAPK3	psite
ENSP00000304895	IRS1	629	SGRKGSGDYMP	AKT1	psite
ENSP00000304895	IRS1	636	DYMPMSPKSVS	MAPK1	psite
ENSP00000304895	IRS1	636	DYMPMSPKSVS	RPS6KB1	psite
ENSP00000304895	IRS1	639	PMSPKSVSAPQ	MAPK1	psite
ENSP00000304895	IRS1	666	GYMMMSPSGGC		psite
ENSP00000304895	IRS1	668	MMMSPSGGCSP		psite
ENSP00000304895	IRS1	672	PSGGCSPDIGG		psite
ENSP00000304895	IRS1	766	VLSYYSLPRSF		psite
ENSP00000304895	IRS1	794	LRLSTSSGRLL		psite
ENSP00000304895	IRS1	892	PPEPKSPGEYV		psite
ENSP00000304895	IRS1	938	EEETGTEEYMK		psite
ENSP00000304895	IRS1	1005	SYVDTSPAAPV		psite
ENSP00000304895	IRS1	1041	SSSAASASPTG		psite
ENSP00000304895	IRS1	1043	SAASASPTGPQ		psite
ENSP00000304895	IRS1	1078	TRVNLSPNRNQ		psite
ENSP00000304895	IRS1	1100	CRRRHSSETFS		psite
ENSP00000304895	IRS1	1101	RRRHSSETFSS	PRKCQ	psite
ENSP00000304895	IRS1	1101	RRRHSSETFSS	RPS6KB1	psite
ENSP00000304895	IRS1	1103	RHSSETFSSTP		psite
ENSP00000304895	IRS1	1107	ETFSSTPSATR		psite
ENSP00000304895	IRS1	1111	STPSATRVGNT		psite
ENSP00000304895	IRS1	1142	DVKRHSSASFE		psite
ENSP00000304895	IRS1	1143	VKRHSSASFEN		psite
ENSP00000304895	IRS1	1145	RHSSASFENVW		psite
ENSP00000304895	IRS1	1222	SSTRRSSEDLS		psite
ENSP00000304895	IRS1	1223	STRRSSEDLSA		psite
ENSP00000360266	JUN	8	AKMETTFYDDA	PAK2	psite
ENSP00000360266	JUN	58	LRAKNSDLLTS		psite
ENSP00000360266	JUN	62	NSDLLTSPDVG		psite
ENSP00000360266	JUN	63	SDLLTSPDVGL	CDK3	psite
ENSP00000360266	JUN	63	SDLLTSPDVGL	VRK1	psite
ENSP00000360266	JUN	63	SDLLTSPDVGL	PRKD1	psite
ENSP00000360266	JUN	63	SDLLTSPDVGL	MAPK9	psite
ENSP00000360266	JUN	63	SDLLTSPDVGL	MAPK8	psite
ENSP00000360266	JUN	63	SDLLTSPDVGL	PLK3	psite
ENSP00000360266	JUN	63	SDLLTSPDVGL	MAPK15	psite
ENSP00000360266	JUN	73	LLKLASPELER	CDK3	psite
ENSP00000360266	JUN	73	LLKLASPELER	VRK1	psite
ENSP00000360266	JUN	73	LLKLASPELER	MAPK9	psite
ENSP00000360266	JUN	73	LLKLASPELER	MAPK8	psite
ENSP00000360266	JUN	73	LLKLASPELER	PLK3	psite
ENSP00000360266	JUN	73	LLKLASPELER	MAPK15	psite
ENSP00000360266	JUN	89	SNGHITTTPTP	PAK2	psite
ENSP00000360266	JUN	91	GHITTTPTPTQ	MAPK8	psite
ENSP00000360266	JUN	93	ITTTPTPTQFL	MAPK8	psite
ENSP00000360266	JUN	93	ITTTPTPTQFL	PAK2	psite
ENSP00000360266	JUN	95	TTPTPTQFLCP		psite
ENSP00000360266	JUN	231	KEEPQTVPEMP	CSNK2A1	psite
ENSP00000360266	JUN	239	EMPGETPPLSP	GSK3B	psite
ENSP00000360266	JUN	243	ETPPLSPIDME	CSNK2A1	psite
ENSP00000360266	JUN	243	ETPPLSPIDME	GSK3B	psite
ENSP00000360266	JUN	249	PIDMESQERIK	CSNK2A1	psite
ENSP00000360266	JUN	286	EEKVKTLKAQN	PAK2	psite
ENSP00000348273	MBP	16	NAEKASTNSET		psite
ENSP00000348273	MBP	19	KASTNSETNRG		psite
ENSP00000348273	MBP	26	TNRGESEKKRN		psite
ENSP00000348273	MBP	36	NLGELSRTTSE		psite
ENSP00000348273	MBP	39	ELSRTTSEDNE		psite
ENSP00000348273	MBP	40	LSRTTSEDNEV		psite
ENSP00000348273	MBP	96	LIRLFSRDAPG		psite
ENSP00000348273	MBP	114	DRPSESDELQT		psite
ENSP00000348273	MBP	141	SQKRPSQRHGS		psite
ENSP00000348273	MBP	146	SQRHGSKYLAT		psite
ENSP00000348273	MBP	153	YLATASTMDHA		psite
ENSP00000348273	MBP	154	LATASTMDHAR		psite
ENSP00000348273	MBP	169	PRHRDTGILDS		psite
ENSP00000348273	MBP	205	TAHYGSLPQKS		psite
ENSP00000348273	MBP	232	IVTPRTPPPSQ	MAPK3	psite
ENSP00000348273	MBP	232	IVTPRTPPPSQ	MAPK1	psite
ENSP00000348273	MBP	249	SLSRFSWGAEG		psite
ENSP00000348273	MBP	266	YGGRASDYKSA		psite
ENSP00000348273	MBP	283	VDAQGTLSKIF		psite
ENSP00000348273	MBP	285	AQGTLSKIFKL		psite
ENSP00000354558	MTOR	567	AHQLASPGLTT		psite
ENSP00000354558	MTOR	665	LVVGITDPDPD		psite
ENSP00000354558	MTOR	909	GMIDQSRDASA		psite
ENSP00000354558	MTOR	1162	HPIVRTLDQSP		psite
ENSP00000354558	MTOR	1166	RTLDQSPELRS		psite
ENSP00000354558	MTOR	1171	SPELRSTAMDT		psite
ENSP00000354558	MTOR	1172	PELRSTAMDTL		psite
ENSP00000354558	MTOR	1261	KKLHVSTINLQ		psite
ENSP00000354558	MTOR	1418	LESLISINNKL		psite
ENSP00000354558	MTOR	1821	KLRHASGANIT		psite
ENSP00000354558	MTOR	1870	LQKKVTEDLSK		psite
ENSP00000354558	MTOR	1874	VTEDLSKTLLM		psite
ENSP00000354558	MTOR	1876	EDLSKTLLMYT		psite
ENSP00000354558	MTOR	2159	QSIAPSLQVIT		psite
ENSP00000354558	MTOR	2164	SLQVITSKQRP		psite
ENSP00000354558	MTOR	2442	KGNKRSRTRTD		psite
ENSP00000354558	MTOR	2444	NKRSRTRTDSY		psite
ENSP00000354558	MTOR	2446	RSRTRTDSYSA	RPS6KB1	psite
ENSP00000354558	MTOR	2446	RSRTRTDSYSA	AKT1	psite
ENSP00000354558	MTOR	2448	RTRTDSYSAGQ	RPS6KB1	psite
ENSP00000354558	MTOR	2448	RTRTDSYSAGQ	AKT1	psite
ENSP00000354558	MTOR	2450	RTDSYSAGQSV		psite
ENSP00000354558	MTOR	2454	YSAGQSVEILD	MTOR	psite
ENSP00000354558	MTOR	2471	PAHKKTGTTVP		psite
ENSP00000354558	MTOR	2473	HKKTGTTVPES	MTOR	psite
ENSP00000354558	MTOR	2474	KKTGTTVPESI	MTOR	psite
ENSP00000354558	MTOR	2478	TTVPESIHSFI	MTOR	psite
ENSP00000354558	MTOR	2481	PESIHSFIGDG	MTOR	psite
ENSP00000381293	NSF	207	KENRQSIINPD		psite
ENSP00000381293	NSF	339	CKQRGSMAGST		psite
ENSP00000381293	NSF	349	TGVHDTVVNQL		psite
ENSP00000381293	NSF	437	ETKNFSGAELE		psite
ENSP00000381293	NSF	569	FIKICSPDKMI		psite
ENSP00000381293	NSF	693	DKERTTIAQQV		psite
ENSP00000263967	PIK3CA	312	YSRRISTATPY		psite
ENSP00000263967	PIK3CA	313	SRRISTATPYM		psite
ENSP00000263967	PIK3CA	507	REAGFSYSHAG		psite
ENSP00000263967	PIK3CA	509	AGFSYSHAGLS		psite
ENSP00000289153	PIK3CB	423	KTINPSKYQTI		psite
ENSP00000289153	PIK3CB	427	PSKYQTIRKAG		psite
ENSP00000289153	PIK3CB	961	VPFILTYDFIH		psite
ENSP00000366563	PIK3CD	406	AKKARSTKKKS		psite
ENSP00000366563	PIK3CD	520	LERRGSGELYE		psite
ENSP00000366563	PIK3CD	935	VPFILTYDFVH		psite
ENSP00000366563	PIK3CD	1039	LAHNVSKDNRQ	PIK3CD	psite
ENSP00000352121	PIK3CG	228	VIHRSTTSQTI		psite
ENSP00000352121	PIK3CG	582	HFRYESLKHPK		psite
ENSP00000352121	PIK3CG	607	EIVAKTYQLLA		psite
ENSP00000352121	PIK3CG	746	MLQKVTLDIKS		psite
ENSP00000352121	PIK3CG	1024	ALRHHTNLLII		psite
ENSP00000349205	PIK3R4	61	AIQDPTLPLTS		psite
ENSP00000349205	PIK3R4	680	AVGFITVVARQ		psite
ENSP00000349205	PIK3R4	808	NIVDQSHLHDS		psite
ENSP00000349205	PIK3R4	813	SHLHDSSQKGV		psite
ENSP00000349205	PIK3R4	814	HLHDSSQKGVI		psite
ENSP00000349205	PIK3R4	853	HVKQDSNVNEE		psite
ENSP00000349205	PIK3R4	861	NEEWKSMFGSL		psite
ENSP00000349205	PIK3R4	865	KSMFGSLDPPN		psite
ENSP00000349205	PIK3R4	892	GKPPRSESSAG		psite
ENSP00000349205	PIK3R4	894	PPRSESSAGIC		psite
ENSP00000349205	PIK3R4	925	VIPVLSSTILP		psite
ENSP00000349205	PIK3R4	927	PVLSSTILPST		psite
ENSP00000349205	PIK3R4	1079	SKLPKSPKIHP		psite
ENSP00000349205	PIK3R4	1283	VVAGSTSSPSV		psite
ENSP00000349205	PIK3R4	1316	GPSDDTPRRGP		psite
ENSP00000309591	PRKACA	11	AAKKGSEQESV		psite
ENSP00000309591	PRKACA	49	FERIKTLGTGS		psite
ENSP00000309591	PRKACA	54	TLGTGSFGRVM		psite
ENSP00000309591	PRKACA	140	RIGRFSEPHAR		psite
ENSP00000309591	PRKACA	196	RVKGRTWTLCG		psite
ENSP00000309591	PRKACA	198	KGRTWTLCGTP	PRKACA	psite
ENSP00000309591	PRKACA	202	WTLCGTPEYLA		psite
ENSP00000309591	PRKACA	260	KVRFPSHFSSD		psite
ENSP00000309591	PRKACA	339	EEIRVSINEKC		psite
ENSP00000309591	PRKACA	198	KGRTWTLCGTP		psite
ENSP00000234313	PLEK	113	KFARKSTRRSI	PRKCA	psite
ENSP00000234313	PLEK	114	FARKSTRRSIR		psite
ENSP00000234313	PLEK	117	KSTRRSIRLPE	PRKCA	psite
ENSP00000234313	PLEK	123	IRLPETIDLGA		psite
ENSP00000361021	PTEN	179	YVYYYSYLLKN		psite
ENSP00000361021	PTEN	229	IYSSNSGPTRR	ROCK1	psite
ENSP00000361021	PTEN	232	SNSGPTRREDK	ROCK1	psite
ENSP00000361021	PTEN	362	PEASSSTSVTP	GSK3B	psite
ENSP00000361021	PTEN	366	SSTSVTPDVSD	GSK3B	psite
ENSP00000361021	PTEN	366	SSTSVTPDVSD	PLK3	psite
ENSP00000361021	PTEN	370	VTPDVSDNEPD	CSNK2A1	psite
ENSP00000361021	PTEN	370	VTPDVSDNEPD	PLK3	psite
ENSP00000361021	PTEN	380	DHYRYSDTTDS	CSNK2A1	psite
ENSP00000361021	PTEN	380	DHYRYSDTTDS	STK11	psite
ENSP00000361021	PTEN	380	DHYRYSDTTDS	PRKCZ	psite
ENSP00000361021	PTEN	382	YRYSDTTDSDP	CSNK2A1	psite
ENSP00000361021	PTEN	382	YRYSDTTDSDP	STK11	psite
ENSP00000361021	PTEN	382	YRYSDTTDSDP	PRKCZ	psite
ENSP00000361021	PTEN	383	RYSDTTDSDPE	CSNK2A1	psite
ENSP00000361021	PTEN	383	RYSDTTDSDPE	STK11	psite
ENSP00000361021	PTEN	383	RYSDTTDSDPE	PRKCZ	psite
ENSP00000361021	PTEN	385	SDTTDSDPENE	CSNK2A1	psite
ENSP00000361021	PTEN	398	DEDQHTQITKV	ATM	psite
ENSP00000348461	RAC1	127	HHCPNTPIILV		psite
ENSP00000348461	RAC1	180	ECSALTQRGLK		psite
ENSP00000348461	RAC1	186	QRGLKTVFDEA		psite
ENSP00000348461	RAC1	71	RLRPLSYPQTV	AKT1	psite
ENSP00000304283	RAC3	161	ECSALTQRGLK		psite
ENSP00000304283	RAC3	167	QRGLKTVFDEA		psite
ENSP00000366829	RBM10	22	GATDRSQDDGG		psite
ENSP00000366829	RBM10	50	PREYGSQEGKH		psite
ENSP00000366829	RBM10	60	HDYDDSSEEQS		psite
ENSP00000366829	RBM10	61	DYDDSSEEQSA		psite
ENSP00000366829	RBM10	65	SSEEQSAEDSY		psite
ENSP00000366829	RBM10	89	RRHRHSPTGPP		psite
ENSP00000366829	RBM10	91	HRHSPTGPPGF		psite
ENSP00000366829	RBM10	109	DQDYRTEQGEE		psite
ENSP00000366829	RBM10	288	ASQALSQGSEP		psite
ENSP00000366829	RBM10	447	EGYGNSQGTES		psite
ENSP00000366829	RBM10	516	SAEASSSQGTA		psite
ENSP00000366829	RBM10	517	AEASSSQGTAA		psite
ENSP00000366829	RBM10	520	SSSQGTAANSQ		psite
ENSP00000366829	RBM10	531	SYTIMSPAVLK		psite
ENSP00000366829	RBM10	709	AERQHTSMDLP		psite
ENSP00000366829	RBM10	718	LPKLASDDRPS		psite
ENSP00000366829	RBM10	723	SDDRPSPPRGL		psite
ENSP00000366829	RBM10	733	LVAAYSGESDS		psite
ENSP00000366829	RBM10	736	AYSGESDSEEE		psite
ENSP00000366829	RBM10	738	SGESDSEEEQE		psite
ENSP00000366829	RBM10	797	RRAHLSENELE		psite
ENSP00000366829	RBM10	845	GISTASVDFEQ		psite
ENSP00000366829	RBM10	905	GARGSSYGVTS	SRC	psite
ENSP00000366829	RBM10	31	GGENRSRDHDY		psite
ENSP00000366829	RBM10	73	DSYEASPGSET		psite
ENSP00000366829	RBM10	166	LMRNKSSGQSR		psite
ENSP00000366829	RBM10	781	RHQQLSGLHKQ		psite
ENSP00000366829	RBM10	886	KQGIVTPIEAQ		psite
ENSP00000366829	RBM10	905	GARGSSYGVTS		psite
ENSP00000357799	S100A10	27	DKGYLTKEDLR		psite
ENSP00000369757	RPS6	69	KQGVLTHGRVR		psite
ENSP00000369757	RPS6	78	VRLLLSKGHSC		psite
ENSP00000369757	RPS6	128	GLTDTTVPRRL		psite
ENSP00000369757	RPS6	148	KLFNLSKEDDV		psite
ENSP00000369757	RPS6	181	IQRLVTPRVLQ		psite
ENSP00000369757	RPS6	235	KRRRLSSLRAS	PRKCD	psite
ENSP00000369757	RPS6	235	KRRRLSSLRAS	RPS6KA1	psite
ENSP00000369757	RPS6	235	KRRRLSSLRAS	RPS6KB1	psite
ENSP00000369757	RPS6	235	KRRRLSSLRAS	RPS6KA3	psite
ENSP00000369757	RPS6	236	RRRLSSLRAST	PRKCD	psite
ENSP00000369757	RPS6	236	RRRLSSLRAST	RPS6KA1	psite
ENSP00000369757	RPS6	236	RRRLSSLRAST	RPS6KB1	psite
ENSP00000369757	RPS6	236	RRRLSSLRAST	RPS6KA3	psite
ENSP00000369757	RPS6	240	SSLRASTSKSE	RPS6KB1	psite
ENSP00000369757	RPS6	241	SLRASTSKSES		psite
ENSP00000369757	RPS6	242	LRASTSKSESS		psite
ENSP00000369757	RPS6	244	ASTSKSESSQK	RPS6KB1	psite
ENSP00000306881	SEC23A	308	GDELKTPIRSW		psite
ENSP00000306881	SEC23A	405	MGFGGTLEIKT		psite
ENSP00000306881	SEC23A	588	HLRRSSFLQVF		psite
ENSP00000280551	SEC24D	266	PDSIPSPIQVI		psite
ENSP00000313681	SPHK1	279	GEMRFTLGTFL		psite
ENSP00000313681	SPHK1	311	SKTPASPVVVQ	MAPK3	psite
ENSP00000313681	SPHK1	311	SKTPASPVVVQ	MAPK1	psite
ENSP00000365877	SUV39H1	391	AGLPGSPKKRV		psite
ENSP00000351614	SYN3	453	PQPQRSGSPSQ		psite
ENSP00000351614	SYN3	455	PQRSGSPSQQR		psite
ENSP00000351614	SYN3	462	SQQRLSPQGQQ		psite
ENSP00000351614	SYN3	470	GQQPLSPQSGS		psite
ENSP00000351614	SYN3	473	PLSPQSGSPQQ		psite
ENSP00000351614	SYN3	475	SPQSGSPQQQR		psite
ENSP00000351614	SYN3	484	QRSPGSPQLSR		psite
ENSP00000347444	TDRD7	319	EKVPLSPLPGP		psite
ENSP00000347444	TDRD7	327	PGPKQTPPLKG		psite
ENSP00000347444	TDRD7	859	SSGADSPNSKN		psite
ENSP00000388107	UBA52	12	TLTGKTITLEV		psite
ENSP00000388107	UBA52	14	TGKTITLEVEP		psite
ENSP00000388107	UBA52	57	DGRTLSDYNIQ		psite
ENSP00000388107	UBA52	65	NIQKESTLHLV		psite
ENSP00000388107	UBA52	66	IQKESTLHLVL		psite
ENSP00000388107	UBA52	81	GIIEPSLRQLA		psite
ENSP00000338413	UBA1	13	KKRRVSGPDPK		psite
ENSP00000338413	UBA1	21	DPKPGSNCSPA		psite
ENSP00000338413	UBA1	24	PGSNCSPAQSV		psite
ENSP00000338413	UBA1	46	MAKNGSEADID		psite
ENSP00000338413	UBA1	56	DEGLYSRQLYV		psite
ENSP00000338413	UBA1	140	LAELNSYVPVT		psite
ENSP00000338413	UBA1	191	LVVADTRGLFG		psite
ENSP00000338413	UBA1	274	VLGPYTFSICD		psite
ENSP00000338413	UBA1	284	DTSNFSDYIRG		psite
ENSP00000338413	UBA1	293	RGGIVSQVKVP		psite
ENSP00000338413	UBA1	305	KISFKSLVASL		psite
ENSP00000338413	UBA1	309	KSLVASLAEPD		psite
ENSP00000338413	UBA1	318	PDFVVTDFAKF		psite
ENSP00000338413	UBA1	682	LRLAGTQPLEV		psite
ENSP00000338413	UBA1	800	QVPEFTPKSGV		psite
ENSP00000338413	UBA1	810	VKIHVSDQELQ		psite
ENSP00000338413	UBA1	816	DQELQSANASV		psite
ENSP00000338413	UBA1	820	QSANASVDDSR		psite
ENSP00000338413	UBA1	835	KATLPSPDKLP		psite
ENSP00000342381	VRK2	336	SINVHTPNSQK		psite
ENSP00000342381	VRK2	339	VHTPNSQKVDS		psite
ENSP00000342381	VRK2	406	QKYQESQEPLN		psite
ENSP00000342381	VRK2	438	HQDFTSPDIFK		psite
ENSP00000342381	VRK2	447	FKKSRSPSWYK		psite
ENSP00000342381	VRK2	449	KSRSPSWYKYT		psite
ENSP00000314709	ZHX2	37	EKGIGTPQPDV		psite
ENSP00000314709	ZHX2	207	KPEEITPENHV		psite
ENSP00000314709	ZHX2	215	NHVEGTARLVT		psite
ENSP00000314709	ZHX2	344	QSVPPTITVLP		psite
ENSP00000314709	ZHX2	355	AQLAPTKVTQP		psite
ENSP00000314709	ZHX2	411	KRPLVTPQAAP		psite
ENSP00000314709	ZHX2	439	ANPPLTPASDR		psite
ENSP00000314709	ZHX2	713	VARKATKPMAE		psite
ENSP00000314709	ZHX2	719	KPMAESPKNGG		psite
ENSP00000272298	CALM2	80	RKMKDTDSEEE		pelm
ENSP00000291295	CALM3	80	RKMKDTDSEEE		pelm
ENSP00000349467	CALM1	80	RKMKDTDSEEE		pelm
ENSP00000272298	CALM2	102	GNGYISAAELR		pelm
ENSP00000291295	CALM3	102	GNGYISAAELR		pelm
ENSP00000349467	CALM1	102	GNGYISAAELR		pelm
ENSP00000348273	MBP	299	DSRSGSPMARR	UHMK1	pelm
ENSP00000348273	MBP	96	LIRLFSRDAPG		pelm
ENSP00000348273	MBP	232	IVTPRTPPPSQ	MAPK3	pelm
ENSP00000348273	MBP	232	IVTPRTPPPSQ	MAPK1	pelm
ENSP00000360266	JUN	243	ETPPLSPIDME		pelm
ENSP00000360266	JUN	243	ETPPLSPIDME	GSK3A	pelm
ENSP00000360266	JUN	249	PIDMESQERIK		pelm
ENSP00000360266	JUN	249	PIDMESQERIK	PRKDC	pelm
ENSP00000360266	JUN	239	EMPGETPPLSP		pelm
ENSP00000360266	JUN	239	EMPGETPPLSP	GSK3A	pelm
ENSP00000360266	JUN	231	KEEPQTVPEMP		pelm
ENSP00000360266	JUN	231	KEEPQTVPEMP	CSNK2A1	pelm
ENSP00000360266	JUN	58	LRAKNSDLLTS		pelm
ENSP00000360266	JUN	73	LLKLASPELER		pelm
ENSP00000360266	JUN	73	LLKLASPELER	MAPK8	pelm
ENSP00000360266	JUN	73	LLKLASPELER	VRK1	pelm
ENSP00000360266	JUN	91	GHITTTPTPTQ		pelm
ENSP00000360266	JUN	93	ITTTPTPTQFL		pelm
ENSP00000360266	JUN	63	SDLLTSPDVGL		pelm
ENSP00000360266	JUN	63	SDLLTSPDVGL	MAPK8	pelm
ENSP00000360266	JUN	63	SDLLTSPDVGL	MAPK9	pelm
ENSP00000360266	JUN	63	SDLLTSPDVGL	VRK1	pelm
ENSP00000234313	PLEK	113	KFARKSTRRSI		pelm
ENSP00000234313	PLEK	113	KFARKSTRRSI	PRKCA	pelm
ENSP00000234313	PLEK	114	FARKSTRRSIR		pelm
ENSP00000234313	PLEK	117	KSTRRSIRLPE		pelm
ENSP00000234313	PLEK	117	KSTRRSIRLPE	PRKCA	pelm
ENSP00000369757	RPS6	78	VRLLLSKGHSC		pelm
ENSP00000369757	RPS6	241	SLRASTSKSES		pelm
ENSP00000369757	RPS6	235	KRRRLSSLRAS		pelm
ENSP00000369757	RPS6	235	KRRRLSSLRAS	RPS6KB1	pelm
ENSP00000369757	RPS6	240	SSLRASTSKSE		pelm
ENSP00000369757	RPS6	236	RRRLSSLRAST		pelm
ENSP00000369757	RPS6	236	RRRLSSLRAST	RPS6KB1	pelm
ENSP00000369757	RPS6	242	LRASTSKSESS		pelm
ENSP00000369757	RPS6	148	KLFNLSKEDDV		pelm
ENSP00000369757	RPS6	244	ASTSKSESSQK		pelm
ENSP00000227507	CCND1	286	VDLACTPTDVR		pelm
ENSP00000227507	CCND1	286	VDLACTPTDVR	CHUK	pelm
ENSP00000227507	CCND1	90	LDRFLSLEPVK		pelm
ENSP00000227507	CCND1	197	DVKFISNPPSM		pelm
ENSP00000227507	CCND1	234	LTRFLSRVIKC		pelm
ENSP00000238081	YWHAQ	232	LWTSDSAGEEC		pelm
ENSP00000238081	YWHAQ	232	LWTSDSAGEEC	CSNK1A1	pelm
ENSP00000238081	YWHAQ	230	LTLWTSDSAGE		pelm
ENSP00000309503	YWHAZ	232	LWTSDTQGDEA		pelm
ENSP00000309503	YWHAZ	232	LWTSDTQGDEA	CSNK1A1	pelm
ENSP00000309503	YWHAZ	184	YEILNSPEKAC	MAPK8	pelm
ENSP00000309503	YWHAZ	58	GARRSSWRVVS		pelm
ENSP00000297494	NOS3	495	ITRKKTFKEVA		pelm
ENSP00000297494	NOS3	633	RKRKESSNTDS		pelm
ENSP00000297494	NOS3	615	KIRFNSISCSD		pelm
ENSP00000297494	NOS3	1177	RIRTQSFSLQE		pelm
ENSP00000297494	NOS3	1179	RTQSFSLQERQ		pelm
ENSP00000304895	IRS1	268	EFRPRSKSQSS		pelm
ENSP00000304895	IRS1	24	LRKPKSMHKRF		pelm
ENSP00000304895	IRS1	24	LRKPKSMHKRF	PLK1	pelm
ENSP00000304895	IRS1	270	RPRSKSQSSSN		pelm
ENSP00000304895	IRS1	527	RKRTHSAGTSP		pelm
ENSP00000304895	IRS1	272	RSKSQSSSNCS		pelm
ENSP00000304895	IRS1	274	KSQSSSNCSNP		pelm
ENSP00000304895	IRS1	531	HSAGTSPTITH		pelm
ENSP00000304895	IRS1	794	LRLSTSSGRLL		pelm
ENSP00000304895	IRS1	794	LRLSTSSGRLL	SIK1	pelm
ENSP00000304895	IRS1	307	RSRTESITATS		pelm
ENSP00000304895	IRS1	307	RSRTESITATS	PRKCD	pelm
ENSP00000304895	IRS1	1078	TRVNLSPNRNQ		pelm
ENSP00000304895	IRS1	312	SITATSPASMV		pelm
ENSP00000304895	IRS1	574	PGHRHSAFVPT		pelm
ENSP00000304895	IRS1	574	PGHRHSAFVPT	PRKCD	pelm
ENSP00000304895	IRS1	323	GGKPGSFRVRA		pelm
ENSP00000304895	IRS1	323	GGKPGSFRVRA	PRKCZ	pelm
ENSP00000304895	IRS1	1222	SSTRRSSEDLS		pelm
ENSP00000304895	IRS1	1223	STRRSSEDLSA		pelm
ENSP00000304895	IRS1	1101	RRRHSSETFSS		pelm
ENSP00000304895	IRS1	1101	RRRHSSETFSS	RPS6KA1	pelm
ENSP00000304895	IRS1	341	MSRPASVDGSP		pelm
ENSP00000304895	IRS1	1111	STPSATRVGNT		pelm
ENSP00000304895	IRS1	345	ASVDGSPVSPS		pelm
ENSP00000304895	IRS1	348	DGSPVSPSTNR		pelm
ENSP00000304895	IRS1	616	GYMPMSPGVAP		pelm
ENSP00000304895	IRS1	616	GYMPMSPGVAP	MAPK3	pelm
ENSP00000304895	IRS1	636	DYMPMSPKSVS		pelm
ENSP00000304895	IRS1	530	THSAGTSPTIT		pelm
ENSP00000304895	IRS1	629	SGRKGSGDYMP		pelm
ENSP00000304895	IRS1	374	LNHSRSIPMPA		pelm
ENSP00000304895	IRS1	1145	RHSSASFENVW		pelm
ENSP00000304895	IRS1	892	PPEPKSPGEYV		pelm
ENSP00000304895	IRS1	639	PMSPKSVSAPQ		pelm
ENSP00000350283	BRCA1	1542	QQLEESGPHDL		pelm
ENSP00000350283	BRCA1	1423	LEQHGSQPSNS	ATM	pelm
ENSP00000350283	BRCA1	1423	LEQHGSQPSNS	ATR	pelm
ENSP00000350283	BRCA1	395	DELLGSDDSHD		pelm
ENSP00000350283	BRCA1	1700	FVCERTLKYFL		pelm
ENSP00000350283	BRCA1	398	LGSDDSHDGES		pelm
ENSP00000350283	BRCA1	1720	SYFWVTQSIKE		pelm
ENSP00000350283	BRCA1	403	SHDGESESNAK		pelm
ENSP00000350283	BRCA1	405	DGESESNAKVA		pelm
ENSP00000350283	BRCA1	1189	GELSRSPSPFT		pelm
ENSP00000350283	BRCA1	1457	KAVLTSQKSSE		pelm
ENSP00000350283	BRCA1	1457	KAVLTSQKSSE	ATM	pelm
ENSP00000350283	BRCA1	1457	KAVLTSQKSSE	ATR	pelm
ENSP00000350283	BRCA1	1330	RHQSESQGVGL		pelm
ENSP00000350283	BRCA1	1330	RHQSESQGVGL	ATM	pelm
ENSP00000350283	BRCA1	308	EFCNKSKQPGL	AURKA	pelm
ENSP00000350283	BRCA1	1466	SEYPISQNPEG		pelm
ENSP00000350283	BRCA1	1466	SEYPISQNPEG	ATM	pelm
ENSP00000350283	BRCA1	1211	AKKLESSEENL		pelm
ENSP00000350283	BRCA1	1212	KKLESSEENLS		pelm
ENSP00000350283	BRCA1	1342	DKELVSDDEER		pelm
ENSP00000350283	BRCA1	1217	SEENLSSEDEE		pelm
ENSP00000350283	BRCA1	1218	EENLSSEDEEL		pelm
ENSP00000350283	BRCA1	1336	QGVGLSDKELV		pelm
ENSP00000350283	BRCA1	1239	VNNIPSQSTRH		pelm
ENSP00000350283	BRCA1	1497	GVERSSPSKCP	CDK2	pelm
ENSP00000350283	BRCA1	1497	GVERSSPSKCP	ATM	pelm
ENSP00000350283	BRCA1	1499	ERSSPSKCPSL		pelm
ENSP00000350283	BRCA1	988	LFPIKSFVKTK	CHEK1	pelm
ENSP00000350283	BRCA1	1245	QSTRHSTVATE		pelm
ENSP00000350283	BRCA1	1387	CSGLSSQSDIL	ATM	pelm
ENSP00000350283	BRCA1	753	KDLMLSGERVL		pelm
ENSP00000350283	BRCA1	1524	NRNYPSQEELI		pelm
ENSP00000350283	BRCA1	1524	NRNYPSQEELI	ATM	pelm
ENSP00000350283	BRCA1	1524	NRNYPSQEELI	ATR	pelm
ENSP00000350283	BRCA1	509	RKRRPTSGLHP		pelm
ENSP00000354558	MTOR	2478	TTVPESIHSFI		pelm
ENSP00000354558	MTOR	1162	HPIVRTLDQSP		pelm
ENSP00000354558	MTOR	2446	RSRTRTDSYSA		pelm
ENSP00000354558	MTOR	2446	RSRTRTDSYSA	RPS6KB1	pelm
ENSP00000354558	MTOR	1262	KLHVSTINLQK		pelm
ENSP00000354558	MTOR	2474	KKTGTTVPESI		pelm
ENSP00000354558	MTOR	2448	RTRTDSYSAGQ		pelm
ENSP00000354558	MTOR	2448	RTRTDSYSAGQ	RPS6KB1	pelm
ENSP00000354558	MTOR	2481	PESIHSFIGDG		pelm
ENSP00000354558	MTOR	2481	PESIHSFIGDG	MTOR	pelm
ENSP00000313420	PRKDC	2055	SYSYSSQDPRP	PRKDC	pelm
ENSP00000313420	PRKDC	2623	RTQEGSLSARW		pelm
ENSP00000313420	PRKDC	4025	LKKGGSWIQEI		pelm
ENSP00000313420	PRKDC	2608	PMFVETQASQG		pelm
ENSP00000313420	PRKDC	2608	PMFVETQASQG	PRKDC	pelm
ENSP00000313420	PRKDC	3204	LPEDNSMNVDQ		pelm
ENSP00000313420	PRKDC	2646	HDFTLTQTADG		pelm
ENSP00000313420	PRKDC	2646	HDFTLTQTADG	PRKDC	pelm
ENSP00000313420	PRKDC	2602	RSTVLTPMFVE		pelm
ENSP00000313420	PRKDC	2637	GQIRATQQQHD		pelm
ENSP00000313420	PRKDC	2637	GQIRATQQQHD	PRKDC	pelm
ENSP00000313420	PRKDC	2670	PLVDHTSPSSD		pelm
ENSP00000313420	PRKDC	2671	LVDHTSPSSDS		pelm
ENSP00000313420	PRKDC	2791	HSSLITPLQAV		pelm
ENSP00000313420	PRKDC	2673	DHTSPSSDSLL		pelm
ENSP00000313420	PRKDC	2674	HTSPSSDSLLF		pelm
ENSP00000313420	PRKDC	2611	VETQASQGTLQ		pelm
ENSP00000313420	PRKDC	2611	VETQASQGTLQ	PRKDC	pelm
ENSP00000313420	PRKDC	2676	SPSSDSLLFAH		pelm
ENSP00000313420	PRKDC	2648	FTLTQTADGRS		pelm
ENSP00000313420	PRKDC	2619	TLQTRTQEGSL		pelm
ENSP00000313420	PRKDC	2619	TLQTRTQEGSL	PRKDC	pelm
ENSP00000313420	PRKDC	893	REKRLSFAVPF		pelm
ENSP00000313420	PRKDC	2788	QIKHSSLITPL		pelm
ENSP00000248975	YWHAH	59	GARRSSWRVIS		pelm
ENSP00000340691	EIF4EBP1	8	GGSSCSQTPSR	ATM	pelm
ENSP00000340691	EIF4EBP1	85	GVTSPSSDEPP		pelm
ENSP00000340691	EIF4EBP1	112	AGGEESQFEMD		pelm
ENSP00000340691	EIF4EBP1	112	AGGEESQFEMD	ATM	pelm
ENSP00000340691	EIF4EBP1	65	MECRNSPVTKT		pelm
ENSP00000340691	EIF4EBP1	65	MECRNSPVTKT	MTOR	pelm
ENSP00000340691	EIF4EBP1	37	GDYSTTPGGTL	MTOR	pelm
ENSP00000340691	EIF4EBP1	83	IPGVTSPSSDE	MTOR	pelm
ENSP00000340691	EIF4EBP1	70	SPVTKTPPRDL		pelm
ENSP00000340691	EIF4EBP1	70	SPVTKTPPRDL	MTOR	pelm
ENSP00000340691	EIF4EBP1	45	GTLFSTTPGGT		pelm
ENSP00000340691	EIF4EBP1	36	PGDYSTTPGGT		pelm
ENSP00000340691	EIF4EBP1	46	TLFSTTPGGTR	MTOR	pelm
ENSP00000340691	EIF4EBP1	94	PPMEASQSHLR		pelm
ENSP00000340691	EIF4EBP1	101	SHLRNSPEDKR		pelm
ENSP00000340691	EIF4EBP1	101	SHLRNSPEDKR	MTOR	pelm
ENSP00000380921	SH3KBP1	230	KLRPRSIEVEN		pelm
ENSP00000380921	SH3KBP1	521	KEEHISLAHRG		pelm
ENSP00000380921	SH3KBP1	587	GHRANSPSLFG		pelm
ENSP00000380921	SH3KBP1	436	HTRGDSPKIDL		pelm
ENSP00000380921	SH3KBP1	473	SVVSSTEKLSH		pelm
ENSP00000380921	SH3KBP1	511	IFDSPSPEEDK		pelm
ENSP00000380921	SH3KBP1	509	PDIFDSPSPEE		pelm
ENSP00000380921	SH3KBP1	254	PATTATPDSSK		pelm
ENSP00000380921	SH3KBP1	447	AGSSLSGILDK		pelm
ENSP00000278616	ATM	72	YIQKETECLRI		pelm
ENSP00000278616	ATM	367	RSLEISQSYTT		pelm
ENSP00000278616	ATM	85	PNVSASTQASR		pelm
ENSP00000278616	ATM	86	NVSASTQASRQ		pelm
ENSP00000278616	ATM	373	QSYTTTQRESS		pelm
ENSP00000366563	PIK3CD	1039	LAHNVSKDNRQ	PIK3CD	pelm
ENSP00000361021	PTEN	385	SDTTDSDPENE		pelm
ENSP00000361021	PTEN	385	SDTTDSDPENE	CSNK2A1	pelm
ENSP00000361021	PTEN	229	IYSSNSGPTRR	ROCK1	pelm
ENSP00000361021	PTEN	362	PEASSSTSVTP	GSK3B	pelm
ENSP00000361021	PTEN	232	SNSGPTRREDK	ROCK1	pelm
ENSP00000361021	PTEN	366	SSTSVTPDVSD		pelm
ENSP00000361021	PTEN	366	SSTSVTPDVSD	GSK3B	pelm
ENSP00000361021	PTEN	370	VTPDVSDNEPD		pelm
ENSP00000361021	PTEN	370	VTPDVSDNEPD	CSNK2A1	pelm
ENSP00000361021	PTEN	380	DHYRYSDTTDS		pelm
ENSP00000361021	PTEN	380	DHYRYSDTTDS	CSNK2A1	pelm
ENSP00000361021	PTEN	382	YRYSDTTDSDP		pelm
ENSP00000361021	PTEN	382	YRYSDTTDSDP	CSNK2A1	pelm
ENSP00000361021	PTEN	382	YRYSDTTDSDP	STK11	pelm
ENSP00000361021	PTEN	383	RYSDTTDSDPE		pelm
ENSP00000306245	FOS	232	LPEVATPESEE	MAPK3	pelm
ENSP00000306245	FOS	232	LPEVATPESEE	MAPK1	pelm
ENSP00000306245	FOS	362	AHRKGSSSNEP		pelm
ENSP00000306245	FOS	362	AHRKGSSSNEP	RPS6KA3	pelm
ENSP00000306245	FOS	331	PVVTCTPSCTA	MAPK3	pelm
ENSP00000306245	FOS	325	LEPLCTPVVTC	MAPK3	pelm
ENSP00000306245	FOS	374	SDSLSSPTLLA		pelm
ENSP00000317904	GYS1	649	PSPSLSRHSSP		pelm
ENSP00000317904	GYS1	649	PSPSLSRHSSP	GSK3B	pelm
ENSP00000317904	GYS1	647	VPPSPSLSRHS		pelm
ENSP00000317904	GYS1	641	YPRPASVPPSP		pelm
ENSP00000317904	GYS1	641	YPRPASVPPSP	GSK3B	pelm
ENSP00000317904	GYS1	645	ASVPPSPSLSR		pelm
ENSP00000317904	GYS1	645	ASVPPSPSLSR	GSK3B	pelm
ENSP00000348461	RAC1	186	QRGLKTVFDEA		pelm
ENSP00000338413	UBA1	800	QVPEFTPKSGV		pelm
ENSP00000338413	UBA1	832	EELKATLPSPD		pelm
ENSP00000338413	UBA1	835	KATLPSPDKLP		pelm
ENSP00000338413	UBA1	835	KATLPSPDKLP	CDK1	pelm
ENSP00000338413	UBA1	13	KKRRVSGPDPK		pelm
ENSP00000338413	UBA1	46	MAKNGSEADID		pelm
ENSP00000338413	UBA1	21	DPKPGSNCSPA		pelm
ENSP00000338413	UBA1	24	PGSNCSPAQSV		pelm
ENSP00000299421	ILK	343	ADVKFSFQCPG	ILK	pelm
ENSP00000366829	RBM10	288	ASQALSQGSEP		pelm
ENSP00000366829	RBM10	738	SGESDSEEEQE		pelm
ENSP00000366829	RBM10	65	SSEEQSAEDSY		pelm
ENSP00000366829	RBM10	723	SDDRPSPPRGL		pelm
ENSP00000366829	RBM10	50	PREYGSQEGKH		pelm
ENSP00000366829	RBM10	60	HDYDDSSEEQS		pelm
ENSP00000366829	RBM10	61	DYDDSSEEQSA		pelm
ENSP00000366829	RBM10	736	AYSGESDSEEE		pelm
ENSP00000256897	CCNH	315	EEEEWTDDDLV		pelm
ENSP00000311032	CASP3	150	GDRCRSLTGKP	MAPK14	pelm
ENSP00000309591	PRKACA	339	EEIRVSINEKC		pelm
ENSP00000309591	PRKACA	198	KGRTWTLCGTP		pelm
ENSP00000351614	SYN3	470	GQQPLSPQSGS	CDK1	pelm
ENSP00000351614	SYN3	470	GQQPLSPQSGS	MAPK3	pelm
ENSP00000365877	SUV39H1	391	AGLPGSPKKRV		pelm
ENSP00000317904	GYS1	718	TATSSSLSTPS		pelm
ENSP00000317904	GYS1	723	SLSTPSEPLSP		pelm
ENSP00000317904	GYS1	721	SSSLSTPSEPL		pelm
ENSP00000317904	GYS1	720	TSSSLSTPSEP		pelm
ENSP00000317904	GYS1	727	PSEPLSPTSSL		pelm
ENSP00000317904	GYS1	731	LSPTSSLGEER		pelm
ENSP00000317904	GYS1	730	PLSPTSSLGEE		pelm
ENSP00000366829	RBM10	797	RRAHLSENELE		pelm
ENSP00000366829	RBM10	733	LVAAYSGESDS		pelm
ENSP00000366829	RBM10	91	HRHSPTGPPGF		pelm
ENSP00000246891	CSN1S1	33	QNPSESSEPIP		pelm
ENSP00000246891	CSN1S1	90	SSISSSSEEMS		pelm
ENSP00000246891	CSN1S1	41	PIPLESREEYM		pelm
ENSP00000256925	CABLES1	415	GARRNTIDSTS		pelm
ENSP00000256925	CABLES1	168	ARGFASPLGAG		pelm
ENSP00000318486	CDK5R1	138	VTSAGTPKRVI		pelm
ENSP00000318486	CDK5R1	138	VTSAGTPKRVI	CDK5	pelm
ENSP00000318486	CDK5R1	91	LKKSLSCANLS		pelm
ENSP00000318486	CDK5R1	8	TVLSLSPSYRK		pelm
ENSP00000318486	CDK5R1	8	TVLSLSPSYRK	CDK5	pelm
ENSP00000349205	PIK3R4	925	VIPVLSSTILP		pelm
ENSP00000306881	SEC23A	308	GDELKTPIRSW		pelm
ENSP00000342381	VRK2	437	PHQDFTSPDIF		pelm
ENSP00000342381	VRK2	438	HQDFTSPDIFK		pelm
ENSP00000295897	ALB	297	QDSISSKLKEC		hprd
ENSP00000295897	ALB	294	CENQDSISSKL		hprd
ENSP00000295897	ALB	82	CVADESAENCD		hprd
ENSP00000248975	YWHAH	168	EQMQPTHPIRL		hprd
ENSP00000248975	YWHAH	215	TLNEDSYKDST		hprd
ENSP00000248975	YWHAH	219	DSYKDSTLIMQ		hprd
ENSP00000350283	BRCA1	1572	GISLFSDDPES	CSNK2B	hprd
ENSP00000350283	BRCA1	1394	SDILTTQQRDT	ATR	hprd
ENSP00000350283	BRCA1	1497	GVERSSPSKCP	CDK2	hprd
ENSP00000350283	BRCA1	1143	GSSHASQVCSE	ATR	hprd
ENSP00000350283	BRCA1	509	RKRRPTSGLHP	AKT1	hprd
ENSP00000350283	BRCA1	1613	AESAQSPAAAH	AKT1	hprd
ENSP00000350283	BRCA1	988	LFPIKSFVKTK	CHEK2	hprd
ENSP00000350283	BRCA1	1387	CSGLSSQSDIL	ATM	hprd
ENSP00000350283	BRCA1	1423	LEQHGSQPSNS	ATM	hprd
ENSP00000350283	BRCA1	1457	KAVLTSQKSSE	ATM	hprd
ENSP00000350283	BRCA1	1524	NRNYPSQEELI	ATM	hprd
ENSP00000350283	BRCA1	1542	QQLEESGPHDL	ATM	hprd
ENSP00000350283	BRCA1	1189	GELSRSPSPFT	ATM	hprd
ENSP00000350283	BRCA1	1330	RHQSESQGVGL	ATM	hprd
ENSP00000350283	BRCA1	1466	SEYPISQNPEG	ATM	hprd
ENSP00000350283	BRCA1	308	EFCNKSKQPGL	AURKA	hprd
ENSP00000350283	BRCA1	967	ETGLITPNKHG	CDK2	hprd
ENSP00000350283	BRCA1	1280	ILAKASQEHHL	ATR	hprd
ENSP00000350283	BRCA1	1245	QSTRHSTVATE		hprd
ENSP00000350283	BRCA1	1239	VNNIPSQSTRH		hprd
ENSP00000350283	BRCA1	1336	QGVGLSDKELV		hprd
ENSP00000350283	BRCA1	1342	DKELVSDDEER		hprd
ENSP00000350283	BRCA1	1720	SYFWVTQSIKE		hprd
ENSP00000350283	BRCA1	1700	FVCERTLKYFL		hprd
ENSP00000350283	BRCA1	1499	ERSSPSKCPSL		hprd
ENSP00000350283	BRCA1	1211	AKKLESSEENL		hprd
ENSP00000350283	BRCA1	1212	KKLESSEENLS		hprd
ENSP00000350283	BRCA1	1217	SEENLSSEDEE		hprd
ENSP00000350283	BRCA1	1218	EENLSSEDEEL		hprd
ENSP00000350283	BRCA1	395	DELLGSDDSHD		hprd
ENSP00000350283	BRCA1	398	LGSDDSHDGES		hprd
ENSP00000350283	BRCA1	403	SHDGESESNAK		hprd
ENSP00000350283	BRCA1	405	DGESESNAKVA		hprd
ENSP00000350283	BRCA1	753	KDLMLSGERVL		hprd
ENSP00000350283	BRCA1	1187	QKGELSRSPSP		hprd
ENSP00000350283	BRCA1	1191	LSRSPSPFTHT		hprd
ENSP00000350283	BRCA1	1328	QMRHQSESQGV		hprd
ENSP00000350283	BRCA1	1460	LTSQKSSEYPI		hprd
ENSP00000350283	BRCA1	114	KKENNSPEHLK		hprd
ENSP00000350283	BRCA1	1007	NFEEHSMSPER		hprd
ENSP00000350283	BRCA1	1009	EEHSMSPEREM		hprd
ENSP00000350283	BRCA1	694	SKRHDSDTFPE		hprd
ENSP00000350283	BRCA1	423	EVDEYSGSSEK		hprd
ENSP00000350283	BRCA1	426	EYSGSSEKIDL		hprd
ENSP00000350283	BRCA1	434	IDLLASDPHEA		hprd
ENSP00000350283	BRCA1	1164	IKEDTSFAEND		hprd
ENSP00000350283	BRCA1	1196	SPFTHTHLAQG		hprd
ENSP00000350283	BRCA1	1286	QEHHLSEETKC		hprd
ENSP00000350283	BRCA1	1577	SDDPESDPSED		hprd
ENSP00000357799	S100A10	11	EHAMETMMFTF		hprd
ENSP00000272298	CALM2	102	GNGYISAAELR		hprd
ENSP00000291295	CALM3	102	GNGYISAAELR		hprd
ENSP00000349467	CALM1	102	GNGYISAAELR		hprd
ENSP00000246891	CSN1S1	34	NPSESSEPIPL		hprd
ENSP00000246891	CSN1S1	41	PIPLESREEYM		hprd
ENSP00000246891	CSN1S1	91	SISSSSEEMSL		hprd
ENSP00000246891	CSN1S1	95	SSEEMSLSKCA		hprd
ENSP00000246891	CSN1S1	89	ESSISSSSEEM		hprd
ENSP00000246891	CSN1S1	90	SSISSSSEEMS		hprd
ENSP00000246891	CSN1S1	33	QNPSESSEPIP		hprd
ENSP00000317904	GYS1	10	RTLSMSSLPGL	CSNK2A1	hprd
ENSP00000317904	GYS1	647	VPPSPSLSRHS	CSNK2A1	hprd
ENSP00000317904	GYS1	652	SLSRHSSPHQS	CSNK2A1	hprd
ENSP00000317904	GYS1	653	LSRHSSPHQSE	CSNK2A1	hprd
ENSP00000317904	GYS1	698	WPRRASCTSST	CSNK2A1	hprd
ENSP00000317904	GYS1	701	RASCTSSTSGS	CSNK2A1	hprd
ENSP00000317904	GYS1	713	RNSVDTATSSS	CSNK2A1	hprd
ENSP00000317904	GYS1	710	GSKRNSVDTAT	PRKACA	hprd
ENSP00000317904	GYS1	8	LNRTLSMSSLP	PRKACA	hprd
ENSP00000317904	GYS1	641	YPRPASVPPSP	GSK3B	hprd
ENSP00000317904	GYS1	645	ASVPPSPSLSR	GSK3B	hprd
ENSP00000317904	GYS1	649	PSPSLSRHSSP	GSK3B	hprd
ENSP00000317904	GYS1	715	SVDTATSSSLS		hprd
ENSP00000317904	GYS1	716	VDTATSSSLST		hprd
ENSP00000317904	GYS1	727	PSEPLSPTSSL		hprd
ENSP00000317904	GYS1	729	EPLSPTSSLGE		hprd
ENSP00000317904	GYS1	731	LSPTSSLGEER		hprd
ENSP00000317904	GYS1	718	TATSSSLSTPS		hprd
ENSP00000317904	GYS1	717	DTATSSSLSTP		hprd
ENSP00000317904	GYS1	730	PLSPTSSLGEE		hprd
ENSP00000317904	GYS1	720	TSSSLSTPSEP		hprd
ENSP00000317904	GYS1	412	SLLVGSLPDMN		hprd
ENSP00000317904	GYS1	657	SSPHQSEDEED		hprd
ENSP00000317904	GYS1	700	RRASCTSSTSG		hprd
ENSP00000317904	GYS1	702	ASCTSSTSGSK		hprd
ENSP00000317904	GYS1	704	CTSSTSGSKRN		hprd
ENSP00000261195	GYS2	50	YTVIQTKAKTT		hprd
ENSP00000238081	YWHAQ	232	LWTSDSAGEEC	CSNK1A1	hprd
ENSP00000238081	YWHAQ	230	LTLWTSDSAGE		hprd
ENSP00000238081	YWHAQ	45	ERNLLSVAYKN		hprd
ENSP00000238081	YWHAQ	214	DSYKDSTLIMQ		hprd
ENSP00000238081	YWHAQ	95	LRSICTTVLEL		hprd
ENSP00000238081	YWHAQ	110	LIANATNPESK		hprd
ENSP00000304895	IRS1	616	GYMPMSPGVAP		hprd
ENSP00000304895	IRS1	636	DYMPMSPKSVS		hprd
ENSP00000304895	IRS1	666	GYMMMSPSGGC		hprd
ENSP00000304895	IRS1	736	DYMNMSPVGDS		hprd
ENSP00000304895	IRS1	794	LRLSTSSGRLL		hprd
ENSP00000304895	IRS1	502	GTGLGTSPALA	CSNK2A1	hprd
ENSP00000304895	IRS1	24	LRKPKSMHKRF	CSNK2B	hprd
ENSP00000304895	IRS1	330	RVRASSDGEGT	CSNK2B	hprd
ENSP00000304895	IRS1	811	DSSSSTSSDSL	CSNK2B	hprd
ENSP00000304895	IRS1	88	LVALYTRDEHF	CSNK2B	hprd
ENSP00000304895	IRS1	99	AIAADSEAEQD	CSNK2B	hprd
ENSP00000304895	IRS1	312	SITATSPASMV	MAPK8	hprd
ENSP00000304895	IRS1	268	EFRPRSKSQSS	IKBKB	hprd
ENSP00000304895	IRS1	270	RPRSKSQSSSN	IKBKB	hprd
ENSP00000304895	IRS1	272	RSKSQSSSNCS	IKBKB	hprd
ENSP00000304895	IRS1	274	KSQSSSNCSNP	IKBKB	hprd
ENSP00000304895	IRS1	307	RSRTESITATS	IKBKB	hprd
ENSP00000304895	IRS1	341	MSRPASVDGSP	IKBKB	hprd
ENSP00000304895	IRS1	345	ASVDGSPVSPS	IKBKB	hprd
ENSP00000304895	IRS1	527	RKRTHSAGTSP	IKBKB	hprd
ENSP00000304895	IRS1	531	HSAGTSPTITH	IKBKB	hprd
ENSP00000304895	IRS1	1101	RRRHSSETFSS	PRKCQ	hprd
ENSP00000304895	IRS1	629	SGRKGSGDYMP		hprd
ENSP00000304895	IRS1	574	PGHRHSAFVPT		hprd
ENSP00000304895	IRS1	1223	STRRSSEDLSA		hprd
ENSP00000304895	IRS1	1143	VKRHSSASFEN		hprd
ENSP00000304895	IRS1	1145	RHSSASFENVW		hprd
ENSP00000304895	IRS1	1103	RHSSETFSSTP		hprd
ENSP00000304895	IRS1	1100	CRRRHSSETFS		hprd
ENSP00000304895	IRS1	351	PVSPSTNRTHA		hprd
ENSP00000304895	IRS1	766	VLSYYSLPRSF		hprd
ENSP00000348273	MBP	229	FKNIVTPRTPP		hprd
ENSP00000348273	MBP	205	TAHYGSLPQKS		hprd
ENSP00000348273	MBP	146	SQRHGSKYLAT	PRKCA	hprd
ENSP00000348273	MBP	266	YGGRASDYKSA	PRKCA	hprd
ENSP00000348273	MBP	285	AQGTLSKIFKL	PRKCA	hprd
ENSP00000348273	MBP	295	LGGRDSRSGSP	PRKCA	hprd
ENSP00000348273	MBP	141	SQKRPSQRHGS	PRKCA	hprd
ENSP00000348273	MBP	169	PRHRDTGILDS	PRKACA	hprd
ENSP00000348273	MBP	190	APKRGSGKDSH	PRKCA	hprd
ENSP00000348273	MBP	249	SLSRFSWGAEG	PRKCA	hprd
ENSP00000348273	MBP	232	IVTPRTPPPSQ	MAPK1	hprd
ENSP00000348273	MBP	96	LIRLFSRDAPG		hprd
ENSP00000348273	MBP	114	DRPSESDELQT		hprd
ENSP00000297494	NOS3	1177	RIRTQSFSLQE	AKT1	hprd
ENSP00000297494	NOS3	1175	TSRIRTQSFSL		hprd
ENSP00000297494	NOS3	633	RKRKESSNTDS		hprd
ENSP00000306245	FOS	232	LPEVATPESEE	MAPK1	hprd
ENSP00000306245	FOS	325	LEPLCTPVVTC	MAPK1	hprd
ENSP00000306245	FOS	331	PVVTCTPSCTA	MAPK1	hprd
ENSP00000306245	FOS	374	SDSLSSPTLLA	MAPK1	hprd
ENSP00000306245	FOS	362	AHRKGSSSNEP	PRKACA	hprd
ENSP00000306245	FOS	114	AGVVKTMTGGR		hprd
ENSP00000360266	JUN	249	PIDMESQERIK	PRKDC	hprd
ENSP00000360266	JUN	63	SDLLTSPDVGL	MAPK8	hprd
ENSP00000360266	JUN	73	LLKLASPELER	MAPK8	hprd
ENSP00000360266	JUN	231	KEEPQTVPEMP	CSNK2A1	hprd
ENSP00000360266	JUN	58	LRAKNSDLLTS		hprd
ENSP00000360266	JUN	239	EMPGETPPLSP		hprd
ENSP00000360266	JUN	243	ETPPLSPIDME		hprd
ENSP00000360266	JUN	62	NSDLLTSPDVG		hprd
ENSP00000227507	CCND1	197	DVKFISNPPSM	PRKACA	hprd
ENSP00000227507	CCND1	234	LTRFLSRVIKC	PRKACA	hprd
ENSP00000227507	CCND1	90	LDRFLSLEPVK	PRKACA	hprd
ENSP00000227507	CCND1	286	VDLACTPTDVR	GSK3B	hprd
ENSP00000369757	RPS6	244	ASTSKSESSQK		hprd
ENSP00000369757	RPS6	235	KRRRLSSLRAS	PAK2	hprd
ENSP00000369757	RPS6	236	RRRLSSLRAST	PAK2	hprd
ENSP00000369757	RPS6	240	SSLRASTSKSE	PAK2	hprd
ENSP00000369757	RPS6	242	LRASTSKSESS	PAK2	hprd
ENSP00000369757	RPS6	241	SLRASTSKSES		hprd
ENSP00000369757	RPS6	148	KLFNLSKEDDV		hprd
ENSP00000369757	RPS6	78	VRLLLSKGHSC		hprd
ENSP00000388107	UBA52	65	NIQKESTLHLV		hprd
ENSP00000388107	UBA52	57	DGRTLSDYNIQ		hprd
ENSP00000388107	UBA52	12	TLTGKTITLEV		hprd
ENSP00000366829	RBM10	736	AYSGESDSEEE		hprd
ENSP00000366829	RBM10	738	SGESDSEEEQE		hprd
ENSP00000366829	RBM10	797	RRAHLSENELE		hprd
ENSP00000366829	RBM10	89	RRHRHSPTGPP		hprd
ENSP00000366829	RBM10	723	SDDRPSPPRGL		hprd
ENSP00000366829	RBM10	91	HRHSPTGPPGF		hprd
ENSP00000366829	RBM10	517	AEASSSQGTAA		hprd
ENSP00000366829	RBM10	288	ASQALSQGSEP		hprd
ENSP00000366829	RBM10	50	PREYGSQEGKH		hprd
ENSP00000366829	RBM10	60	HDYDDSSEEQS		hprd
ENSP00000366829	RBM10	733	LVAAYSGESDS		hprd
ENSP00000366829	RBM10	65	SSEEQSAEDSY		hprd
ENSP00000366829	RBM10	61	DYDDSSEEQSA		hprd
ENSP00000366829	RBM10	718	LPKLASDDRPS		hprd
ENSP00000366829	RBM10	73	DSYEASPGSET		hprd
ENSP00000366829	RBM10	76	EASPGSETQRR		hprd
ENSP00000366829	RBM10	781	RHQQLSGLHKQ		hprd
ENSP00000366829	RBM10	886	KQGIVTPIEAQ		hprd
ENSP00000365877	SUV39H1	391	AGLPGSPKKRV		hprd
ENSP00000380921	SH3KBP1	230	KLRPRSIEVEN		hprd
ENSP00000380921	SH3KBP1	587	GHRANSPSLFG		hprd
ENSP00000380921	SH3KBP1	509	PDIFDSPSPEE		hprd
ENSP00000380921	SH3KBP1	511	IFDSPSPEEDK		hprd
ENSP00000380921	SH3KBP1	254	PATTATPDSSK		hprd
ENSP00000380921	SH3KBP1	436	HTRGDSPKIDL		hprd
ENSP00000380921	SH3KBP1	447	AGSSLSGILDK		hprd
ENSP00000380921	SH3KBP1	473	SVVSSTEKLSH		hprd
ENSP00000380921	SH3KBP1	521	KEEHISLAHRG		hprd
ENSP00000380921	SH3KBP1	536	KKTSKTVTISQ		hprd
ENSP00000380921	SH3KBP1	538	TSKTVTISQVS		hprd
ENSP00000380921	SH3KBP1	540	KTVTISQVSDN		hprd
ENSP00000380921	SH3KBP1	589	RANSPSLFGTE		hprd
ENSP00000380921	SH3KBP1	472	DSVVSSTEKLS		hprd
ENSP00000380921	SH3KBP1	79	LHEVPSGNSLL		hprd
ENSP00000380921	SH3KBP1	82	VPSGNSLLSSE		hprd
ENSP00000338413	UBA1	46	MAKNGSEADID		hprd
ENSP00000338413	UBA1	835	KATLPSPDKLP	CDK1	hprd
ENSP00000338413	UBA1	38	VPSVPTNGMAK		hprd
ENSP00000338413	UBA1	13	KKRRVSGPDPK		hprd
ENSP00000338413	UBA1	24	PGSNCSPAQSV		hprd
ENSP00000338413	UBA1	21	DPKPGSNCSPA		hprd
ENSP00000338413	UBA1	800	QVPEFTPKSGV		hprd
ENSP00000338413	UBA1	832	EELKATLPSPD		hprd
ENSP00000338413	UBA1	305	KISFKSLVASL		hprd
ENSP00000338413	UBA1	309	KSLVASLAEPD		hprd
ENSP00000338413	UBA1	318	PDFVVTDFAKF		hprd
ENSP00000338413	UBA1	529	VTKLKSDTAAA		hprd
ENSP00000338413	UBA1	810	VKIHVSDQELQ		hprd
ENSP00000338413	UBA1	816	DQELQSANASV		hprd
ENSP00000338413	UBA1	820	QSANASVDDSR		hprd
ENSP00000338413	UBA1	35	LSEVPSVPTNG		hprd
ENSP00000216629	BDKRB1	339	SLAPISSSHRK		hprd
ENSP00000311032	CASP3	26	IHGSESMDSGI		hprd
ENSP00000311032	CASP3	270	IVSMLTKELYF		hprd
ENSP00000313420	PRKDC	2608	PMFVETQASQG	PRKDC	hprd
ENSP00000313420	PRKDC	2611	VETQASQGTLQ	PRKDC	hprd
ENSP00000313420	PRKDC	2619	TLQTRTQEGSL	PRKDC	hprd
ENSP00000313420	PRKDC	2623	RTQEGSLSARW	PRKDC	hprd
ENSP00000313420	PRKDC	2637	GQIRATQQQHD	PRKDC	hprd
ENSP00000313420	PRKDC	2646	HDFTLTQTADG	PRKDC	hprd
ENSP00000313420	PRKDC	3204	LPEDNSMNVDQ	PRKDC	hprd
ENSP00000313420	PRKDC	2602	RSTVLTPMFVE		hprd
ENSP00000313420	PRKDC	2648	FTLTQTADGRS		hprd
ENSP00000313420	PRKDC	2676	SPSSDSLLFAH		hprd
ENSP00000313420	PRKDC	2674	HTSPSSDSLLF		hprd
ENSP00000313420	PRKDC	893	REKRLSFAVPF		hprd
ENSP00000313420	PRKDC	2670	PLVDHTSPSSD		hprd
ENSP00000313420	PRKDC	2671	LVDHTSPSSDS		hprd
ENSP00000313420	PRKDC	2673	DHTSPSSDSLL		hprd
ENSP00000313420	PRKDC	2788	QIKHSSLITPL		hprd
ENSP00000313420	PRKDC	2791	HSSLITPLQAV		hprd
ENSP00000313420	PRKDC	4025	LKKGGSWIQEI		hprd
ENSP00000313420	PRKDC	2644	QQHDFTLTQTA		hprd
ENSP00000313420	PRKDC	2598	DWRFRSTVLTP		hprd
ENSP00000313420	PRKDC	1052	QQQEKSPVNTK		hprd
ENSP00000313420	PRKDC	2116	QGEEDSVPRDL		hprd
ENSP00000313420	PRKDC	1840	LREFFSTIVVD		hprd
ENSP00000313420	PRKDC	1841	REFFSTIVVDA		hprd
ENSP00000313420	PRKDC	3232	SSLIRSCKFSM		hprd
ENSP00000313420	PRKDC	137	IKLLQTFRSSR		hprd
ENSP00000313420	PRKDC	1274	FIGERTVGALQ		hprd
ENSP00000313420	PRKDC	1693	KGQAVTLLPFF		hprd
ENSP00000313420	PRKDC	1699	LLPFFTSLTGG		hprd
ENSP00000313420	PRKDC	1700	LPFFTSLTGGS		hprd
ENSP00000313420	PRKDC	1702	FFTSLTGGSLE		hprd
ENSP00000313420	PRKDC	3364	LELSGSSSEDS		hprd
ENSP00000313420	PRKDC	3981	TGLMYSIMVHA		hprd
ENSP00000313420	PRKDC	1351	TLLNTSPEGWK		hprd
ENSP00000313420	PRKDC	229	LKGLSSLLCNF		hprd
ENSP00000354558	MTOR	2481	PESIHSFIGDG	MTOR	hprd
ENSP00000354558	MTOR	2446	RSRTRTDSYSA	AKT1	hprd
ENSP00000354558	MTOR	2448	RTRTDSYSAGQ	AKT1	hprd
ENSP00000354558	MTOR	1166	RTLDQSPELRS		hprd
ENSP00000354558	MTOR	1162	HPIVRTLDQSP		hprd
ENSP00000354558	MTOR	1262	KLHVSTINLQK		hprd
ENSP00000354558	MTOR	2474	KKTGTTVPESI		hprd
ENSP00000354558	MTOR	2478	TTVPESIHSFI		hprd
ENSP00000354558	MTOR	1261	KKLHVSTINLQ		hprd
ENSP00000354558	MTOR	2454	YSAGQSVEILD		hprd
ENSP00000354558	MTOR	567	AHQLASPGLTT		hprd
ENSP00000354558	MTOR	2444	NKRSRTRTDSY		hprd
ENSP00000354558	MTOR	1847	ASTEGSNSESE		hprd
ENSP00000354558	MTOR	1849	TEGSNSESEAE		hprd
ENSP00000309503	YWHAZ	232	LWTSDTQGDEA	CSNK1A1	hprd
ENSP00000309503	YWHAZ	58	GARRSSWRVVS	MAPKAPK2	hprd
ENSP00000309503	YWHAZ	184	YEILNSPEKAC	AKT1	hprd
ENSP00000309503	YWHAZ	210	TLSEESYKDST		hprd
ENSP00000309503	YWHAZ	207	ELDTLSEESYK		hprd
ENSP00000309503	YWHAZ	205	IAELDTLSEES		hprd
ENSP00000309503	YWHAZ	230	LTLWTSDTQGD		hprd
ENSP00000381293	NSF	207	KENRQSIINPD		hprd
ENSP00000309591	PRKACA	11	AAKKGSEQESV		hprd
ENSP00000309591	PRKACA	140	RIGRFSEPHAR		hprd
ENSP00000309591	PRKACA	196	RVKGRTWTLCG		hprd
ENSP00000309591	PRKACA	198	KGRTWTLCGTP		hprd
ENSP00000309591	PRKACA	339	EEIRVSINEKC		hprd
ENSP00000309591	PRKACA	202	WTLCGTPEYLA		hprd
ENSP00000309591	PRKACA	49	FERIKTLGTGS		hprd
ENSP00000361021	PTEN	382	YRYSDTTDSDP		hprd
ENSP00000361021	PTEN	383	RYSDTTDSDPE		hprd
ENSP00000361021	PTEN	370	VTPDVSDNEPD	CSNK2A1	hprd
ENSP00000361021	PTEN	366	SSTSVTPDVSD	CSNK2A1	hprd
ENSP00000361021	PTEN	380	DHYRYSDTTDS	AKT1	hprd
ENSP00000361021	PTEN	385	SDTTDSDPENE	AKT1	hprd
ENSP00000348461	RAC1	71	RLRPLSYPQTV	AKT1	hprd
ENSP00000342381	VRK2	437	PHQDFTSPDIF		hprd
ENSP00000342381	VRK2	438	HQDFTSPDIFK		hprd
ENSP00000342381	VRK2	336	SINVHTPNSQK		hprd
ENSP00000342381	VRK2	445	DIFKKSRSPSW		hprd
ENSP00000342381	VRK2	339	VHTPNSQKVDS		hprd
ENSP00000340691	EIF4EBP1	37	GDYSTTPGGTL	MAPK1	hprd
ENSP00000340691	EIF4EBP1	46	TLFSTTPGGTR	MAPK1	hprd
ENSP00000340691	EIF4EBP1	65	MECRNSPVTKT	MAPK1	hprd
ENSP00000340691	EIF4EBP1	70	SPVTKTPPRDL	MAPK1	hprd
ENSP00000340691	EIF4EBP1	83	IPGVTSPSSDE	MAPK1	hprd
ENSP00000340691	EIF4EBP1	101	SHLRNSPEDKR		hprd
ENSP00000340691	EIF4EBP1	112	AGGEESQFEMD	ATM	hprd
ENSP00000340691	EIF4EBP1	36	PGDYSTTPGGT	RPS6KA5	hprd
ENSP00000340691	EIF4EBP1	45	GTLFSTTPGGT	RPS6KA5	hprd
ENSP00000340691	EIF4EBP1	50	TTPGGTRIIYD		hprd
ENSP00000340691	EIF4EBP1	85	GVTSPSSDEPP		hprd
ENSP00000340691	EIF4EBP1	86	VTSPSSDEPPM		hprd
ENSP00000340691	EIF4EBP1	94	PPMEASQSHLR		hprd
ENSP00000340691	EIF4EBP1	96	MEASQSHLRNS		hprd
ENSP00000340691	EIF4EBP1	35	PPGDYSTTPGG		hprd
ENSP00000340691	EIF4EBP1	41	TTPGGTLFSTT		hprd
ENSP00000340691	EIF4EBP1	44	GGTLFSTTPGG		hprd
ENSP00000340691	EIF4EBP1	68	RNSPVTKTPPR		hprd
ENSP00000340691	EIF4EBP1	77	PRDLPTIPGVT		hprd
ENSP00000340691	EIF4EBP1	82	TIPGVTSPSSD		hprd
ENSP00000299421	ILK	343	ADVKFSFQCPG	ILK	hprd
ENSP00000349205	PIK3R4	926	IPVLSSTILPS		hprd
ENSP00000349205	PIK3R4	927	PVLSSTILPST		hprd
ENSP00000349205	PIK3R4	1282	YVVAGSTSSPS		hprd
ENSP00000349205	PIK3R4	1287	STSSPSVSYYR		hprd
ENSP00000349205	PIK3R4	1283	VVAGSTSSPSV		hprd
ENSP00000349205	PIK3R4	1289	SSPSVSYYRKI		hprd
ENSP00000349205	PIK3R4	813	SHLHDSSQKGV		hprd
ENSP00000349205	PIK3R4	853	HVKQDSNVNEE		hprd
ENSP00000349205	PIK3R4	865	KSMFGSLDPPN		hprd
ENSP00000349205	PIK3R4	1316	GPSDDTPRRGP		hprd
ENSP00000349205	PIK3R4	814	HLHDSSQKGVI		hprd
ENSP00000349205	PIK3R4	894	PPRSESSAGIC		hprd
ENSP00000349205	PIK3R4	931	STILPSTYQIR		hprd
ENSP00000351614	SYN3	470	GQQPLSPQSGS		hprd
ENSP00000366563	PIK3CD	1039	LAHNVSKDNRQ		hprd
ENSP00000313681	SPHK1	279	GEMRFTLGTFL		hprd
ENSP00000264335	YWHAE	210	ELDTLSEESYK		hprd
ENSP00000264335	YWHAE	38	MDVELTVEERN		hprd
ENSP00000264335	YWHAE	46	ERNLLSVAYKN		hprd
ENSP00000264335	YWHAE	64	SWRIISSIEQK		hprd
ENSP00000264335	YWHAE	65	WRIISSIEQKE		hprd
ENSP00000264335	YWHAE	91	RQMVETELKLI		hprd
ENSP00000264335	YWHAE	217	ESYKDSTLIMQ		hprd
ENSP00000264335	YWHAE	213	TLSEESYKDST		hprd
ENSP00000264335	YWHAE	218	SYKDSTLIMQL		hprd
ENSP00000306330	YWHAG	220	SYKDSTLIMQL		hprd
ENSP00000306330	YWHAG	46	ERNLLSVAYKN		hprd
ENSP00000306330	YWHAG	199	CHLAKTAFDDA		hprd
ENSP00000306330	YWHAG	71	IEQKTSADGNE		hprd
ENSP00000306330	YWHAG	168	EHMQPTHPIRL		hprd
ENSP00000280551	SEC24D	831	SPSAASQLILP		hprd
ENSP00000278616	ATM	440	LLMILSQLLPQ	ATM	hprd
ENSP00000278616	ATM	1893	NLDSESEHFFR	ATM	hprd
ENSP00000278616	ATM	367	RSLEISQSYTT	ATM	hprd
ENSP00000278616	ATM	72	YIQKETECLRI		hprd
ENSP00000278616	ATM	85	PNVSASTQASR		hprd
ENSP00000278616	ATM	86	NVSASTQASRQ		hprd
ENSP00000278616	ATM	373	QSYTTTQRESS		hprd
ENSP00000278616	ATM	2996	CKRNLSDIDQS		hprd
ENSP00000278616	ATM	1993	SLSEKSKEETG		hprd
ENSP00000278616	ATM	800	PNKIASGFFLR		hprd
ENSP00000278616	ATM	809	LRLLTSKLMND		hprd
ENSP00000278616	ATM	1655	NLLQLSKMAIN		hprd
ENSP00000278616	ATM	1662	MAINHTGEKEV		hprd
ENSP00000278616	ATM	1104	DTKGDSSRLLK		hprd
ENSP00000306881	SEC23A	308	GDELKTPIRSW		hprd
ENSP00000256897	CCNH	304	DDDYVSKKSKH	CDK8	hprd
ENSP00000256897	CCNH	315	EEEEWTDDDLV		hprd
ENSP00000256897	CCNH	307	YVSKKSKHEEE		hprd
ENSP00000256897	CCNH	132	GNLRESPLGQE		hprd
ENSP00000256897	CCNH	227	SRAGITMESYL		hprd
ENSP00000256897	CCNH	233	MESYLSESLML		hprd
ENSP00000347444	TDRD7	862	ADSPNSKNGNM		hprd
ENSP00000347444	TDRD7	319	EKVPLSPLPGP		hprd
ENSP00000328973	TSPO	23	GCFVGSRFVHG		hprd
ENSP00000234313	PLEK	113	KFARKSTRRSI		hprd
ENSP00000234313	PLEK	114	FARKSTRRSIR		hprd
ENSP00000234313	PLEK	117	KSTRRSIRLPE		hprd
ENSP00000234313	PLEK	183	LMIASSLLNEG		hprd
ENSP00000234313	PLEK	197	PAGDMSKSAVD		hprd
ENSP00000314709	ZHX2	37	EKGIGTPQPDV		hprd
ENSP00000314709	ZHX2	344	QSVPPTITVLP		hprd
ENSP00000314709	ZHX2	355	AQLAPTKVTQP		hprd
ENSP00000256925	CABLES1	313	RTLSGSPRPKN	CDK3	hprd
ENSP00000256925	CABLES1	415	GARRNTIDSTS		hprd
ENSP00000256925	CABLES1	373	DGGRQSTGAVS		hprd
ENSP00000256925	CABLES1	290	LISQRSSLETL		hprd
ENSP00000256925	CABLES1	434	SHRSLSIGRAS		hprd
ENSP00000256925	CABLES1	309	LRRCRTLSGSP		hprd
ENSP00000256925	CABLES1	311	RCRTLSGSPRP		hprd
ENSP00000256925	CABLES1	378	STGAVSLKEII		hprd
ENSP00000256925	CABLES1	291	ISQRSSLETLE		hprd
ENSP00000256925	CABLES1	418	RNTIDSTSSFS		hprd
