name	JAK2
id	ENSP00000371067
type	Tyrosine kinase
proline+1_removed	No
npartners	377
npartners_with_sites	377
nsites	213
//
motif	score	fg_matches	fg_size	bg_matches	bg_size	fold_increase
..D..Y.....	9.24	100	1072	483	10000	1.93
.....Y..P..	8.13	98	972	520	9517	1.85
.....YM.M..	18.6	11	874	2	8997	56.62
//
sub_ensp	sub_name	sub_position	sub_region	kinase_name	source
ENSP00000309503	YWHAZ	48	LLSVAYKNVVG		psite
ENSP00000309503	YWHAZ	125	KMKGDYYRYLA		psite
ENSP00000309503	YWHAZ	126	MKGDYYRYLAE		psite
ENSP00000309503	YWHAZ	211	LSEESYKDSTL		psite
ENSP00000361423	ABL1	89	LFVALYDFVAS	HCK	psite
ENSP00000361423	ABL1	89	LFVALYDFVAS	FYN	psite
ENSP00000361423	ABL1	89	LFVALYDFVAS	LYN	psite
ENSP00000361423	ABL1	112	LRVLGYNHNGE		psite
ENSP00000361423	ABL1	134	WVPSNYITPVN	HCK	psite
ENSP00000361423	ABL1	134	WVPSNYITPVN	FYN	psite
ENSP00000361423	ABL1	134	WVPSNYITPVN	LYN	psite
ENSP00000361423	ABL1	147	EKHSWYHGPVS	HCK	psite
ENSP00000361423	ABL1	147	EKHSWYHGPVS	FYN	psite
ENSP00000361423	ABL1	147	EKHSWYHGPVS	LYN	psite
ENSP00000361423	ABL1	158	RNAAEYLLSSG	HCK	psite
ENSP00000361423	ABL1	158	RNAAEYLLSSG	FYN	psite
ENSP00000361423	ABL1	158	RNAAEYLLSSG	LYN	psite
ENSP00000361423	ABL1	186	SISLRYEGRVY		psite
ENSP00000361423	ABL1	191	YEGRVYHYRIN	HCK	psite
ENSP00000361423	ABL1	191	YEGRVYHYRIN	FYN	psite
ENSP00000361423	ABL1	191	YEGRVYHYRIN	LYN	psite
ENSP00000361423	ABL1	193	GRVYHYRINTA		psite
ENSP00000361423	ABL1	204	SDGKLYVSSES	HCK	psite
ENSP00000361423	ABL1	204	SDGKLYVSSES	FYN	psite
ENSP00000361423	ABL1	204	SDGKLYVSSES	LYN	psite
ENSP00000361423	ABL1	234	ITTLHYPAPKR	HCK	psite
ENSP00000361423	ABL1	234	ITTLHYPAPKR	FYN	psite
ENSP00000361423	ABL1	234	ITTLHYPAPKR	LYN	psite
ENSP00000361423	ABL1	245	NKPTVYGVSPN	HCK	psite
ENSP00000361423	ABL1	245	NKPTVYGVSPN	FYN	psite
ENSP00000361423	ABL1	245	NKPTVYGVSPN	LYN	psite
ENSP00000361423	ABL1	251	GVSPNYDKWEM		psite
ENSP00000361423	ABL1	272	LGGGQYGEVYE		psite
ENSP00000361423	ABL1	276	QYGEVYEGVWK		psite
ENSP00000361423	ABL1	283	GVWKKYSLTVA		psite
ENSP00000361423	ABL1	331	REPPFYIITEF		psite
ENSP00000361423	ABL1	339	TEFMTYGNLLD		psite
ENSP00000361423	ABL1	412	MTGDTYTAHAG	ABL1	psite
ENSP00000361423	ABL1	412	MTGDTYTAHAG	HCK	psite
ENSP00000361423	ABL1	412	MTGDTYTAHAG	FYN	psite
ENSP00000361423	ABL1	412	MTGDTYTAHAG	LYN	psite
ENSP00000361423	ABL1	432	PESLAYNKFSI		psite
ENSP00000361423	ABL1	488	CPEKVYELMRA		psite
ENSP00000361423	ABL1	245	NKPTVYGVSPN		psite
ENSP00000361423	ABL1	412	MTGDTYTAHAG		psite
ENSP00000270202	AKT1	176	ATGRYYAMKIL		psite
ENSP00000270202	AKT1	315	CGTPEYLAPEV	PTK6	psite
ENSP00000270202	AKT1	315	CGTPEYLAPEV	RET	psite
ENSP00000270202	AKT1	326	LEDNDYGRAVD	PTK6	psite
ENSP00000270202	AKT1	417	VWQHVYEKKLS		psite
ENSP00000270202	AKT1	437	ETDTRYFDEEF		psite
ENSP00000270202	AKT1	474	FPQFSYSASGT		psite
ENSP00000295897	ALB	54	IAFAQYLQQCP		psite
ENSP00000295897	ALB	108	TLRETYGEMAD		psite
ENSP00000295897	ALB	162	TFLKKYLYEIA		psite
ENSP00000295897	ALB	164	LKKYLYEIARR		psite
ENSP00000295897	ALB	172	ARRHPYFYAPE		psite
ENSP00000295897	ALB	174	RHPYFYAPELL		psite
ENSP00000295897	ALB	287	ADLAKYICENQ		psite
ENSP00000295897	ALB	343	DVCKNYAEAKD		psite
ENSP00000295897	ALB	365	RRHPDYSVVLL		psite
ENSP00000295897	ALB	377	RLAKTYETTLE		psite
ENSP00000295897	ALB	394	DPHECYAKVFD		psite
ENSP00000295897	ALB	425	EQLGEYKFQNA		psite
ENSP00000295897	ALB	476	PCAEDYLSVVL		psite
ENSP00000295897	ALB	521	EVDETYVPKEF		psite
ENSP00000373700	ALK	1078	LQSPEYKLSKL		psite
ENSP00000373700	ALK	1092	TIMTDYNPNYC		psite
ENSP00000373700	ALK	1096	DYNPNYCFAGK		psite
ENSP00000373700	ALK	1131	AFGEVYEGQVS		psite
ENSP00000373700	ALK	1278	MARDIYRASYY	ALK	psite
ENSP00000373700	ALK	1282	IYRASYYRKGG		psite
ENSP00000373700	ALK	1283	YRASYYRKGGC		psite
ENSP00000373700	ALK	1359	CPGPVYRIMTQ		psite
ENSP00000373700	ALK	1507	LWNPTYGSWFT		psite
ENSP00000373700	ALK	1584	CGNVNYGYQQQ		psite
ENSP00000373700	ALK	1586	NVNYGYQQQGL		psite
ENSP00000373700	ALK	1604	PGAGHYEDTIL		psite
ENSP00000300305	RUNX1	281	SPPWSYDQSYQ		psite
ENSP00000320675	ASB2	162	RETPLYKACER		psite
ENSP00000273430	AGTR1	319	LQLLKYIPPKA	SRC	psite
ENSP00000262320	AXIN1	148	AIYRKYILDNN		psite
ENSP00000262320	AXIN1	796	GEPIPYRTLVR		psite
ENSP00000310275	BANF1	43	GFDKAYVVLGQ		psite
ENSP00000303507	BCR	58	RFRMIYLQTLL		psite
ENSP00000303507	BCR	177	AEKPFYVNVEF	ABL1	psite
ENSP00000303507	BCR	177	AEKPFYVNVEF	HCK	psite
ENSP00000303507	BCR	177	AEKPFYVNVEF	FYN	psite
ENSP00000303507	BCR	177	AEKPFYVNVEF	LYN	psite
ENSP00000303507	BCR	231	ASRPPYRGRSS		psite
ENSP00000303507	BCR	246	GVDGDYEDAEL	FES	psite
ENSP00000303507	BCR	276	WPPLEYQPYQS		psite
ENSP00000303507	BCR	279	LEYQPYQSIYV		psite
ENSP00000303507	BCR	283	PYQSIYVGGMM		psite
ENSP00000303507	BCR	328	DCGGGYTPDCS		psite
ENSP00000303507	BCR	360	PSPTTYRMFRD		psite
ENSP00000303507	BCR	436	GTPPGYGCAAD		psite
ENSP00000303507	BCR	455	QDGLPYIDDSP		psite
ENSP00000303507	BCR	513	ASEETYLSHLE		psite
ENSP00000303507	BCR	554	KVPELYEIHKE		psite
ENSP00000303507	BCR	561	IHKEFYDGLFP		psite
ENSP00000303507	BCR	591	SQLGVYRAFVD		psite
ENSP00000303507	BCR	598	AFVDNYGVAME		psite
ENSP00000303507	BCR	644	LETLLYKPVDR		psite
ENSP00000303507	BCR	751	GKTQQYDCKWY		psite
ENSP00000303507	BCR	756	YDCKWYIPLTD		psite
ENSP00000303507	BCR	844	RNGKSYTFLIS		psite
ENSP00000303507	BCR	852	LISSDYERAEW		psite
ENSP00000303507	BCR	910	ESPGLYGFLNV		psite
ENSP00000414303	BDNF	273	CNPMGYTKEGC		psite
ENSP00000308176	BTK	40	HKLSYYEYDFE		psite
ENSP00000308176	BTK	223	KVVALYDYMPM	TEC	psite
ENSP00000308176	BTK	223	KVVALYDYMPM	ABL1	psite
ENSP00000308176	BTK	223	KVVALYDYMPM	ITK	psite
ENSP00000308176	BTK	223	KVVALYDYMPM	LYN	psite
ENSP00000308176	BTK	223	KVVALYDYMPM	BTK	psite
ENSP00000308176	BTK	225	VALYDYMPMNA		psite
ENSP00000308176	BTK	334	GVIRHYVVCST		psite
ENSP00000308176	BTK	344	TPQSQYYLAEK		psite
ENSP00000308176	BTK	345	PQSQYYLAEKH		psite
ENSP00000308176	BTK	361	PELINYHQHNS		psite
ENSP00000308176	BTK	375	ISRLKYPVSQQ		psite
ENSP00000308176	BTK	461	KLVQLYGVCTK		psite
ENSP00000308176	BTK	511	CEAMEYLESKQ		psite
ENSP00000308176	BTK	551	VLDDEYTSSVG	SYK	psite
ENSP00000308176	BTK	551	VLDDEYTSSVG	LYN	psite
ENSP00000308176	BTK	551	VLDDEYTSSVG	BTK	psite
ENSP00000359206	BTRC	474	IACLQYRDRLV		psite
ENSP00000359206	BTRC	600	SPSRTYTYISR		psite
ENSP00000272298	CALM2	100	KDGNGYISAAE		psite
ENSP00000291295	CALM3	100	KDGNGYISAAE		psite
ENSP00000349467	CALM1	100	KDGNGYISAAE		psite
ENSP00000272298	CALM2	139	DGQVNYEEFVQ		psite
ENSP00000291295	CALM3	139	DGQVNYEEFVQ		psite
ENSP00000349467	CALM1	139	DGQVNYEEFVQ		psite
ENSP00000381412	CAMK2A	230	IKAGAYDFPSP		psite
ENSP00000258682	CAMK2B	231	IKAGAYDFPSP		psite
ENSP00000339740	CAMK2D	231	IKAGAYDFPSP		psite
ENSP00000264033	CBL	141	GKERMYEENSQ		psite
ENSP00000264033	CBL	368	VTQEQYELYCE		psite
ENSP00000264033	CBL	371	EQYELYCEMGS		psite
ENSP00000264033	CBL	455	APSPNYDDDDD		psite
ENSP00000264033	CBL	552	PPDRPYSVGAE		psite
ENSP00000264033	CBL	674	SANAIYSLAAR		psite
ENSP00000264033	CBL	700	EEDTEYMTPSS	SYK	psite
ENSP00000264033	CBL	700	EEDTEYMTPSS	LCK	psite
ENSP00000264033	CBL	700	EEDTEYMTPSS	FYN	psite
ENSP00000264033	CBL	731	IDSCTYEAMYN	SYK	psite
ENSP00000264033	CBL	731	IDSCTYEAMYN	SRC	psite
ENSP00000264033	CBL	731	IDSCTYEAMYN	LCK	psite
ENSP00000264033	CBL	731	IDSCTYEAMYN	FYN	psite
ENSP00000264033	CBL	735	TYEAMYNIQSQ		psite
ENSP00000264033	CBL	774	NEDDGYDVPKP	SYK	psite
ENSP00000264033	CBL	774	NEDDGYDVPKP	SRC	psite
ENSP00000264033	CBL	774	NEDDGYDVPKP	LCK	psite
ENSP00000264033	CBL	774	NEDDGYDVPKP	FYN	psite
ENSP00000264122	CBLB	92	LILSKYDDNQK		psite
ENSP00000264122	CBLB	106	LSENEYFKIYI		psite
ENSP00000264122	CBLB	337	PDGRSYNPDLT		psite
ENSP00000264122	CBLB	360	VTQEQYELYCE		psite
ENSP00000264122	CBLB	363	EQYELYCEMGS		psite
ENSP00000264122	CBLB	665	LGSEEYDVPPR		psite
ENSP00000264122	CBLB	709	EDDDEYKIPSS		psite
ENSP00000264122	CBLB	763	PDLSIYLKGDV		psite
ENSP00000264122	CBLB	802	RTPSDYDLLIP		psite
ENSP00000264122	CBLB	889	RTSQDYDQLPS		psite
ENSP00000270279	CBLC	144	FPGGKYCGHMY		psite
ENSP00000270279	CBLC	341	EQLQLYWAMDS	SRC	psite
ENSP00000270279	CBLC	402	EAVSIYQFHGQ		psite
ENSP00000227507	CCND1	226	NNFLSYYRLTR		psite
ENSP00000296140	CCR1	41	LLPPLYSLVFV		psite
ENSP00000292301	CCR2	139	LTIDRYLAIVH	JAK2	psite
ENSP00000292303	CCR5	339	RASSVYTRSTG		psite
ENSP00000246657	CCR7	65	FLPIMYSIICF		psite
ENSP00000310036	CD34	286	ASHQSYSQKTL		psite
ENSP00000310036	CD34	329	LGEDPYYTENG		psite
ENSP00000310036	CD34	330	GEDPYYTENGG		psite
ENSP00000310036	CD34	339	GGGQGYSSGPG		psite
ENSP00000354566	CD3E	188	VPNPDYEPIRK	FYN	psite
ENSP00000354566	CD3E	199	GQRDLYSGLNQ	FYN	psite
ENSP00000356346	PTPRC	681	QNKNRYVDILP		psite
ENSP00000356346	PTPRC	687	VDILPYDYNRV		psite
ENSP00000356346	PTPRC	689	ILPYDYNRVEL		psite
ENSP00000356346	PTPRC	705	DAGSNYINASY		psite
ENSP00000356346	PTPRC	710	YINASYIDGFK		psite
ENSP00000356346	PTPRC	763	NKCAEYWPSME		psite
ENSP00000356346	PTPRC	790	KRCPDYIIQKL		psite
ENSP00000356346	PTPRC	978	SNVIPYDYNRV		psite
ENSP00000356346	PTPRC	980	VIPYDYNRVPL		psite
ENSP00000356346	PTPRC	1216	STFEQYQFLYD	CSK	psite
ENSP00000377914	CIAPIN1	278	ACGNCYLGDAF		psite
ENSP00000377914	CIAPIN1	290	CASCPYLGMPA		psite
ENSP00000301843	CTTN	84	KASHGYGGKFG		psite
ENSP00000301843	CTTN	104	AVGHEYQSKLS		psite
ENSP00000301843	CTTN	141	AVGFEYQGKTE		psite
ENSP00000301843	CTTN	154	ASQKDYSSGFG		psite
ENSP00000301843	CTTN	162	GFGGKYGVQAD		psite
ENSP00000301843	CTTN	178	AVGFDYQGKTE		psite
ENSP00000301843	CTTN	215	AVGFEYQGKTE		psite
ENSP00000301843	CTTN	228	ESQKDYVKGFG		psite
ENSP00000301843	CTTN	265	ESQKDYKTGFG		psite
ENSP00000301843	CTTN	289	AVGFDYKEKLA		psite
ENSP00000301843	CTTN	302	ESQQDYSKGFG		psite
ENSP00000301843	CTTN	310	GFGGKYGVQKD		psite
ENSP00000301843	CTTN	334	QVSSAYQKTVP	SRC	psite
ENSP00000301843	CTTN	421	PSSPVYEDAAS		psite
ENSP00000301843	CTTN	433	KAELSYRGPVS		psite
ENSP00000301843	CTTN	446	EPEPVYSMEAA		psite
ENSP00000301843	CTTN	453	MEAADYREASS		psite
ENSP00000301843	CTTN	464	QQGLAYATEAV		psite
ENSP00000301843	CTTN	470	ATEAVYESAEA	SRC	psite
ENSP00000301843	CTTN	479	EAPGHYPAEDS		psite
ENSP00000301843	CTTN	486	AEDSTYDEYEN	SRC	psite
ENSP00000301843	CTTN	486	AEDSTYDEYEN	ABL1	psite
ENSP00000301843	CTTN	538	VCKGRYGLFPA		psite
ENSP00000301843	CTTN	545	LFPANYVELRQ		psite
ENSP00000346300	CRKL	48	TCPGDYVLSVS		psite
ENSP00000346300	CRKL	92	FYKIHYLDTTT		psite
ENSP00000346300	CRKL	127	EDNLEYVRTLY		psite
ENSP00000346300	CRKL	132	YVRTLYDFPGN		psite
ENSP00000346300	CRKL	198	RNSNSYGIPEP		psite
ENSP00000346300	CRKL	207	EPAHAYAQPQT	ABL1	psite
ENSP00000346300	CRKL	251	RVPCAYDKTAL		psite
ENSP00000384053	CSF2RB	466	RFCGIYGYRLR	LYN	psite
ENSP00000384053	CSF2RB	468	CGIYGYRLRRK	LYN	psite
ENSP00000384053	CSF2RB	593	DFNGPYLGPPH		psite
ENSP00000384053	CSF2RB	628	PGSLEYLCLPA		psite
ENSP00000384053	CSF2RB	711	GVASGYVSSAD		psite
ENSP00000384053	CSF2RB	766	SGFEGYVELPP		psite
ENSP00000384053	CSF2RB	822	QQVGDYCFLPG	LYN	psite
ENSP00000384053	CSF2RB	882	LKQQDYLSLPP	LYN	psite
ENSP00000303939	CTLA4	60	SFVCEYASPGK		psite
ENSP00000303939	CTLA4	201	LTTGVYVKMPP		psite
ENSP00000303939	CTLA4	218	KQFQPYFIPIN		psite
ENSP00000326804	CUL1	425	ELLARYCDSLL		psite
ENSP00000363548	CXCL12	82	KWIQEYLEKAL		psite
ENSP00000386884	CXCR4	161	AEKVVYVGVWI		psite
ENSP00000367851	CYBB	41	PPKFFYTRKLL		psite
ENSP00000416583	DERA	302	IERQIYHHVTG		psite
ENSP00000262375	DNAJA3	113	EIKKAYYQLAK		psite
ENSP00000262375	DNAJA3	114	IKKAYYQLAKK		psite
ENSP00000328547	DNMT3B	815	GFPVHYTDVSN		psite
ENSP00000315011	EDNRA	184	LSVDRYRAVAS		psite
ENSP00000315011	EDNRA	389	LCCCCYQSKSL		psite
ENSP00000265171	EGF	1170	FHMPSYGTQTL		psite
ENSP00000275493	EGFR	585	IQCAHYIDGPH		psite
ENSP00000275493	EGFR	727	AFGTVYKGLWI	SRC	psite
ENSP00000275493	EGFR	764	ILDEAYVMASV	SRC	psite
ENSP00000275493	EGFR	827	AKGMNYLEDRR		psite
ENSP00000275493	EGFR	869	AEEKEYHAEGG	SRC	psite
ENSP00000275493	EGFR	869	AEEKEYHAEGG	EGFR	psite
ENSP00000275493	EGFR	944	CTIDVYMIMVK		psite
ENSP00000275493	EGFR	978	RDPQRYLVIQG		psite
ENSP00000275493	EGFR	998	TDSNFYRALMD		psite
ENSP00000275493	EGFR	1016	VDADEYLIPQQ	SRC	psite
ENSP00000275493	EGFR	1016	VDADEYLIPQQ	ABL1	psite
ENSP00000275493	EGFR	1016	VDADEYLIPQQ	EGFR	psite
ENSP00000275493	EGFR	1069	SFLQRYSSDPT		psite
ENSP00000275493	EGFR	1092	LPVPEYINQSV	ABL1	psite
ENSP00000275493	EGFR	1092	LPVPEYINQSV	EGFR	psite
ENSP00000275493	EGFR	1110	VQNPVYHNQPL	EGFR	psite
ENSP00000275493	EGFR	1125	SRDPHYQDPHS	SRC	psite
ENSP00000275493	EGFR	1138	VGNPEYLNTVQ		psite
ENSP00000275493	EGFR	1172	LDNPDYQQDFF	EGFR	psite
ENSP00000275493	EGFR	1197	AENAEYLRVAP	ABL1	psite
ENSP00000275493	EGFR	1197	AENAEYLRVAP	EGFR	psite
ENSP00000350967	ELP2	752	GKICLYTWKKT		psite
ENSP00000297494	NOS3	81	VGSITYDTLSA		psite
ENSP00000297494	NOS3	657	LGSRAYPHFCA	PTK2B	psite
ENSP00000301607	EVPL	133	QECAEYRALYE		psite
ENSP00000301607	EVPL	752	DAALTYQQFKN		psite
ENSP00000301607	EVPL	963	EVVEFYRDPQL		psite
ENSP00000301607	EVPL	1352	AEDAVYELQSK		psite
ENSP00000301607	EVPL	1520	QEKTIYKEVIR		psite
ENSP00000301607	EVPL	1653	EKDQIYEKERT		psite
ENSP00000301607	EVPL	1700	KDMSPYEAYKR		psite
ENSP00000301607	EVPL	1703	SPYEAYKRGII		psite
ENSP00000301607	EVPL	1993	KERLSYKEAMG		psite
ENSP00000301607	EVPL	2018	AALEGYRCYRS		psite
ENSP00000222139	EPOR	309	FQLWLYQNDGC		psite
ENSP00000222139	EPOR	368	HAQDTYLVLDK		psite
ENSP00000222139	EPOR	426	AASFEYTILDP		psite
ENSP00000222139	EPOR	454	PPHLKYLYLVV		psite
ENSP00000222139	EPOR	456	HLKYLYLVVSD		psite
ENSP00000222139	EPOR	468	GISTDYSSGDS		psite
ENSP00000222139	EPOR	485	LSDGPYSNPYE		psite
ENSP00000222139	EPOR	489	PYSNPYENSLI		psite
ENSP00000206249	ESR1	52	SKPAVYNYPEG	ABL1	psite
ENSP00000206249	ESR1	219	QGHNDYMCPAT	ABL1	psite
ENSP00000206249	ESR1	537	NVVPLYDLLLE	SRC	psite
ENSP00000206249	ESR1	537	NVVPLYDLLLE	LCK	psite
ENSP00000263025	MAPK3	130	METDLYKLLKS		psite
ENSP00000263025	MAPK3	204	GFLTEYVATRW	MAPK3	psite
ENSP00000263025	MAPK3	204	GFLTEYVATRW	JAK2	psite
ENSP00000263025	MAPK3	204	GFLTEYVATRW	MAP2K1	psite
ENSP00000263025	MAPK3	204	GFLTEYVATRW	MAP2K2	psite
ENSP00000263025	MAPK3	204	GFLTEYVATRW	RET	psite
ENSP00000263025	MAPK3	210	VATRWYRAPEI		psite
ENSP00000215832	MAPK1	36	IGEGAYGMVCS		psite
ENSP00000215832	MAPK1	43	MVCSAYDNVNK		psite
ENSP00000215832	MAPK1	113	METDLYKLLKT		psite
ENSP00000215832	MAPK1	187	GFLTEYVATRW	JAK2	psite
ENSP00000215832	MAPK1	187	GFLTEYVATRW	MAP2K1	psite
ENSP00000215832	MAPK1	187	GFLTEYVATRW	RET	psite
ENSP00000215832	MAPK1	193	VATRWYRAPEI		psite
ENSP00000215832	MAPK1	263	LKARNYLLSLP		psite
ENSP00000341189	PTK2	148	TLNFFYQQVKS		psite
ENSP00000341189	PTK2	155	QVKSDYMLEIA		psite
ENSP00000341189	PTK2	194	EKKSNYEVLEK	PDGFRB	psite
ENSP00000341189	PTK2	194	EKKSNYEVLEK	SRC	psite
ENSP00000341189	PTK2	194	EKKSNYEVLEK	BMX	psite
ENSP00000341189	PTK2	194	EKKSNYEVLEK	MET	psite
ENSP00000341189	PTK2	194	EKKSNYEVLEK	EGFR	psite
ENSP00000341189	PTK2	347	DLIDGYCRLVN		psite
ENSP00000341189	PTK2	397	SETDDYAEIID	SRC	psite
ENSP00000341189	PTK2	397	SETDDYAEIID	FGR	psite
ENSP00000341189	PTK2	397	SETDDYAEIID	MET	psite
ENSP00000341189	PTK2	397	SETDDYAEIID	PTK2	psite
ENSP00000341189	PTK2	407	DEEDTYTMPST	SRC	psite
ENSP00000341189	PTK2	407	DEEDTYTMPST	PTK2B	psite
ENSP00000341189	PTK2	407	DEEDTYTMPST	MET	psite
ENSP00000341189	PTK2	407	DEEDTYTMPST	PTK2	psite
ENSP00000341189	PTK2	441	VHQGIYMSPEN	SRC	psite
ENSP00000341189	PTK2	441	VHQGIYMSPEN	BMX	psite
ENSP00000341189	PTK2	570	FGLSRYMEDST		psite
ENSP00000341189	PTK2	576	MEDSTYYKASK	SRC	psite
ENSP00000341189	PTK2	576	MEDSTYYKASK	FGR	psite
ENSP00000341189	PTK2	576	MEDSTYYKASK	BMX	psite
ENSP00000341189	PTK2	576	MEDSTYYKASK	MET	psite
ENSP00000341189	PTK2	576	MEDSTYYKASK	PTK2	psite
ENSP00000341189	PTK2	576	MEDSTYYKASK	RET	psite
ENSP00000341189	PTK2	577	EDSTYYKASKG	SRC	psite
ENSP00000341189	PTK2	577	EDSTYYKASKG	BMX	psite
ENSP00000341189	PTK2	577	EDSTYYKASKG	MET	psite
ENSP00000341189	PTK2	577	EDSTYYKASKG	PTK2	psite
ENSP00000341189	PTK2	577	EDSTYYKASKG	RET	psite
ENSP00000341189	PTK2	720	PSRPGYPSPRS		psite
ENSP00000341189	PTK2	742	VQTNHYQVSGY	SRC	psite
ENSP00000341189	PTK2	742	VQTNHYQVSGY	BMX	psite
ENSP00000341189	PTK2	761	MAGSIYPGQAS		psite
ENSP00000341189	PTK2	861	GNQHIYQPVGK	SRC	psite
ENSP00000341189	PTK2	861	GNQHIYQPVGK	BMX	psite
ENSP00000341189	PTK2	861	GNQHIYQPVGK	MET	psite
ENSP00000341189	PTK2	861	GNQHIYQPVGK	RET	psite
ENSP00000281092	FER	114	QVKKSYIGVHQ		psite
ENSP00000281092	FER	200	HQNQYYDITLP		psite
ENSP00000281092	FER	229	GIFDEYSQITS		psite
ENSP00000281092	FER	402	PPVVNYEEDAR		psite
ENSP00000281092	FER	497	YVLSVYSDGQR		psite
ENSP00000281092	FER	615	KILKQYDHPNI	FER	psite
ENSP00000281092	FER	714	EDGGVYSSSGL	FER	psite
ENSP00000281092	FER	734	PEALNYGRYSS		psite
ENSP00000331504	FES	156	QAKRKYQEASK		psite
ENSP00000331504	FES	261	QPEAEYQGFLR		psite
ENSP00000331504	FES	614	RILKQYSHPNI		psite
ENSP00000331504	FES	713	EADGVYAASGG	FES	psite
ENSP00000331504	FES	734	PEALNYGRYSS		psite
ENSP00000331504	FES	811	SFSTIYQELQS	FES	psite
ENSP00000264498	FGF2	245	LESNNYNTYRS		psite
ENSP00000380280	FGFR1	581	PPGLEYCYNPS	FGFR1	psite
ENSP00000336752	FIP1L1	27	EEEWLYGGPWD		psite
ENSP00000336752	FIP1L1	110	TGAPQYGSYGT	SRC	psite
ENSP00000336752	FIP1L1	113	PQYGSYGTAPV		psite
ENSP00000336752	FIP1L1	129	TGGRVYGTTGT		psite
ENSP00000336752	FIP1L1	175	ADLSDYFNYGF		psite
ENSP00000336752	FIP1L1	426	ARAFPYGNVAF		psite
ENSP00000336752	FIP1L1	453	SKQWDYYARRE		psite
ENSP00000336752	FIP1L1	454	KQWDYYARREK		psite
ENSP00000336752	FIP1L1	505	SDEERYRYREY		psite
ENSP00000336752	FIP1L1	510	YRYREYAERGY		psite
ENSP00000336752	FIP1L1	515	YAERGYERHRA		psite
ENSP00000346839	FN1	101	TCFDKYTGNTY		psite
ENSP00000346839	FN1	372	NGRTFYSCTTE		psite
ENSP00000346839	FN1	588	VRYQCYCYGRG		psite
ENSP00000346839	FN1	937	SAVTGYRVDVI		psite
ENSP00000346839	FN1	1042	GQPRQYNVGPS		psite
ENSP00000346839	FN1	1206	PDITGYRITTT		psite
ENSP00000346839	FN1	1975	YKIYLYTLNDN		psite
ENSP00000346839	FN1	2441	TTGQSYNQYSQ		psite
ENSP00000346839	FN1	2444	QSYNQYSQRYH		psite
ENSP00000306245	FOS	10	GFNADYEASSS		psite
ENSP00000306245	FOS	30	DSLSYYHSPAD		psite
ENSP00000357656	FYN	28	NQSSGYRYGTD	PDGFRB	psite
ENSP00000357656	FYN	28	NQSSGYRYGTD	FYN	psite
ENSP00000357656	FYN	30	SSGYRYGTDPT	FYN	psite
ENSP00000357656	FYN	39	PTPQHYPSFGV	FYN	psite
ENSP00000357656	FYN	91	LFVALYDYEAR		psite
ENSP00000357656	FYN	185	TTKGAYSLSIR		psite
ENSP00000357656	FYN	213	LDNGGYYITTR		psite
ENSP00000357656	FYN	214	DNGGYYITTRA		psite
ENSP00000357656	FYN	339	SEEPIYIVTEY		psite
ENSP00000357656	FYN	420	IEDNEYTARQG	FYN	psite
ENSP00000357656	FYN	440	PEAALYGRFTI		psite
ENSP00000357656	FYN	531	ATEPQYQPGEN		psite
ENSP00000357656	FYN	420	IEDNEYTARQG		psite
ENSP00000348578	G3BP1	56	PADAVYGQKEI	LCK	psite
ENSP00000348578	G3BP1	125	VANKFYVHNDI		psite
ENSP00000348578	G3BP1	133	NDIFRYQDEVF	SRC	psite
ENSP00000229239	GAPDH	42	FIDLNYMVYMF	SRC	psite
ENSP00000229239	GAPDH	45	LNYMVYMFQYD		psite
ENSP00000229239	GAPDH	49	VYMFQYDSTHG		psite
ENSP00000229239	GAPDH	94	DAGAEYVVEST		psite
ENSP00000229239	GAPDH	140	VNHEKYDNSLK		psite
ENSP00000229239	GAPDH	255	EKPAKYDDIKK		psite
ENSP00000229239	GAPDH	276	KGILGYTEHQV		psite
ENSP00000229239	GAPDH	314	KLISWYDNEFG		psite
ENSP00000229239	GAPDH	320	DNEFGYSNRVV		psite
ENSP00000312673	GH1	68	PKEQKYSFLQN		psite
ENSP00000230882	GHR	534	LMDNAYFCEAD		psite
ENSP00000230882	GHR	566	NQEDIYITTES		psite
ENSP00000230882	GHR	627	LSSCGYVSTDQ		psite
ENSP00000338799	IL6ST	309	EDGKGYWSDWS		psite
ENSP00000338799	IL6ST	396	LTNDRYLATLT		psite
ENSP00000338799	IL6ST	759	SSTVQYSTVVH		psite
ENSP00000338799	IL6ST	767	VVHSGYRHQVP		psite
ENSP00000338799	IL6ST	814	LPRQQYFKQNC		psite
ENSP00000338799	IL6ST	905	GMPKSYLPQTV		psite
ENSP00000381793	GRB10	67	SLESLYSACSM	SRC	psite
ENSP00000381793	GRB10	67	SLESLYSACSM	FYN	psite
ENSP00000381793	GRB10	404	YGMLLYQNYRI		psite
ENSP00000339007	GRB2	37	CDQNWYKAELN	JAK2	psite
ENSP00000339007	GRB2	52	FIPKNYIEMKP	JAK2	psite
ENSP00000339007	GRB2	160	PQQPTYVQALF	ALK	psite
ENSP00000339007	GRB2	209	MFPRNYVTPVN	JAK2	psite
ENSP00000335620	GSTA1	9	KPKLHYFNARG		psite
ENSP00000335620	GSTA1	49	LRNDGYLMFQQ		psite
ENSP00000335620	GSTA1	74	RAILNYIASKY		psite
ENSP00000335620	GSTA1	79	YIASKYNLYGK		psite
ENSP00000335620	GSTA1	132	KIKNRYFPAFE		psite
ENSP00000335620	GSTA1	147	SHGQDYLVGNK		psite
ENSP00000420168	GSTA2	49	LRNDGYLMFQQ		psite
ENSP00000420168	GSTA2	74	RAILNYIASKY		psite
ENSP00000420168	GSTA2	79	YIASKYNLYGK		psite
ENSP00000420168	GSTA2	132	KTKNRYFPAFE		psite
ENSP00000420168	GSTA2	147	SHGQDYLVGNK		psite
ENSP00000211122	GSTA3	74	RAILNYIASKY		psite
ENSP00000211122	GSTA3	79	YIASKYNLYGK		psite
ENSP00000211122	GSTA3	147	SHGQDYLVGNK		psite
ENSP00000322542	GTF2I	248	SEDPDYYQYNI	SRC	psite
ENSP00000322542	GTF2I	249	EDPDYYQYNIQ	SRC	psite
ENSP00000322542	GTF2I	398	HVEDLYVEGLP		psite
ENSP00000322542	GTF2I	460	VKEEWYARITK		psite
ENSP00000322542	GTF2I	503	HPNDLYVEGLP		psite
ENSP00000322542	GTF2I	519	RSPSWYGIPRL		psite
ENSP00000322542	GTF2I	920	FKAPSYLEISS		psite
ENSP00000322542	GTF2I	398	HVEDLYVEGLP	BTK	psite
ENSP00000322542	GTF2I	503	HPNDLYVEGLP	BTK	psite
ENSP00000322542	GTF2I	652	ELVISYLPPGM	SRC	psite
ENSP00000254810	H3F3B	42	KKPHRYRPGTV		psite
ENSP00000355778	H3F3A	42	KKPHRYRPGTV		psite
ENSP00000254810	H3F3B	55	REIRRYQKSTE		psite
ENSP00000355778	H3F3A	55	REIRRYQKSTE		psite
ENSP00000269571	ERBB2	735	AFGTVYKGIWI		psite
ENSP00000269571	ERBB2	772	ILDEAYVMAGV		psite
ENSP00000269571	ERBB2	877	IDETEYHADGG	ERBB2	psite
ENSP00000269571	ERBB2	1005	LDSTFYRSLLE		psite
ENSP00000269571	ERBB2	1023	VDAEEYLVPQQ	ERBB2	psite
ENSP00000269571	ERBB2	1112	SPLQRYSEDPT	ERBB2	psite
ENSP00000269571	ERBB2	1127	SETDGYVAPLT		psite
ENSP00000269571	ERBB2	1139	SPQPEYVNQPD	ERBB2	psite
ENSP00000269571	ERBB2	1196	VENPEYLTPQG	ERBB2	psite
ENSP00000269571	ERBB2	1221	AFDNLYYWDQD	ERBB2	psite
ENSP00000269571	ERBB2	1222	FDNLYYWDQDP	ERBB2	psite
ENSP00000269571	ERBB2	1248	AENPEYLGLDV	ERBB2	psite
ENSP00000267101	ERBB3	868	DKQLLYSEAKT		psite
ENSP00000267101	ERBB3	1054	SPSSGYMPMNQ		psite
ENSP00000267101	ERBB3	1132	RGDSAYHSQRH		psite
ENSP00000267101	ERBB3	1159	EDVNGYVMPDT		psite
ENSP00000267101	ERBB3	1197	DEDEEYEYMNR		psite
ENSP00000267101	ERBB3	1199	DEEYEYMNRRR		psite
ENSP00000267101	ERBB3	1222	LEELGYEYMDV		psite
ENSP00000267101	ERBB3	1260	TPDEDYEYMNR		psite
ENSP00000267101	ERBB3	1262	DEDYEYMNRQR		psite
ENSP00000267101	ERBB3	1276	GPGGDYAAMGA		psite
ENSP00000267101	ERBB3	1289	ASEQGYEEMRA		psite
ENSP00000267101	ERBB3	1307	APHVHYARLKT		psite
ENSP00000267101	ERBB3	1328	FDNPDYWHSRL		psite
ENSP00000333277	HIST2H3D	42	KKPHRYRPGTV		psite
ENSP00000358154	HIST2H3C	42	KKPHRYRPGTV		psite
ENSP00000385479	HIST2H3A	42	KKPHRYRPGTV		psite
ENSP00000333277	HIST2H3D	55	REIRRYQKSTE		psite
ENSP00000358154	HIST2H3C	55	REIRRYQKSTE		psite
ENSP00000385479	HIST2H3A	55	REIRRYQKSTE		psite
ENSP00000355657	HIST3H3	42	KKPHRYRPGTV		psite
ENSP00000355657	HIST3H3	55	REIRRYQKSTE		psite
ENSP00000309845	HRAS	32	HFVDEYDPTIE		psite
ENSP00000309845	HRAS	40	TIEDSYRKQVV		psite
ENSP00000309845	HRAS	64	AGQEEYSAMRD		psite
ENSP00000309845	HRAS	157	VEDAFYTLVRE		psite
ENSP00000227378	HSPA8	15	DLGTTYSCVGV		psite
ENSP00000227378	HSPA8	41	RTTPSYVAFTD		psite
ENSP00000227378	HSPA8	107	KVQVEYKGETK		psite
ENSP00000227378	HSPA8	134	EIAEAYLGKTV		psite
ENSP00000227378	HSPA8	525	QEAEKYKAEDE		psite
ENSP00000335153	HSP90AA1	160	IINTFYSNKEI		psite
ENSP00000335153	HSP90AA1	183	LDKIRYESLTD		psite
ENSP00000335153	HSP90AA1	319	EDQTEYLEERR		psite
ENSP00000335153	HSP90AA1	406	KIKEKYIDQEE		psite
ENSP00000335153	HSP90AA1	435	EYGEFYKSLTN		psite
ENSP00000335153	HSP90AA1	560	NYKKFYEQFSK		psite
ENSP00000335153	HSP90AA1	588	ELLRYYTSASG		psite
ENSP00000335153	HSP90AA1	614	NQKHIYYITGE		psite
ENSP00000335153	HSP90AA1	615	QKHIYYITGET		psite
ENSP00000335153	HSP90AA1	650	EPIDEYCVQQL		psite
ENSP00000335153	HSP90AA1	726	IVTSTYGWTAN		psite
ENSP00000335153	HSP90AA1	749	NSTMGYMAAKK		psite
ENSP00000335153	HSP90AA1	811	HANRIYRMIKL		psite
ENSP00000325875	HSP90AB1	33	IINTFYSNKEI		psite
ENSP00000325875	HSP90AB1	56	LDKIRYESLTD		psite
ENSP00000325875	HSP90AB1	192	EDQTEYLEERR		psite
ENSP00000325875	HSP90AB1	276	KIKEKYIDQEE		psite
ENSP00000325875	HSP90AB1	301	ITQEEYGEFYK	SRC	psite
ENSP00000325875	HSP90AB1	305	EYGEFYKSLTN		psite
ENSP00000325875	HSP90AB1	484	TQKSIYYITGE		psite
ENSP00000325875	HSP90AB1	485	QKSIYYITGES		psite
ENSP00000325875	HSP90AB1	520	EPIDEYCVQQL		psite
ENSP00000325875	HSP90AB1	596	IVTSTYGWTAN		psite
ENSP00000325875	HSP90AB1	619	NSTMGYMMAKK		psite
ENSP00000264832	ICAM1	501	AGLSTYLYNRQ		psite
ENSP00000264832	ICAM1	512	RKIKKYRLQQA		psite
ENSP00000270139	IFNAR1	466	LRCINYVFFPS	TYK2	psite
ENSP00000270139	IFNAR1	481	SSIDEYFSEQP	TYK2	psite
ENSP00000270139	IFNAR1	538	QDSGNYSNEDE		psite
ENSP00000343957	IFNAR2	269	LKWIGYICLRN		psite
ENSP00000343957	IFNAR2	306	MVEVIYINRKK		psite
ENSP00000343957	IFNAR2	316	KKVWDYNYDDE		psite
ENSP00000343957	IFNAR2	318	VWDYNYDDESD		psite
ENSP00000343957	IFNAR2	337	TSGGGYTMHGL		psite
ENSP00000343957	IFNAR2	411	FPEEDYSSTEG		psite
ENSP00000229135	IFNG	22	GSLGCYCQDPY		psite
ENSP00000356713	IFNGR1	304	KPESKYVSLIT		psite
ENSP00000356713	IFNGR1	311	SLITSYQPFSL		psite
ENSP00000356713	IFNGR1	397	IALNSYHSRNC		psite
ENSP00000356713	IFNGR1	457	PTSFGYDKPHV		psite
ENSP00000268035	IGF1R	131	KDIGLYNLRNI		psite
ENSP00000268035	IGF1R	577	KPWTQYAVYVK		psite
ENSP00000268035	IGF1R	580	TQYAVYVKAVT		psite
ENSP00000268035	IGF1R	973	GNGVLYASVNP		psite
ENSP00000268035	IGF1R	980	SVNPEYFSAAD	IGF1R	psite
ENSP00000268035	IGF1R	1014	SFGMVYEGVAK		psite
ENSP00000268035	IGF1R	1161	MTRDIYETDYY	IGF1R	psite
ENSP00000268035	IGF1R	1165	IYETDYYRKGG	IGF1R	psite
ENSP00000268035	IGF1R	1166	YETDYYRKGGK	IGF1R	psite
ENSP00000268035	IGF1R	1280	REVSFYYSEEN	IGF1R	psite
ENSP00000268035	IGF1R	1281	EVSFYYSEENK	IGF1R	psite
ENSP00000268035	IGF1R	1346	DERQPYAHMNG		psite
ENSP00000216797	NFKBIA	42	MKDEEYEQMVK	LCK	psite
ENSP00000216797	NFKBIA	42	MKDEEYEQMVK	INSR	psite
ENSP00000216797	NFKBIA	305	EDELPYDDCVF	ABL1	psite
ENSP00000358622	IKBKG	442	PPAPAYLSSPL		psite
ENSP00000233946	IL1R1	496	EKIQDYEKMPE		psite
ENSP00000227752	IL10RA	446	VAFQGYLRQTR		psite
ENSP00000227752	IL10RA	496	ALAKGYLKQDP		psite
ENSP00000360730	IL13RA1	405	KKYDIYEKQTK		psite
ENSP00000280357	IL18	37	NLESDYFGKLE		psite
ENSP00000226730	IL2	65	LTFKFYMPKKA		psite
ENSP00000270800	IL22RA1	251	LCYLSYRYVTK		psite
ENSP00000270800	IL22RA1	301	AQPVQYSQIRV		psite
ENSP00000321345	IL23R	51	MNISIYCQAAI		psite
ENSP00000263379	IL27RA	613	PLDSGYEKHFL		psite
ENSP00000216223	IL2RB	364	FTNQGYFFFHL		psite
ENSP00000216223	IL2RB	381	EACQVYFTYDP	LCK	psite
ENSP00000216223	IL2RB	384	QVYFTYDPYSE	LCK	psite
ENSP00000216223	IL2RB	387	FTYDPYSEEDP	LCK	psite
ENSP00000216223	IL2RB	418	GEDDAYCTFPS	LCK	psite
ENSP00000216223	IL2RB	536	LNTDAYLSLQE	LCK	psite
ENSP00000170630	IL4R	497	AGNPAYRSFSN		psite
ENSP00000170630	IL4R	713	GSGIVYSALTC		psite
ENSP00000256452	IL5RA	65	NVNLEYQVKIN		psite
ENSP00000357470	IL6R	457	DPRSPYDISNT		psite
ENSP00000306157	IL7R	449	NQEEAYVTMSS		psite
ENSP00000274520	IL9	85	TMQTRYPLIFS		psite
ENSP00000244174	IL9R	407	VQTLAYLPQED		psite
ENSP00000303830	INSR	94	LLFRVYGLESL		psite
ENSP00000303830	INSR	401	KIRRSYALVSL		psite
ENSP00000303830	INSR	818	RHFTGYRIELQ		psite
ENSP00000303830	INSR	992	PLGPLYASSNP	INSR	psite
ENSP00000303830	INSR	999	SSNPEYLSASD	INSR	psite
ENSP00000303830	INSR	1011	FPCSVYVPDEW	INSR	psite
ENSP00000303830	INSR	1149	ADGMAYLNAKK		psite
ENSP00000303830	INSR	1185	MTRDIYETDYY	INSR	psite
ENSP00000303830	INSR	1189	IYETDYYRKGG	INSR	psite
ENSP00000303830	INSR	1190	YETDYYRKGGK	INSR	psite
ENSP00000303830	INSR	1355	GFKRSYEEHIP	INSR	psite
ENSP00000303830	INSR	1361	EEHIPYTHMNG	INSR	psite
ENSP00000303830	INSR	999	SSNPEYLSASD		psite
ENSP00000245414	IRF1	109	SAVRVYRMLPP		psite
ENSP00000304895	IRS1	46	PARLEYYENEK		psite
ENSP00000304895	IRS1	47	ARLEYYENEKK		psite
ENSP00000304895	IRS1	87	HLVALYTRDEH		psite
ENSP00000304895	IRS1	465	EELSNYICMGG		psite
ENSP00000304895	IRS1	483	APNGHYILSRG		psite
ENSP00000304895	IRS1	612	HTDDGYMPMSP		psite
ENSP00000304895	IRS1	632	KGSGDYMPMSP		psite
ENSP00000304895	IRS1	662	VDPNGYMMMSP		psite
ENSP00000304895	IRS1	695	PSGTSYGKLWT		psite
ENSP00000304895	IRS1	896	KSPGEYVNIEF		psite
ENSP00000304895	IRS1	941	TGTEEYMKMDL		psite
ENSP00000304895	IRS1	989	SSRGDYMTMQM		psite
ENSP00000304895	IRS1	1179	ENGLNYIDLDL		psite
ENSP00000365016	IRS2	75	PPRLEYYESEK		psite
ENSP00000365016	IRS2	76	PRLEYYESEKK		psite
ENSP00000365016	IRS2	184	GAEDSYGLVAP		psite
ENSP00000365016	IRS2	540	GGGEFYGYMTM		psite
ENSP00000365016	IRS2	542	GEFYGYMTMDR		psite
ENSP00000365016	IRS2	576	LRKRTYSLTTP		psite
ENSP00000365016	IRS2	598	ASLDEYTLMRA		psite
ENSP00000365016	IRS2	628	VAYHPYPEDYG		psite
ENSP00000365016	IRS2	632	PYPEDYGDIEI		psite
ENSP00000365016	IRS2	653	GADDGYMPMTP		psite
ENSP00000365016	IRS2	675	CRSDDYMPMSP		psite
ENSP00000365016	IRS2	742	PEDSGYMRMWC		psite
ENSP00000365016	IRS2	766	LPNGDYLNVSP		psite
ENSP00000365016	IRS2	803	VPGCCYSSLPR		psite
ENSP00000365016	IRS2	814	SYKAPYTCGGD		psite
ENSP00000365016	IRS2	823	GDSDQYVLMSS		psite
ENSP00000365016	IRS2	978	SPLSDYMNLDF		psite
ENSP00000365016	IRS2	1320	PPANTYASIDF		psite
ENSP00000007722	ITGA3	574	IISMNYSLPLR		psite
ENSP00000343204	JAK1	217	PKDISYKRYIP		psite
ENSP00000343204	JAK1	220	ISYKRYIPETL		psite
ENSP00000343204	JAK1	993	CKGMDYLGSRQ		psite
ENSP00000343204	JAK1	1034	ETDKEYYTVKD	JAK3	psite
ENSP00000343204	JAK1	1035	TDKEYYTVKDD	JAK3	psite
ENSP00000343204	JAK1	1125	CPDEVYQLMRK		psite
ENSP00000391676	JAK3	506	QPQSQYQLSQM		psite
ENSP00000391676	JAK3	785	LISSDYELLSD	JAK3	psite
ENSP00000391676	JAK3	904	RLVMEYLPSGC	JAK3	psite
ENSP00000391676	JAK3	929	SRLLLYSSQIC		psite
ENSP00000391676	JAK3	939	CKGMEYLGSRR	JAK3	psite
ENSP00000391676	JAK3	980	PLDKDYYVVRE	JAK3	psite
ENSP00000391676	JAK3	981	LDKDYYVVREP	JAK3	psite
ENSP00000298622	JAKMIP3	721	SKQKGYLDEEL		psite
ENSP00000298622	JAKMIP3	728	DEELDYRKQAL		psite
ENSP00000360266	JUN	170	SEPPVYANLSN	ABL1	psite
ENSP00000288135	KIT	362	DKWEDYPKSEN		psite
ENSP00000288135	KIT	547	ILTYKYLQKPM	KIT	psite
ENSP00000288135	KIT	553	LQKPMYEVQWK	KIT	psite
ENSP00000288135	KIT	568	INGNNYVYIDP	KIT	psite
ENSP00000288135	KIT	570	GNNYVYIDPTQ	KIT	psite
ENSP00000288135	KIT	578	PTQLPYDHKWE		psite
ENSP00000288135	KIT	609	VEATAYGLIKS		psite
ENSP00000288135	KIT	703	AEAALYKNLLH	KIT	psite
ENSP00000288135	KIT	721	DSTNEYMDMKP	KIT	psite
ENSP00000288135	KIT	730	KPGVSYVVPTK		psite
ENSP00000288135	KIT	747	VRIGSYIERDV		psite
ENSP00000288135	KIT	823	KNDSNYVVKGN	KIT	psite
ENSP00000288135	KIT	900	APAEMYDIMKT		psite
ENSP00000288135	KIT	936	STNHIYSNLAN	KIT	psite
ENSP00000337825	LCK	25	CENCHYPIVPL		psite
ENSP00000337825	LCK	51	DPLVTYEGSNP		psite
ENSP00000337825	LCK	192	DNGGFYISPRI		psite
ENSP00000337825	LCK	263	EVWMGYYNGHT		psite
ENSP00000337825	LCK	264	VWMGYYNGHTK		psite
ENSP00000337825	LCK	394	IEDNEYTAREG	LCK	psite
ENSP00000337825	LCK	414	PEAINYGTFTI		psite
ENSP00000337825	LCK	470	CPEELYQLMRL		psite
ENSP00000337825	LCK	489	RPTFDYLRSVL		psite
ENSP00000330393	LEPR	795	SSVKKYYIHDH		psite
ENSP00000330393	LEPR	796	SVKKYYIHDHF		psite
ENSP00000330393	LEPR	986	QPFVKYATLIS		psite
ENSP00000330393	LEPR	1079	KKSIYYLGVTS		psite
ENSP00000330393	LEPR	1141	KTFASYMPQFQ		psite
ENSP00000263409	LIFR	379	SFSGKYVRLKR		psite
ENSP00000263409	LIFR	807	QGKTSYHLVLR		psite
ENSP00000263409	LIFR	974	TAQVIYIDVQS		psite
ENSP00000345492	SH2B3	555	ARDSDYEMDSS		psite
ENSP00000231751	LTF	111	QPRTHYYAVAV		psite
ENSP00000231751	LTF	211	EPYFSYSGAFK		psite
ENSP00000231751	LTF	545	SNERYYGYTGA		psite
ENSP00000231751	LTF	547	ERYYGYTGAFR		psite
ENSP00000309871	RACGAP1	241	IETVPYWTRSR		psite
ENSP00000361548	MPL	591	QAQMDYRRLQP		psite
ENSP00000225275	MPO	482	PTYRSYNDSVD		psite
ENSP00000225275	MPO	500	TNAFRYGHTLI		psite
ENSP00000225275	MPO	723	FMSNSYPRDFV		psite
ENSP00000354558	MTOR	110	GRFANYLRNLL		psite
ENSP00000354558	MTOR	1232	EDPLIYQHRML		psite
ENSP00000354558	MTOR	1880	KTLLMYTVPAV		psite
ENSP00000354558	MTOR	2449	TRTDSYSAGQS		psite
ENSP00000367207	MYC	27	FTNRNYDLDYD		psite
ENSP00000367207	MYC	31	NYDLDYDSVQP		psite
ENSP00000367207	MYC	37	DSVQPYFYCDE		psite
ENSP00000367207	MYC	47	EEENFYQQQQQ	ABL1	psite
ENSP00000367207	MYC	89	LCSPSYVAVTP	ABL1	psite
ENSP00000315602	CHRNA3	221	KHDIKYNCCEE		psite
ENSP00000315602	CHRNA3	228	CCEEIYPDITY		psite
ENSP00000303727	CHRNA7	217	CCKEPYPDVTF		psite
ENSP00000303727	CHRNA7	386	NGNLLYIGFRG	SRC	psite
ENSP00000303727	CHRNA7	442	LEEVRYIANRF	SRC	psite
ENSP00000189444	NFKB2	55	GFRFRYGCEGP		psite
ENSP00000189444	NFKB2	285	DVHKQYAIVFR		psite
ENSP00000226574	NFKB1	60	GFRFRYVCEGP		psite
ENSP00000226574	NFKB1	241	VSDAIYDSKAP		psite
ENSP00000226574	NFKB1	410	YSFPHYGFPTY		psite
ENSP00000226574	NFKB1	486	EVTLTYATGTK		psite
ENSP00000262461	SLC12A2	208	THTNTYYLRTF		psite
ENSP00000262461	SLC12A2	227	PRIDHYRHTAA		psite
ENSP00000262461	SLC12A2	275	DAVVTYTAESK		psite
ENSP00000262461	SLC12A2	956	VVSVEYSKKSD		psite
ENSP00000277541	NOTCH1	2074	AREGSYETAKV		psite
ENSP00000277541	NOTCH1	2145	CSPNGYLGSLK		psite
ENSP00000277541	NOTCH1	2323	MVPNQYNPLRG		psite
ENSP00000242152	NPY	49	DMARYYSALRH		psite
ENSP00000242152	NPY	55	SALRHYINLIT		psite
ENSP00000358548	NRAS	32	HFVDEYDPTIE		psite
ENSP00000358548	NRAS	40	TIEDSYRKQVV		psite
ENSP00000358548	NRAS	64	AGQEEYSAMRD		psite
ENSP00000358548	NRAS	157	VEDAFYTLVRE		psite
ENSP00000274276	OSMR	168	NVTICYVSRNI		psite
ENSP00000274276	OSMR	180	NNVSCYLEGKQ		psite
ENSP00000274276	OSMR	837	LTKPNYLYLLP		psite
ENSP00000274276	OSMR	839	KPNYLYLLPTE		psite
ENSP00000274276	OSMR	861	FENLTYNQAAS		psite
ENSP00000274276	OSMR	901	ALEKNYMNSLG		psite
ENSP00000274276	OSMR	917	ETSLNYVSQLA		psite
ENSP00000274276	OSMR	945	PHCSEYKMQMA		psite
ENSP00000162330	BCAR1	12	LAKALYDNVAE		psite
ENSP00000162330	BCAR1	115	QPDSVYLVPTP		psite
ENSP00000162330	BCAR1	128	AQQGLYQVPGP	SRC	psite
ENSP00000162330	BCAR1	165	PATDLYQVPPG	PTK6	psite
ENSP00000162330	BCAR1	179	PAQDIYQVPPS		psite
ENSP00000162330	BCAR1	192	MGHDIYQVPPS		psite
ENSP00000162330	BCAR1	222	RVGQGYVYEAA		psite
ENSP00000162330	BCAR1	224	GQGYVYEAAQP		psite
ENSP00000162330	BCAR1	234	PEQDEYDIPRH		psite
ENSP00000162330	BCAR1	249	GPQDIYDVPPV		psite
ENSP00000162330	BCAR1	262	LLPSQYGQEVY		psite
ENSP00000162330	BCAR1	267	YGQEVYDTPPM		psite
ENSP00000162330	BCAR1	287	PLLEVYDVPPS		psite
ENSP00000162330	BCAR1	306	NHHAVYDVPPS		psite
ENSP00000162330	BCAR1	327	LREETYDVPPA		psite
ENSP00000162330	BCAR1	362	PAEDVYDVPPP		psite
ENSP00000162330	BCAR1	372	PAPDLYDVPPG		psite
ENSP00000162330	BCAR1	387	GPGTLYDVPRE		psite
ENSP00000162330	BCAR1	410	VDSGVYAVPPP	PTK2	psite
ENSP00000162330	BCAR1	653	SPDGQYENSEG		psite
ENSP00000162330	BCAR1	664	GWMEDYDYVHL	PTK6	psite
ENSP00000162330	BCAR1	666	MEDYDYVHLQG		psite
ENSP00000228872	CDKN1B	74	PLEGKYEWQEV	YES1	psite
ENSP00000228872	CDKN1B	74	PLEGKYEWQEV	SRC	psite
ENSP00000228872	CDKN1B	88	SLPEFYYRPPR	YES1	psite
ENSP00000228872	CDKN1B	88	SLPEFYYRPPR	SRC	psite
ENSP00000228872	CDKN1B	88	SLPEFYYRPPR	ABL1	psite
ENSP00000228872	CDKN1B	88	SLPEFYYRPPR	LYN	psite
ENSP00000228872	CDKN1B	89	LPEFYYRPPRP	YES1	psite
ENSP00000228872	CDKN1B	89	LPEFYYRPPRP	SRC	psite
ENSP00000228872	CDKN1B	89	LPEFYYRPPRP	ABL1	psite
ENSP00000370697	P2RY8	127	FLGVLYPLSSK		psite
ENSP00000370697	P2RY8	272	YGKSYYHVYKL		psite
ENSP00000269305	TP53	327	PLDGEYFTLQI		psite
ENSP00000261799	PDGFRB	562	QKKPRYEIRWK	PDGFRB	psite
ENSP00000261799	PDGFRB	579	SDGHEYIYVDP	PDGFRB	psite
ENSP00000261799	PDGFRB	581	GHEYIYVDPMQ	PDGFRB	psite
ENSP00000261799	PDGFRB	686	TEYCRYGDLVD	ABL1	psite
ENSP00000261799	PDGFRB	686	TEYCRYGDLVD	ABL2	psite
ENSP00000261799	PDGFRB	692	GDLVDYLHRNK		psite
ENSP00000261799	PDGFRB	716	PSAELYSNALP		psite
ENSP00000261799	PDGFRB	740	ESDGGYMDMSK	PDGFRB	psite
ENSP00000261799	PDGFRB	751	DESVDYVPMLD	PDGFRB	psite
ENSP00000261799	PDGFRB	763	KGDVKYADIES	PDGFRB	psite
ENSP00000261799	PDGFRB	771	IESSNYMAPYD	PDGFRB	psite
ENSP00000261799	PDGFRB	775	NYMAPYDNYVP	PDGFRB	psite
ENSP00000261799	PDGFRB	778	APYDNYVPSAP	PDGFRB	psite
ENSP00000261799	PDGFRB	857	MRDSNYISKGS	PDGFRB	psite
ENSP00000261799	PDGFRB	934	ASDEIYEIMQK	ABL1	psite
ENSP00000261799	PDGFRB	970	GYKKKYQQVDE	ABL1	psite
ENSP00000261799	PDGFRB	1009	TSSVLYTAVQP	PDGFRB	psite
ENSP00000261799	PDGFRB	1021	EGDNDYIIPLP	PDGFRB	psite
ENSP00000263967	PIK3CA	246	LCVLEYQGKYI		psite
ENSP00000263967	PIK3CA	294	AKESLYSQLPM		psite
ENSP00000263967	PIK3CA	317	STATPYMNGET		psite
ENSP00000263967	PIK3CA	355	DIDKIYVRTGI		psite
ENSP00000263967	PIK3CA	361	VRTGIYHGGEP		psite
ENSP00000263967	PIK3CA	508	EAGFSYSHAGL		psite
ENSP00000263967	PIK3CA	1038	QEALEYFMKQM		psite
ENSP00000289153	PIK3CB	246	VSPYDYVLQVS		psite
ENSP00000289153	PIK3CB	425	INPSKYQTIRK		psite
ENSP00000289153	PIK3CB	503	NKKQPYYYPPF		psite
ENSP00000289153	PIK3CB	504	KKQPYYYPPFD		psite
ENSP00000289153	PIK3CB	505	KQPYYYPPFDK		psite
ENSP00000289153	PIK3CB	772	ILSELYVEKCK		psite
ENSP00000289153	PIK3CB	962	PFILTYDFIHV		psite
ENSP00000366563	PIK3CD	440	GERCLYMWPSV		psite
ENSP00000366563	PIK3CD	484	APHPVYYPALE		psite
ENSP00000366563	PIK3CD	485	PHPVYYPALEK		psite
ENSP00000366563	PIK3CD	524	GSGELYEHEKD		psite
ENSP00000366563	PIK3CD	936	PFILTYDFVHV		psite
ENSP00000274335	PIK3R1	12	QYRALYDYKKE		psite
ENSP00000274335	PIK3R1	76	GTYVEYIGRKK		psite
ENSP00000274335	PIK3R1	203	IPAAVYSEMIS	RET	psite
ENSP00000274335	PIK3R1	368	KMHGDYTLTLR	INSR	psite
ENSP00000274335	PIK3R1	426	DVKLLYPVSKY		psite
ENSP00000274335	PIK3R1	452	KKLHEYNTQFQ		psite
ENSP00000274335	PIK3R1	463	EKSREYDRLYE		psite
ENSP00000274335	PIK3R1	467	EYDRLYEEYTR		psite
ENSP00000274335	PIK3R1	470	RLYEEYTRTSQ		psite
ENSP00000274335	PIK3R1	504	QTQERYSKEYI		psite
ENSP00000274335	PIK3R1	508	RYSKEYIEKFK		psite
ENSP00000274335	PIK3R1	528	RIMHNYDKLKS		psite
ENSP00000274335	PIK3R1	556	KQAAEYREIDK		psite
ENSP00000274335	PIK3R1	580	KTRDQYLMWLT	INSR	psite
ENSP00000274335	PIK3R1	607	NTEDQYSLVED	INSR	psite
ENSP00000274335	PIK3R1	657	SKQGCYACSVV		psite
ENSP00000274335	PIK3R1	679	KTATGYGFAEP		psite
ENSP00000274335	PIK3R1	688	EPYNLYSSLKE		psite
ENSP00000222254	PIK3R2	74	DFPGTYVEFLG		psite
ENSP00000222254	PIK3R2	365	KIQGEYTLTLR		psite
ENSP00000222254	PIK3R2	423	DTRLLYPVSKY		psite
ENSP00000222254	PIK3R2	449	AQLKVYHQQYQ		psite
ENSP00000222254	PIK3R2	453	VYHQQYQDKSR		psite
ENSP00000222254	PIK3R2	460	DKSREYDQLYE		psite
ENSP00000222254	PIK3R2	464	EYDQLYEEYTR		psite
ENSP00000222254	PIK3R2	467	QLYEEYTRTSQ		psite
ENSP00000222254	PIK3R2	577	KIRDQYLVWLT		psite
ENSP00000222254	PIK3R2	605	ETEDQYALMED		psite
ENSP00000222254	PIK3R2	655	SQRGCYACSVV		psite
ENSP00000222254	PIK3R2	671	KHCVIYRTATG		psite
ENSP00000262741	PIK3R3	184	KKLQEYHSQYQ		psite
ENSP00000262741	PIK3R3	188	EYHSQYQEKSK		psite
ENSP00000262741	PIK3R3	195	EKSKEYDRLYE		psite
ENSP00000262741	PIK3R3	199	EYDRLYEEYTR		psite
ENSP00000262741	PIK3R3	202	RLYEEYTRTSQ		psite
ENSP00000262741	PIK3R3	260	RIMMNYDKLKS		psite
ENSP00000262741	PIK3R3	341	DADENYFINEE	INSR	psite
ENSP00000262741	PIK3R3	373	AEDLLYGKPDG		psite
ENSP00000262741	PIK3R3	407	KHCVIYSTARG		psite
ENSP00000366488	PRKACG	118	DNSYLYLVMEY		psite
ENSP00000366488	PRKACG	123	YLVMEYVPGGE		psite
ENSP00000366488	PRKACG	205	CGTPEYLAPEI		psite
ENSP00000331602	PRKCD	52	KKPTMYPEWKS		psite
ENSP00000331602	PRKCD	64	FDAHIYEGRVI		psite
ENSP00000331602	PRKCD	155	QAKIHYIKNHE		psite
ENSP00000331602	PRKCD	187	LNKQGYKCRQC		psite
ENSP00000331602	PRKCD	313	EPVGIYQGFEK	SRC	psite
ENSP00000331602	PRKCD	334	DNSGTYGKIWE	SRC	psite
ENSP00000331602	PRKCD	374	KGRGEYFAIKA		psite
ENSP00000331602	PRKCD	514	CGTPDYIAPEI		psite
ENSP00000331602	PRKCD	525	LQGLKYTFSVD		psite
ENSP00000331602	PRKCD	567	VDTPHYPRWIT		psite
ENSP00000331602	PRKCD	630	KSPRDYSNFDQ		psite
ENSP00000331602	PRKCD	646	KARLSYSDKNL		psite
ENSP00000244007	PLCG1	186	LSQVNYRVPNM		psite
ENSP00000244007	PLCG1	210	SGDITYGQFAQ		psite
ENSP00000244007	PLCG1	379	GMPVIYHGHTL		psite
ENSP00000244007	PLCG1	428	RNMAQYFKKVL		psite
ENSP00000244007	PLCG1	472	AEGSAYEEVPT		psite
ENSP00000244007	PLCG1	481	PTSMMYSENDI		psite
ENSP00000244007	PLCG1	506	VNHEWYPHYFV		psite
ENSP00000244007	PLCG1	509	EWYPHYFVLTS		psite
ENSP00000244007	PLCG1	518	TSSKIYYSEET		psite
ENSP00000244007	PLCG1	702	NEPNSYAISFR		psite
ENSP00000244007	PLCG1	771	TAEPDYGALYE	SYK	psite
ENSP00000244007	PLCG1	771	TAEPDYGALYE	EGFR	psite
ENSP00000244007	PLCG1	775	DYGALYEGRNP		psite
ENSP00000244007	PLCG1	783	RNPGFYVEANP	SYK	psite
ENSP00000244007	PLCG1	783	RNPGFYVEANP	ITK	psite
ENSP00000244007	PLCG1	783	RNPGFYVEANP	EGFR	psite
ENSP00000244007	PLCG1	783	RNPGFYVEANP	RET	psite
ENSP00000244007	PLCG1	833	WWRGDYGGKKQ		psite
ENSP00000244007	PLCG1	959	SELVVYCRPVP		psite
ENSP00000244007	PLCG1	977	TERACYRDMSS		psite
ENSP00000244007	PLCG1	991	TKAEKYVNKAK		psite
ENSP00000244007	PLCG1	1003	KKFLQYNRLQL		psite
ENSP00000244007	PLCG1	1254	SFESRYQQPFE		psite
ENSP00000352336	PLCG2	242	DASAVYLHDFQ		psite
ENSP00000352336	PLCG2	371	GKPVIYHGWTR		psite
ENSP00000352336	PLCG2	482	QQGELYMWDSI		psite
ENSP00000352336	PLCG2	495	KWTRHYCAIAD		psite
ENSP00000352336	PLCG2	680	EGSDSYAITFR		psite
ENSP00000352336	PLCG2	733	KMRLRYPVTPE		psite
ENSP00000352336	PLCG2	753	DINSLYDVSRM	SRC	psite
ENSP00000352336	PLCG2	753	DINSLYDVSRM	LCK	psite
ENSP00000352336	PLCG2	753	DINSLYDVSRM	FYN	psite
ENSP00000352336	PLCG2	753	DINSLYDVSRM	BTK	psite
ENSP00000352336	PLCG2	759	DVSRMYVDPSE	SYK	psite
ENSP00000352336	PLCG2	759	DVSRMYVDPSE	SRC	psite
ENSP00000352336	PLCG2	759	DVSRMYVDPSE	LCK	psite
ENSP00000352336	PLCG2	759	DVSRMYVDPSE	FYN	psite
ENSP00000352336	PLCG2	759	DVSRMYVDPSE	BTK	psite
ENSP00000352336	PLCG2	778	TVKALYDYKAK		psite
ENSP00000352336	PLCG2	780	KALYDYKAKRS		psite
ENSP00000352336	PLCG2	811	WWKGDYGTRIQ		psite
ENSP00000352336	PLCG2	818	TRIQQYFPSNY		psite
ENSP00000352336	PLCG2	858	LDLNTYNVVKA		psite
ENSP00000352336	PLCG2	936	SDLVVYCKPTS		psite
ENSP00000352336	PLCG2	1048	MRTEKYDPMPP		psite
ENSP00000352336	PLCG2	1197	SEEELYSSCRQ	LCK	psite
ENSP00000352336	PLCG2	1217	NQLFLYDTHQN	LCK	psite
ENSP00000352336	PLCG2	1245	NQLQLYQEKCN		psite
ENSP00000234313	PLEK	277	PAYLHYYDPAG		psite
ENSP00000234313	PLEK	278	AYLHYYDPAGA		psite
ENSP00000368349	POLA1	58	DFTGVYEEVDE		psite
ENSP00000368349	POLA1	66	VDEEQYSKLVQ		psite
ENSP00000368349	POLA1	942	DLILQYDIRQK		psite
ENSP00000368349	POLA1	1055	LKKKKYAALVV		psite
ENSP00000322570	POLE	1490	RHIYLYHHAQA		psite
ENSP00000262304	PKD1	2168	RSQRNYLEAHV		psite
ENSP00000262304	PKD1	4237	ATEDVYQLEQQ	SRC	psite
ENSP00000419425	PPIA	48	EKGFGYKGSCF		psite
ENSP00000419425	PPIA	79	GGKSIYGEKFE		psite
ENSP00000418447	PPP2CA	248	LVMEGYNWCHD		psite
ENSP00000418447	PPP2CA	265	FSAPNYCYRCG		psite
ENSP00000418447	PPP2CA	284	DDTLKYSFLQF		psite
ENSP00000351885	PPP2R4	188	KVFNRYLEVMR		psite
ENSP00000371432	PRLR	509	AKPLDYVEIHK		psite
ENSP00000371432	PRLR	611	LGGLDYLDPAC		psite
ENSP00000319169	PRMT5	280	KEFCSYLQYLE		psite
ENSP00000319169	PRMT5	283	CSYLQYLEYLS		psite
ENSP00000319169	PRMT5	286	LQYLEYLSQNR		psite
ENSP00000319169	PRMT5	297	PPPNAYELFAK	JAK2	psite
ENSP00000319169	PRMT5	304	LFAKGYEDYLQ	JAK2	psite
ENSP00000319169	PRMT5	307	KGYEDYLQSPL	JAK2	psite
ENSP00000319169	PRMT5	342	YQQAIYKCLLD		psite
ENSP00000361021	PTEN	46	RLEGVYRNNID		psite
ENSP00000361021	PTEN	68	NHYKIYNLCAE		psite
ENSP00000361021	PTEN	138	VMICAYLLHRG		psite
ENSP00000361021	PTEN	155	EALDFYGEVRT		psite
ENSP00000361021	PTEN	174	PSQRRYVYYYS		psite
ENSP00000361021	PTEN	176	QRRYVYYYSYL		psite
ENSP00000361021	PTEN	177	RRYVYYYSYLL		psite
ENSP00000361021	PTEN	178	RYVYYYSYLLK		psite
ENSP00000361021	PTEN	180	VYYYSYLLKNH		psite
ENSP00000361021	PTEN	240	EDKFMYFEFPQ	LCK	psite
ENSP00000361021	PTEN	315	DNDKEYLVLTL	LCK	psite
ENSP00000361021	PTEN	336	DKANRYFSPNF	FRK	psite
ENSP00000248594	PTPN12	64	VKKNRYKDILP		psite
ENSP00000248594	PTPN12	88	SQDSDYINANF		psite
ENSP00000248594	PTPN12	301	KQLQLYEIHGA		psite
ENSP00000360683	PTPN1	20	SWAAIYQDIRH		psite
ENSP00000360683	PTPN1	46	KNRNRYRDVSP		psite
ENSP00000360683	PTPN1	66	QEDNDYINASL	EGFR	psite
ENSP00000360683	PTPN1	152	EDIKSYYTVRQ		psite
ENSP00000360683	PTPN1	153	DIKSYYTVRQL		psite
ENSP00000360683	PTPN1	271	QLRFSYLAVIE		psite
ENSP00000360683	PTPN1	359	LNAAPYGIESM		psite
ENSP00000394794	PTPN13	363	KMDPIYHTREL		psite
ENSP00000394794	PTPN13	943	SELSLYQPLQN		psite
ENSP00000348812	PTPRD	672	SDTTKYLLEQL		psite
ENSP00000348812	PTPRD	683	EKWTEYRITVT		psite
ENSP00000348812	PTPRD	1386	KPKNRYANVIA		psite
ENSP00000348812	PTPRD	1392	ANVIAYDHSRV		psite
ENSP00000348812	PTPRD	1681	VNIMPYESTRV		psite
ENSP00000365528	PTPRH	1102	VENLIYENVAA		psite
ENSP00000280362	PTS	128	PVGVLYKVKVY		psite
ENSP00000228307	PXN	31	SEETPYSYPTG	PTK6	psite
ENSP00000228307	PXN	33	ETPYSYPTGNH		psite
ENSP00000228307	PXN	40	TGNHTYQEIAV		psite
ENSP00000228307	PXN	88	SSSPVYGSSAK		psite
ENSP00000228307	PXN	118	EEEHVYSFPNK	PTK6	psite
ENSP00000228307	PXN	118	EEEHVYSFPNK	FYN	psite
ENSP00000228307	PXN	181	ALSPLYGVPET		psite
ENSP00000332816	PTK2B	402	IESDIYAEIPD	SRC	psite
ENSP00000332816	PTK2B	402	IESDIYAEIPD	PTK2B	psite
ENSP00000332816	PTK2B	418	PGGPQYGIARE		psite
ENSP00000332816	PTK2B	440	FFGEVYEGVYT		psite
ENSP00000332816	PTK2B	573	FGLSRYIEDED		psite
ENSP00000332816	PTK2B	579	IEDEDYYKASV		psite
ENSP00000332816	PTK2B	580	EDEDYYKASVT		psite
ENSP00000332816	PTK2B	683	SLSDVYQMEKD		psite
ENSP00000332816	PTK2B	699	ERNARYRTPKI		psite
ENSP00000332816	PTK2B	722	PSRPKYRPPPQ		psite
ENSP00000332816	PTK2B	756	TSPMEYPSPVN		psite
ENSP00000332816	PTK2B	819	QMVEDYQWLRQ		psite
ENSP00000332816	PTK2B	834	LDPMVYMNDKS		psite
ENSP00000332816	PTK2B	849	EKEVGYLEFTG		psite
ENSP00000332816	PTK2B	881	TDDLVYLNVME		psite
ENSP00000332816	PTK2B	906	LPPEGYVVVVK		psite
ENSP00000348461	RAC1	64	AGQEDYDRLRP	SRC	psite
ENSP00000348461	RAC1	64	AGQEDYDRLRP	PTK2	psite
ENSP00000249071	RAC2	64	AGQEDYDRLRP		psite
ENSP00000304283	RAC3	64	AGQEDYDRLRP		psite
ENSP00000251849	RAF1	38	VQQFGYQRRAS		psite
ENSP00000251849	RAF1	232	SSQHRYSTPHA		psite
ENSP00000251849	RAF1	340	QRDSSYYWEIE	SRC	psite
ENSP00000251849	RAF1	341	RDSSYYWEIEA	SRC	psite
ENSP00000251849	RAF1	458	AQGMDYLHAKN		psite
ENSP00000361264	RAPGEF1	79	FLPEGYPLPLD		psite
ENSP00000361264	RAPGEF1	347	FDVDCYAQRRL		psite
ENSP00000361264	RAPGEF1	408	HYDPDYEFLQQ		psite
ENSP00000361264	RAPGEF1	522	IPSVPYAPFAA	SRC	psite
ENSP00000361264	RAPGEF1	522	IPSVPYAPFAA	ABL1	psite
ENSP00000361264	RAPGEF1	522	IPSVPYAPFAA	HCK	psite
ENSP00000361264	RAPGEF1	579	QLLEDYSEPQP		psite
ENSP00000361264	RAPGEF1	588	QPSMFYQTPQN		psite
ENSP00000361264	RAPGEF1	597	QNEHIYQQKNK		psite
ENSP00000361264	RAPGEF1	733	KDLVLYCEAFL		psite
ENSP00000361264	RAPGEF1	741	AFLTTYRTFIS		psite
ENSP00000295025	REL	47	DNNRTYPSIQI		psite
ENSP00000295025	REL	359	IGEGRYFKKEP		psite
ENSP00000295025	REL	387	SQAESYYPSPG		psite
ENSP00000295025	REL	597	VQDSQYSGIGS		psite
ENSP00000351697	REV3L	128	MKIYLYNPTMV		psite
ENSP00000351697	REV3L	819	LSPVTYKLQPG		psite
ENSP00000296474	MST1R	1017	YSGSDYRSGLA		psite
ENSP00000296474	MST1R	1101	VYHGEYIDQAQ		psite
ENSP00000296474	MST1R	1238	ILDREYYSVQQ		psite
ENSP00000296474	MST1R	1239	LDREYYSVQQH		psite
ENSP00000296474	MST1R	1317	CPDSLYQVMQQ		psite
ENSP00000296474	MST1R	1353	LLGDHYVQLPA		psite
ENSP00000296474	MST1R	1360	QLPATYMNLGP		psite
ENSP00000313829	KHDRBS1	103	EPENKYLPELM		psite
ENSP00000313829	KHDRBS1	366	PAPETYEEYGY		psite
ENSP00000313829	KHDRBS1	369	ETYEEYGYDDT		psite
ENSP00000313829	KHDRBS1	371	YEEYGYDDTYA		psite
ENSP00000313829	KHDRBS1	375	GYDDTYAEQSY		psite
ENSP00000313829	KHDRBS1	380	YAEQSYEGYEG		psite
ENSP00000313829	KHDRBS1	387	GYEGYYSQSQG		psite
ENSP00000313829	KHDRBS1	396	QGDSEYYDYGH		psite
ENSP00000313829	KHDRBS1	397	GDSEYYDYGHG		psite
ENSP00000313829	KHDRBS1	408	EVQDSYEAYGQ		psite
ENSP00000313829	KHDRBS1	411	DSYEAYGQDDW		psite
ENSP00000313829	KHDRBS1	435	PVKGAYREHPY		psite
ENSP00000337163	SH2B1	55	ASHPQYAGPGA		psite
ENSP00000337163	SH2B1	624	VVLVSYVPSSQ		psite
ENSP00000401303	SHC1	315	LRFKQYLRNPP		psite
ENSP00000401303	SHC1	349	PPDHQYYNDFP	SRC	psite
ENSP00000401303	SHC1	350	PDHQYYNDFPG	SRC	psite
ENSP00000401303	SHC1	428	FDDPSYVNVQN	SRC	psite
ENSP00000401303	SHC1	428	FDDPSYVNVQN	MET	psite
ENSP00000401303	SHC1	521	TTPGQYVLTGL		psite
ENSP00000401303	SHC1	428	FDDPSYVNVQN		psite
ENSP00000352575	INPP5D	40	SISRAYALCVL		psite
ENSP00000352575	INPP5D	46	ALCVLYRNCVY		psite
ENSP00000391592	PTPN6	61	NSGDFYDLYGG		psite
ENSP00000391592	PTPN6	64	DFYDLYGGEKF		psite
ENSP00000391592	PTPN6	98	IIHLKYPLNCS		psite
ENSP00000391592	PTPN6	213	YLRQPYYATRV		psite
ENSP00000391592	PTPN6	214	LRQPYYATRVN		psite
ENSP00000391592	PTPN6	276	KGKNRYKNILP		psite
ENSP00000391592	PTPN6	301	IPGSDYINANY		psite
ENSP00000391592	PTPN6	306	YINANYIKNQL		psite
ENSP00000391592	PTPN6	374	GMQRAYGPYSV		psite
ENSP00000391592	PTPN6	377	RAYGPYSVTNC		psite
ENSP00000391592	PTPN6	390	HDTTEYKLRTL		psite
ENSP00000391592	PTPN6	509	QYKFIYVAIAQ		psite
ENSP00000391592	PTPN6	536	GQESEYGNITY	SRC	psite
ENSP00000391592	PTPN6	536	GQESEYGNITY	LCK	psite
ENSP00000391592	PTPN6	536	GQESEYGNITY	INSR	psite
ENSP00000391592	PTPN6	541	YGNITYPPAMK		psite
ENSP00000340944	PTPN11	62	QNTGDYYDLYG		psite
ENSP00000340944	PTPN11	63	NTGDYYDLYGG		psite
ENSP00000340944	PTPN11	66	DYYDLYGGEKF		psite
ENSP00000340944	PTPN11	179	CQELKYDVGGG		psite
ENSP00000340944	PTPN11	263	ECKLLYSRKEG		psite
ENSP00000340944	PTPN11	279	KNKNRYKNILP		psite
ENSP00000340944	PTPN11	304	EPVSDYINANI		psite
ENSP00000340944	PTPN11	511	QTEAQYRFIYM		psite
ENSP00000340944	PTPN11	515	QYRFIYMAVQH		psite
ENSP00000340944	PTPN11	542	RKGHEYTNIKY	FYN	psite
ENSP00000340944	PTPN11	542	RKGHEYTNIKY	ALK	psite
ENSP00000340944	PTPN11	547	YTNIKYSLADQ		psite
ENSP00000340944	PTPN11	580	DSARVYENVGL	ALK	psite
ENSP00000340944	PTPN11	542	RKGHEYTNIKY		psite
ENSP00000340944	PTPN11	580	DSARVYENVGL		psite
ENSP00000348307	SIRPA	429	TNDITYADLNL		psite
ENSP00000348307	SIRPA	453	NNHTEYASIQT		psite
ENSP00000348307	SIRPA	470	EDTLTYADLDM		psite
ENSP00000348307	SIRPA	496	PSFSEYASVQV		psite
ENSP00000261024	SLC40A1	20	GSLADYLTSAK		psite
ENSP00000261024	SLC40A1	302	DGWVSYYNQPV		psite
ENSP00000261024	SLC40A1	303	GWVSYYNQPVF		psite
ENSP00000261024	SLC40A1	538	MGHIMYFRFAQ		psite
ENSP00000265773	SMARCA2	514	EDEEGYRKLID		psite
ENSP00000265773	SMARCA2	978	LQKILYRHMQA		psite
ENSP00000265773	SMARCA2	1020	ICNHPYMFQHI		psite
ENSP00000330341	SOCS3	204	GHLDSYEKVTQ	LCK	psite
ENSP00000330341	SOCS3	204	GHLDSYEKVTQ	JAK2	psite
ENSP00000305133	SOCS5	156	RRERRYGVSSV		psite
ENSP00000384675	SOS1	155	RNIRHYEITKQ		psite
ENSP00000384675	SOS1	618	LTYHMYADPNF		psite
ENSP00000384675	SOS1	1065	PRKISYSRIPE		psite
ENSP00000245222	SPHK2	372	ATLHTYRGRLS		psite
ENSP00000245222	SPHK2	378	RGRLSYLPATV		psite
ENSP00000350941	SRC	187	TTKGAYCLSVS		psite
ENSP00000350941	SRC	216	DSGGFYITSRT		psite
ENSP00000350941	SRC	338	SEEPIYIVTEY	SRC	psite
ENSP00000350941	SRC	385	VERMNYVHRDL		psite
ENSP00000350941	SRC	419	IEDNEYTARQG	PDGFRB	psite
ENSP00000350941	SRC	419	IEDNEYTARQG	PRKACA	psite
ENSP00000350941	SRC	419	IEDNEYTARQG	SRC	psite
ENSP00000350941	SRC	419	IEDNEYTARQG	PDGFRA	psite
ENSP00000350941	SRC	439	PEAALYGRFTI		psite
ENSP00000350941	SRC	522	AFLEDYFTSTE		psite
ENSP00000350941	SRC	530	STEPQYQPGEN	SRC	psite
ENSP00000350941	SRC	530	STEPQYQPGEN	CSK	psite
ENSP00000366746	STAM	198	TLSTLYPSTSS		psite
ENSP00000366746	STAM	381	NEDPMYSMYAK		psite
ENSP00000366746	STAM	384	PMYSMYAKLQN		psite
ENSP00000263904	STAM2	192	ETKSLYPSSEI		psite
ENSP00000263904	STAM2	291	EPEPVYIDEDK		psite
ENSP00000263904	STAM2	371	NEAPVYSVYSK		psite
ENSP00000263904	STAM2	374	PVYSVYSKLHP		psite
ENSP00000354394	STAT1	68	QLDDQYSRFSL		psite
ENSP00000354394	STAT1	106	MSMIIYSCLKE		psite
ENSP00000354394	STAT1	170	DLQDEYDFKCK		psite
ENSP00000354394	STAT1	203	LLKKMYLMLDN		psite
ENSP00000354394	STAT1	668	PLKYLYPNIDK		psite
ENSP00000354394	STAT1	701	PKGTGYIKTEL	SRC	psite
ENSP00000354394	STAT1	701	PKGTGYIKTEL	JAK1	psite
ENSP00000354394	STAT1	701	PKGTGYIKTEL	JAK2	psite
ENSP00000354394	STAT1	701	PKGTGYIKTEL	FGFR3	psite
ENSP00000354394	STAT1	701	PKGTGYIKTEL	JAK3	psite
ENSP00000315768	STAT2	631	YSVQPYTKEVL		psite
ENSP00000315768	STAT2	690	QERRKYLKHRL	LCK	psite
ENSP00000264657	STAT3	45	SQDWAYAASKE		psite
ENSP00000264657	STAT3	79	ESNVLYQHNLR		psite
ENSP00000264657	STAT3	446	FETEVYHQGLK		psite
ENSP00000264657	STAT3	539	GPGVNYSGCQI		psite
ENSP00000264657	STAT3	674	PLVYLYPDIPK		psite
ENSP00000264657	STAT3	686	EAFGKYCRPES		psite
ENSP00000264657	STAT3	705	GSAAPYLKTKF	JAK2	psite
ENSP00000264657	STAT3	705	GSAAPYLKTKF	FER	psite
ENSP00000264657	STAT3	705	GSAAPYLKTKF	PKM	psite
ENSP00000264657	STAT3	705	GSAAPYLKTKF	ALK	psite
ENSP00000351255	STAT4	355	LPELNYQVKVK		psite
ENSP00000351255	STAT4	693	RGDKGYVPSVF		psite
ENSP00000341208	STAT5A	22	QMQVLYGQHFP		psite
ENSP00000341208	STAT5A	90	IKLGHYATQLQ		psite
ENSP00000341208	STAT5A	114	IRHILYNEQRL		psite
ENSP00000341208	STAT5A	668	LSYLIYVFPDR		psite
ENSP00000341208	STAT5A	682	EVFSKYYTPVL		psite
ENSP00000341208	STAT5A	683	VFSKYYTPVLA		psite
ENSP00000341208	STAT5A	694	KAVDGYVKPQI	SYK	psite
ENSP00000341208	STAT5A	694	KAVDGYVKPQI	SRC	psite
ENSP00000341208	STAT5A	694	KAVDGYVKPQI	LCK	psite
ENSP00000341208	STAT5A	694	KAVDGYVKPQI	JAK2	psite
ENSP00000341208	STAT5A	694	KAVDGYVKPQI	JAK3	psite
ENSP00000293328	STAT5B	90	IKLGHYATQLQ		psite
ENSP00000293328	STAT5B	114	IRHILYNEQRL		psite
ENSP00000293328	STAT5B	392	NTRNDYSGEIL		psite
ENSP00000293328	STAT5B	665	LGDLNYLIYVF		psite
ENSP00000293328	STAT5B	668	LNYLIYVFPDR		psite
ENSP00000293328	STAT5B	682	EVYSKYYTPVP		psite
ENSP00000293328	STAT5B	683	VYSKYYTPVPC		psite
ENSP00000293328	STAT5B	699	KAVDGYVKPQI	SRC	psite
ENSP00000293328	STAT5B	699	KAVDGYVKPQI	PTK6	psite
ENSP00000293328	STAT5B	699	KAVDGYVKPQI	HCK	psite
ENSP00000293328	STAT5B	725	GGSATYMDQAP		psite
ENSP00000293328	STAT5B	740	CPQAHYNMYPQ		psite
ENSP00000293328	STAT5B	743	AHYNMYPQNPD		psite
ENSP00000300134	STAT6	641	KDGRGYVPATI		psite
ENSP00000284273	UBASH3B	19	AREELYSKVTP		psite
ENSP00000177694	TBX21	220	PGNRLYVHPDS		psite
ENSP00000177694	TBX21	266	QSLHKYQPRLH		psite
ENSP00000177694	TBX21	305	IAVTAYQNAEI		psite
ENSP00000370912	TEC	130	WTDGSYQCCRQ		psite
ENSP00000370912	TEC	206	ERGQEYLILEK	TEC	psite
ENSP00000370912	TEC	206	ERGQEYLILEK	ITK	psite
ENSP00000370912	TEC	206	ERGQEYLILEK	BTK	psite
ENSP00000370912	TEC	228	YGNEGYIPSNY		psite
ENSP00000370912	TEC	233	YIPSNYVTGKK		psite
ENSP00000370912	TEC	519	VLDDQYTSSSG		psite
ENSP00000369351	TET2	1345	LAPDAYNNQIE		psite
ENSP00000363089	TLR4	674	RGENIYDAFVI		psite
ENSP00000363089	TLR4	680	DAFVIYSSQDE		psite
ENSP00000162749	TNFRSF1A	318	EVAPPYQGADP		psite
ENSP00000162749	TNFRSF1A	360	DPATLYAVVEN		psite
ENSP00000162749	TNFRSF1A	401	LREAQYSMLAT		psite
ENSP00000264818	TYK2	292	EGEPCYIRDSG		psite
ENSP00000264818	TYK2	433	ADSSHYLCHEV		psite
ENSP00000264818	TYK2	827	EKEHFYQRQHR		psite
ENSP00000264818	TYK2	1054	PEGHEYYRVRE	TYK2	psite
ENSP00000264818	TYK2	1055	EGHEYYRVRED	TYK2	psite
ENSP00000264818	TYK2	1145	CPCEVYHLMKN		psite
ENSP00000388107	UBA52	59	RTLSDYNIQKE		psite
ENSP00000344818	UBC	59	RTLSDYNIQKE		psite
ENSP00000360916	VAV2	142	NDDDVYRSLEE	EGFR	psite
ENSP00000360916	VAV2	159	LGEDIYDCVPC	EGFR	psite
ENSP00000360916	VAV2	172	GGDDIYEDIIK	EGFR	psite
ENSP00000351777	VCP	110	CPDVKYGKRIH		psite
ENSP00000351777	VCP	138	VYLKPYFLEAY		psite
ENSP00000351777	VCP	143	YFLEAYRPIRK		psite
ENSP00000351777	VCP	173	TDPSPYCIVAP		psite
ENSP00000351777	VCP	244	RGILLYGPPGT		psite
ENSP00000351777	VCP	495	QELVQYPVEHP		psite
ENSP00000351777	VCP	644	LDQLIYIPLPD		psite
ENSP00000351777	VCP	755	NDIRKYEMFAQ		psite
ENSP00000351777	VCP	796	TGGSVYTEDND		psite
ENSP00000256474	VHL	112	RRIHSYRGHLW		psite
ENSP00000256474	VHL	175	VKPENYRRLDI		psite
ENSP00000256474	VHL	185	IVRSLYEDLED		psite
ENSP00000324740	YES1	16	SPAIKYRPENT		psite
ENSP00000324740	YES1	32	TSVSHYGAEPT		psite
ENSP00000324740	YES1	100	IFVALYDYEAR		psite
ENSP00000324740	YES1	141	TGKNGYIPSNY		psite
ENSP00000324740	YES1	146	YIPSNYVAPAD		psite
ENSP00000324740	YES1	159	QAEEWYFGKMG		psite
ENSP00000324740	YES1	194	TTKGAYSLSIR		psite
ENSP00000324740	YES1	222	LDNGGYYITTR		psite
ENSP00000324740	YES1	223	DNGGYYITTRA		psite
ENSP00000324740	YES1	336	KLVPLYAVVSE		psite
ENSP00000324740	YES1	345	SEEPIYIVTEF		psite
ENSP00000324740	YES1	426	IEDNEYTARQG		psite
ENSP00000324740	YES1	446	PEAALYGRFTI		psite
ENSP00000324740	YES1	537	ATEPQYQPGEN	CSK	psite
ENSP00000314709	ZHX2	470	DDAEVYRLIEV		psite
ENSP00000314709	ZHX2	705	ADDHGYDAVAR		psite
ENSP00000330341	SOCS3	204	GHLDSYEKVTQ	LCK	pelm
ENSP00000361423	ABL1	245	NKPTVYGVSPN		pelm
ENSP00000361423	ABL1	204	SDGKLYVSSES		pelm
ENSP00000361423	ABL1	283	GVWKKYSLTVA		pelm
ENSP00000361423	ABL1	412	MTGDTYTAHAG		pelm
ENSP00000361423	ABL1	412	MTGDTYTAHAG	ABL1	pelm
ENSP00000275493	EGFR	869	AEEKEYHAEGG		pelm
ENSP00000275493	EGFR	869	AEEKEYHAEGG	SRC	pelm
ENSP00000275493	EGFR	944	CTIDVYMIMVK	SRC	pelm
ENSP00000275493	EGFR	915	FGSKPYDGIPA	SRC	pelm
ENSP00000275493	EGFR	1092	LPVPEYINQSV		pelm
ENSP00000275493	EGFR	1092	LPVPEYINQSV	EGFR	pelm
ENSP00000275493	EGFR	978	RDPQRYLVIQG		pelm
ENSP00000275493	EGFR	1110	VQNPVYHNQPL		pelm
ENSP00000275493	EGFR	1110	VQNPVYHNQPL	EGFR	pelm
ENSP00000275493	EGFR	998	TDSNFYRALMD		pelm
ENSP00000275493	EGFR	1016	VDADEYLIPQQ		pelm
ENSP00000275493	EGFR	1016	VDADEYLIPQQ	SRC	pelm
ENSP00000275493	EGFR	1125	SRDPHYQDPHS	SRC	pelm
ENSP00000275493	EGFR	1197	AENAEYLRVAP		pelm
ENSP00000275493	EGFR	1197	AENAEYLRVAP	EGFR	pelm
ENSP00000275493	EGFR	1172	LDNPDYQQDFF		pelm
ENSP00000275493	EGFR	1172	LDNPDYQQDFF	EGFR	pelm
ENSP00000275493	EGFR	1069	SFLQRYSSDPT		pelm
ENSP00000272298	CALM2	100	KDGNGYISAAE		pelm
ENSP00000291295	CALM3	100	KDGNGYISAAE		pelm
ENSP00000349467	CALM1	100	KDGNGYISAAE		pelm
ENSP00000272298	CALM2	100	KDGNGYISAAE	EGFR	pelm
ENSP00000291295	CALM3	100	KDGNGYISAAE	EGFR	pelm
ENSP00000349467	CALM1	100	KDGNGYISAAE	EGFR	pelm
ENSP00000272298	CALM2	100	KDGNGYISAAE	INSR	pelm
ENSP00000291295	CALM3	100	KDGNGYISAAE	INSR	pelm
ENSP00000349467	CALM1	100	KDGNGYISAAE	INSR	pelm
ENSP00000206249	ESR1	52	SKPAVYNYPEG		pelm
ENSP00000206249	ESR1	537	NVVPLYDLLLE		pelm
ENSP00000206249	ESR1	537	NVVPLYDLLLE	LCK	pelm
ENSP00000206249	ESR1	537	NVVPLYDLLLE	SRC	pelm
ENSP00000206249	ESR1	219	QGHNDYMCPAT		pelm
ENSP00000251849	RAF1	340	QRDSSYYWEIE		pelm
ENSP00000251849	RAF1	341	RDSSYYWEIEA	SRC	pelm
ENSP00000269571	ERBB2	877	IDETEYHADGG		pelm
ENSP00000269571	ERBB2	1248	AENPEYLGLDV		pelm
ENSP00000269571	ERBB2	1248	AENPEYLGLDV	ERBB2	pelm
ENSP00000269571	ERBB2	1196	VENPEYLTPQG	ERBB2	pelm
ENSP00000269571	ERBB2	1221	AFDNLYYWDQD	ERBB2	pelm
ENSP00000269571	ERBB2	735	AFGTVYKGIWI		pelm
ENSP00000269571	ERBB2	1222	FDNLYYWDQDP	ERBB2	pelm
ENSP00000269571	ERBB2	1139	SPQPEYVNQPD	ERBB2	pelm
ENSP00000269571	ERBB2	1112	SPLQRYSEDPT		pelm
ENSP00000360266	JUN	170	SEPPVYANLSN		pelm
ENSP00000303830	INSR	401	KIRRSYALVSL		pelm
ENSP00000303830	INSR	992	PLGPLYASSNP	INSR	pelm
ENSP00000303830	INSR	1185	MTRDIYETDYY		pelm
ENSP00000303830	INSR	1185	MTRDIYETDYY	INSR	pelm
ENSP00000303830	INSR	1190	YETDYYRKGGK		pelm
ENSP00000303830	INSR	1190	YETDYYRKGGK	INSR	pelm
ENSP00000303830	INSR	1355	GFKRSYEEHIP	INSR	pelm
ENSP00000303830	INSR	1361	EEHIPYTHMNG	INSR	pelm
ENSP00000303830	INSR	1011	FPCSVYVPDEW	INSR	pelm
ENSP00000303830	INSR	1189	IYETDYYRKGG		pelm
ENSP00000303830	INSR	1189	IYETDYYRKGG	INSR	pelm
ENSP00000303830	INSR	999	SSNPEYLSASD		pelm
ENSP00000303830	INSR	999	SSNPEYLSASD	INSR	pelm
ENSP00000337825	LCK	394	IEDNEYTAREG		pelm
ENSP00000337825	LCK	394	IEDNEYTAREG	LCK	pelm
ENSP00000337825	LCK	192	DNGGFYISPRI		pelm
ENSP00000357656	FYN	39	PTPQHYPSFGV	FYN	pelm
ENSP00000357656	FYN	420	IEDNEYTARQG		pelm
ENSP00000357656	FYN	420	IEDNEYTARQG	FYN	pelm
ENSP00000357656	FYN	213	LDNGGYYITTR		pelm
ENSP00000357656	FYN	531	ATEPQYQPGEN	CSK	pelm
ENSP00000357656	FYN	214	DNGGYYITTRA		pelm
ENSP00000357656	FYN	28	NQSSGYRYGTD	FYN	pelm
ENSP00000357656	FYN	28	NQSSGYRYGTD	PDGFRB	pelm
ENSP00000357656	FYN	440	PEAALYGRFTI		pelm
ENSP00000357656	FYN	30	SSGYRYGTDPT	FYN	pelm
ENSP00000268035	IGF1R	1280	REVSFYYSEEN		pelm
ENSP00000268035	IGF1R	1280	REVSFYYSEEN	IGF1R	pelm
ENSP00000268035	IGF1R	1165	IYETDYYRKGG		pelm
ENSP00000268035	IGF1R	1165	IYETDYYRKGG	IGF1R	pelm
ENSP00000268035	IGF1R	1165	IYETDYYRKGG	SRC	pelm
ENSP00000268035	IGF1R	1281	EVSFYYSEENK		pelm
ENSP00000268035	IGF1R	1281	EVSFYYSEENK	IGF1R	pelm
ENSP00000268035	IGF1R	1166	YETDYYRKGGK		pelm
ENSP00000268035	IGF1R	1166	YETDYYRKGGK	IGF1R	pelm
ENSP00000268035	IGF1R	1166	YETDYYRKGGK	SRC	pelm
ENSP00000268035	IGF1R	1346	DERQPYAHMNG	IGF1R	pelm
ENSP00000268035	IGF1R	1161	MTRDIYETDYY		pelm
ENSP00000268035	IGF1R	1161	MTRDIYETDYY	IGF1R	pelm
ENSP00000268035	IGF1R	1161	MTRDIYETDYY	SRC	pelm
ENSP00000268035	IGF1R	973	GNGVLYASVNP	IGF1R	pelm
ENSP00000268035	IGF1R	980	SVNPEYFSAAD		pelm
ENSP00000268035	IGF1R	980	SVNPEYFSAAD	IGF1R	pelm
ENSP00000325875	HSP90AB1	484	TQKSIYYITGE		pelm
ENSP00000261799	PDGFRB	857	MRDSNYISKGS		pelm
ENSP00000261799	PDGFRB	857	MRDSNYISKGS	PDGFRB	pelm
ENSP00000261799	PDGFRB	581	GHEYIYVDPMQ	PDGFRB	pelm
ENSP00000261799	PDGFRB	751	DESVDYVPMLD		pelm
ENSP00000261799	PDGFRB	751	DESVDYVPMLD	PDGFRB	pelm
ENSP00000261799	PDGFRB	716	PSAELYSNALP	PDGFRB	pelm
ENSP00000261799	PDGFRB	1009	TSSVLYTAVQP	PDGFRB	pelm
ENSP00000261799	PDGFRB	778	APYDNYVPSAP		pelm
ENSP00000261799	PDGFRB	778	APYDNYVPSAP	PDGFRB	pelm
ENSP00000261799	PDGFRB	562	QKKPRYEIRWK	PDGFRB	pelm
ENSP00000261799	PDGFRB	775	NYMAPYDNYVP	PDGFRB	pelm
ENSP00000261799	PDGFRB	579	SDGHEYIYVDP	PDGFRB	pelm
ENSP00000261799	PDGFRB	740	ESDGGYMDMSK	PDGFRB	pelm
ENSP00000261799	PDGFRB	1021	EGDNDYIIPLP	PDGFRB	pelm
ENSP00000261799	PDGFRB	771	IESSNYMAPYD	PDGFRB	pelm
ENSP00000261799	PDGFRB	763	KGDVKYADIES		pelm
ENSP00000261799	PDGFRB	763	KGDVKYADIES	PDGFRB	pelm
ENSP00000227378	HSPA8	107	KVQVEYKGETK		pelm
ENSP00000227378	HSPA8	41	RTTPSYVAFTD		pelm
ENSP00000380280	FGFR1	581	PPGLEYCYNPS		pelm
ENSP00000380280	FGFR1	581	PPGLEYCYNPS	FGFR1	pelm
ENSP00000350941	SRC	216	DSGGFYITSRT	SRC	pelm
ENSP00000350941	SRC	439	PEAALYGRFTI		pelm
ENSP00000350941	SRC	338	SEEPIYIVTEY	SRC	pelm
ENSP00000350941	SRC	419	IEDNEYTARQG		pelm
ENSP00000350941	SRC	419	IEDNEYTARQG	SRC	pelm
ENSP00000350941	SRC	530	STEPQYQPGEN		pelm
ENSP00000350941	SRC	530	STEPQYQPGEN	CSK	pelm
ENSP00000371432	PRLR	611	LGGLDYLDPAC		pelm
ENSP00000270139	IFNAR1	481	SSIDEYFSEQP	TYK2	pelm
ENSP00000270139	IFNAR1	466	LRCINYVFFPS	TYK2	pelm
ENSP00000244007	PLCG1	977	TERACYRDMSS		pelm
ENSP00000244007	PLCG1	771	TAEPDYGALYE		pelm
ENSP00000244007	PLCG1	771	TAEPDYGALYE	EGFR	pelm
ENSP00000244007	PLCG1	771	TAEPDYGALYE	SYK	pelm
ENSP00000244007	PLCG1	775	DYGALYEGRNP		pelm
ENSP00000244007	PLCG1	783	RNPGFYVEANP		pelm
ENSP00000244007	PLCG1	783	RNPGFYVEANP	EGFR	pelm
ENSP00000244007	PLCG1	783	RNPGFYVEANP	SYK	pelm
ENSP00000244007	PLCG1	472	AEGSAYEEVPT		pelm
ENSP00000244007	PLCG1	1254	SFESRYQQPFE		pelm
ENSP00000244007	PLCG1	1254	SFESRYQQPFE	EGFR	pelm
ENSP00000267101	ERBB3	1328	FDNPDYWHSRL		pelm
ENSP00000267101	ERBB3	1289	ASEQGYEEMRA		pelm
ENSP00000267101	ERBB3	1276	GPGGDYAAMGA		pelm
ENSP00000267101	ERBB3	1262	DEDYEYMNRQR		pelm
ENSP00000267101	ERBB3	1199	DEEYEYMNRRR		pelm
ENSP00000264033	CBL	674	SANAIYSLAAR		pelm
ENSP00000264033	CBL	337	FREGFYLFPDG		pelm
ENSP00000264033	CBL	774	NEDDGYDVPKP		pelm
ENSP00000264033	CBL	774	NEDDGYDVPKP	FYN	pelm
ENSP00000264033	CBL	774	NEDDGYDVPKP	YES1	pelm
ENSP00000264033	CBL	774	NEDDGYDVPKP	SYK	pelm
ENSP00000264033	CBL	552	PPDRPYSVGAE		pelm
ENSP00000264033	CBL	368	VTQEQYELYCE		pelm
ENSP00000264033	CBL	371	EQYELYCEMGS		pelm
ENSP00000264033	CBL	371	EQYELYCEMGS	INSR	pelm
ENSP00000264033	CBL	731	IDSCTYEAMYN		pelm
ENSP00000264033	CBL	731	IDSCTYEAMYN	FYN	pelm
ENSP00000264033	CBL	731	IDSCTYEAMYN	YES1	pelm
ENSP00000264033	CBL	731	IDSCTYEAMYN	SYK	pelm
ENSP00000264033	CBL	700	EEDTEYMTPSS		pelm
ENSP00000264033	CBL	700	EEDTEYMTPSS	FYN	pelm
ENSP00000264033	CBL	700	EEDTEYMTPSS	SYK	pelm
ENSP00000264033	CBL	700	EEDTEYMTPSS	INSR	pelm
ENSP00000264033	CBL	700	EEDTEYMTPSS	YES1	pelm
ENSP00000343204	JAK1	1035	TDKEYYTVKDD		pelm
ENSP00000343204	JAK1	1035	TDKEYYTVKDD	JAK3	pelm
ENSP00000343204	JAK1	1034	ETDKEYYTVKD		pelm
ENSP00000343204	JAK1	1034	ETDKEYYTVKD	JAK3	pelm
ENSP00000343204	JAK1	220	ISYKRYIPETL		pelm
ENSP00000216797	NFKBIA	42	MKDEEYEQMVK		pelm
ENSP00000216797	NFKBIA	42	MKDEEYEQMVK	LCK	pelm
ENSP00000216797	NFKBIA	42	MKDEEYEQMVK	SRC	pelm
ENSP00000216797	NFKBIA	305	EDELPYDDCVF	ABL1	pelm
ENSP00000263025	MAPK3	204	GFLTEYVATRW		pelm
ENSP00000263025	MAPK3	204	GFLTEYVATRW	MAP2K1	pelm
ENSP00000263025	MAPK3	204	GFLTEYVATRW	MAP2K2	pelm
ENSP00000274335	PIK3R1	368	KMHGDYTLTLR	INSR	pelm
ENSP00000274335	PIK3R1	580	KTRDQYLMWLT		pelm
ENSP00000274335	PIK3R1	580	KTRDQYLMWLT	INSR	pelm
ENSP00000274335	PIK3R1	556	KQAAEYREIDK		pelm
ENSP00000274335	PIK3R1	467	EYDRLYEEYTR		pelm
ENSP00000274335	PIK3R1	688	EPYNLYSSLKE		pelm
ENSP00000274335	PIK3R1	452	KKLHEYNTQFQ		pelm
ENSP00000274335	PIK3R1	607	NTEDQYSLVED		pelm
ENSP00000274335	PIK3R1	607	NTEDQYSLVED	INSR	pelm
ENSP00000274335	PIK3R1	607	NTEDQYSLVED	SRC	pelm
ENSP00000215832	MAPK1	205	LNSKGYTKSID		pelm
ENSP00000215832	MAPK1	187	GFLTEYVATRW		pelm
ENSP00000215832	MAPK1	187	GFLTEYVATRW	MAP2K1	pelm
ENSP00000401303	SHC1	428	FDDPSYVNVQN		pelm
ENSP00000401303	SHC1	428	FDDPSYVNVQN	FLT4	pelm
ENSP00000401303	SHC1	428	FDDPSYVNVQN	ZAP70	pelm
ENSP00000401303	SHC1	428	FDDPSYVNVQN	SYK	pelm
ENSP00000401303	SHC1	349	PPDHQYYNDFP		pelm
ENSP00000401303	SHC1	349	PPDHQYYNDFP	FLT4	pelm
ENSP00000401303	SHC1	349	PPDHQYYNDFP	ZAP70	pelm
ENSP00000401303	SHC1	349	PPDHQYYNDFP	SYK	pelm
ENSP00000401303	SHC1	350	PDHQYYNDFPG		pelm
ENSP00000401303	SHC1	350	PDHQYYNDFPG	FLT4	pelm
ENSP00000401303	SHC1	350	PDHQYYNDFPG	ZAP70	pelm
ENSP00000401303	SHC1	350	PDHQYYNDFPG	SYK	pelm
ENSP00000339007	GRB2	209	MFPRNYVTPVN	EGFR	pelm
ENSP00000297494	NOS3	81	VGSITYDTLSA		pelm
ENSP00000264818	TYK2	292	EGEPCYIRDSG		pelm
ENSP00000264818	TYK2	1055	EGHEYYRVRED		pelm
ENSP00000264818	TYK2	1055	EGHEYYRVRED	JAK1	pelm
ENSP00000264818	TYK2	1055	EGHEYYRVRED	TYK2	pelm
ENSP00000264818	TYK2	1054	PEGHEYYRVRE		pelm
ENSP00000264818	TYK2	1054	PEGHEYYRVRE	JAK1	pelm
ENSP00000264818	TYK2	1054	PEGHEYYRVRE	TYK2	pelm
ENSP00000273430	AGTR1	319	LQLLKYIPPKA		pelm
ENSP00000270202	AKT1	474	FPQFSYSASGT		pelm
ENSP00000304895	IRS1	896	KSPGEYVNIEF		pelm
ENSP00000304895	IRS1	46	PARLEYYENEK		pelm
ENSP00000304895	IRS1	662	VDPNGYMMMSP		pelm
ENSP00000304895	IRS1	612	HTDDGYMPMSP		pelm
ENSP00000304895	IRS1	632	KGSGDYMPMSP		pelm
ENSP00000338799	IL6ST	905	GMPKSYLPQTV		pelm
ENSP00000338799	IL6ST	683	SKDQMYSDGNF		pelm
ENSP00000338799	IL6ST	814	LPRQQYFKQNC		pelm
ENSP00000338799	IL6ST	759	SSTVQYSTVVH		pelm
ENSP00000338799	IL6ST	767	VVHSGYRHQVP		pelm
ENSP00000264657	STAT3	705	GSAAPYLKTKF		pelm
ENSP00000264657	STAT3	705	GSAAPYLKTKF	JAK2	pelm
ENSP00000264657	STAT3	705	GSAAPYLKTKF	ALK	pelm
ENSP00000292301	CCR2	139	LTIDRYLAIVH	JAK2	pelm
ENSP00000354394	STAT1	701	PKGTGYIKTEL		pelm
ENSP00000354394	STAT1	701	PKGTGYIKTEL	JAK2	pelm
ENSP00000354394	STAT1	701	PKGTGYIKTEL	SRC	pelm
ENSP00000354394	STAT1	701	PKGTGYIKTEL	JAK1	pelm
ENSP00000341208	STAT5A	694	KAVDGYVKPQI		pelm
ENSP00000341208	STAT5A	694	KAVDGYVKPQI	JAK2	pelm
ENSP00000341208	STAT5A	694	KAVDGYVKPQI	LYN	pelm
ENSP00000341208	STAT5A	694	KAVDGYVKPQI	SRC	pelm
ENSP00000341208	STAT5A	90	IKLGHYATQLQ		pelm
ENSP00000289153	PIK3CB	772	ILSELYVEKCK		pelm
ENSP00000346300	CRKL	198	RNSNSYGIPEP		pelm
ENSP00000346300	CRKL	207	EPAHAYAQPQT	ABL1	pelm
ENSP00000228872	CDKN1B	74	PLEGKYEWQEV		pelm
ENSP00000228872	CDKN1B	74	PLEGKYEWQEV	SRC	pelm
ENSP00000228872	CDKN1B	88	SLPEFYYRPPR		pelm
ENSP00000228872	CDKN1B	88	SLPEFYYRPPR	SRC	pelm
ENSP00000228872	CDKN1B	89	LPEFYYRPPRP		pelm
ENSP00000228872	CDKN1B	89	LPEFYYRPPRP	SRC	pelm
ENSP00000228307	PXN	40	TGNHTYQEIAV		pelm
ENSP00000228307	PXN	40	TGNHTYQEIAV	SRC	pelm
ENSP00000228307	PXN	118	EEEHVYSFPNK		pelm
ENSP00000228307	PXN	118	EEEHVYSFPNK	PTK2	pelm
ENSP00000228307	PXN	118	EEEHVYSFPNK	PTK6	pelm
ENSP00000228307	PXN	88	SSSPVYGSSAK		pelm
ENSP00000228307	PXN	88	SSSPVYGSSAK	SRC	pelm
ENSP00000228307	PXN	31	SEETPYSYPTG		pelm
ENSP00000228307	PXN	31	SEETPYSYPTG	PTK2	pelm
ENSP00000228307	PXN	31	SEETPYSYPTG	PTK6	pelm
ENSP00000228307	PXN	181	ALSPLYGVPET		pelm
ENSP00000293328	STAT5B	679	PKDEVYSKYYT	SRC	pelm
ENSP00000293328	STAT5B	740	CPQAHYNMYPQ	EGFR	pelm
ENSP00000293328	STAT5B	699	KAVDGYVKPQI		pelm
ENSP00000293328	STAT5B	699	KAVDGYVKPQI	HCK	pelm
ENSP00000293328	STAT5B	743	AHYNMYPQNPD	EGFR	pelm
ENSP00000293328	STAT5B	90	IKLGHYATQLQ		pelm
ENSP00000293328	STAT5B	725	GGSATYMDQAP	EGFR	pelm
ENSP00000315768	STAT2	690	QERRKYLKHRL		pelm
ENSP00000360916	VAV2	172	GGDDIYEDIIK	EGFR	pelm
ENSP00000360916	VAV2	172	GGDDIYEDIIK	LCK	pelm
ENSP00000360916	VAV2	142	NDDDVYRSLEE	EGFR	pelm
ENSP00000360916	VAV2	142	NDDDVYRSLEE	LCK	pelm
ENSP00000360916	VAV2	159	LGEDIYDCVPC	EGFR	pelm
ENSP00000360916	VAV2	159	LGEDIYDCVPC	LCK	pelm
ENSP00000162330	BCAR1	128	AQQGLYQVPGP		pelm
ENSP00000162330	BCAR1	128	AQQGLYQVPGP	FGFR1	pelm
ENSP00000162330	BCAR1	224	GQGYVYEAAQP		pelm
ENSP00000162330	BCAR1	387	GPGTLYDVPRE		pelm
ENSP00000162330	BCAR1	165	PATDLYQVPPG		pelm
ENSP00000162330	BCAR1	327	LREETYDVPPA	FGFR1	pelm
ENSP00000162330	BCAR1	234	PEQDEYDIPRH		pelm
ENSP00000162330	BCAR1	653	SPDGQYENSEG		pelm
ENSP00000162330	BCAR1	653	SPDGQYENSEG	SRC	pelm
ENSP00000162330	BCAR1	306	NHHAVYDVPPS	FGFR1	pelm
ENSP00000162330	BCAR1	664	GWMEDYDYVHL		pelm
ENSP00000162330	BCAR1	249	GPQDIYDVPPV		pelm
ENSP00000162330	BCAR1	249	GPQDIYDVPPV	FGFR1	pelm
ENSP00000162330	BCAR1	410	VDSGVYAVPPP	FGFR1	pelm
ENSP00000162330	BCAR1	222	RVGQGYVYEAA		pelm
ENSP00000244174	IL9R	407	VQTLAYLPQED		pelm
ENSP00000341189	PTK2	576	MEDSTYYKASK		pelm
ENSP00000341189	PTK2	576	MEDSTYYKASK	PTK2	pelm
ENSP00000341189	PTK2	577	EDSTYYKASKG		pelm
ENSP00000341189	PTK2	577	EDSTYYKASKG	PTK2	pelm
ENSP00000341189	PTK2	570	FGLSRYMEDST		pelm
ENSP00000341189	PTK2	397	SETDDYAEIID		pelm
ENSP00000341189	PTK2	397	SETDDYAEIID	PTK2	pelm
ENSP00000341189	PTK2	407	DEEDTYTMPST		pelm
ENSP00000341189	PTK2	347	DLIDGYCRLVN		pelm
ENSP00000340944	PTPN11	304	EPVSDYINANI		pelm
ENSP00000340944	PTPN11	542	RKGHEYTNIKY		pelm
ENSP00000340944	PTPN11	542	RKGHEYTNIKY	PDGFRB	pelm
ENSP00000340944	PTPN11	62	QNTGDYYDLYG		pelm
ENSP00000340944	PTPN11	580	DSARVYENVGL		pelm
ENSP00000340944	PTPN11	63	NTGDYYDLYGG		pelm
ENSP00000308176	BTK	551	VLDDEYTSSVG		pelm
ENSP00000308176	BTK	551	VLDDEYTSSVG	LYN	pelm
ENSP00000308176	BTK	551	VLDDEYTSSVG	BTK	pelm
ENSP00000308176	BTK	223	KVVALYDYMPM		pelm
ENSP00000308176	BTK	223	KVVALYDYMPM	ABL1	pelm
ENSP00000308176	BTK	223	KVVALYDYMPM	BTK	pelm
ENSP00000313829	KHDRBS1	103	EPENKYLPELM		pelm
ENSP00000381793	GRB10	67	SLESLYSACSM	FYN	pelm
ENSP00000381793	GRB10	67	SLESLYSACSM	SRC	pelm
ENSP00000381793	GRB10	404	YGMLLYQNYRI		pelm
ENSP00000361264	RAPGEF1	522	IPSVPYAPFAA		pelm
ENSP00000361264	RAPGEF1	522	IPSVPYAPFAA	HCK	pelm
ENSP00000361264	RAPGEF1	522	IPSVPYAPFAA	SRC	pelm
ENSP00000332816	PTK2B	579	IEDEDYYKASV		pelm
ENSP00000332816	PTK2B	402	IESDIYAEIPD		pelm
ENSP00000332816	PTK2B	402	IESDIYAEIPD	SYK	pelm
ENSP00000332816	PTK2B	402	IESDIYAEIPD	PTK2B	pelm
ENSP00000332816	PTK2B	580	EDEDYYKASVT		pelm
ENSP00000332816	PTK2B	881	TDDLVYLNVME		pelm
ENSP00000365016	IRS2	75	PPRLEYYESEK		pelm
ENSP00000365016	IRS2	653	GADDGYMPMTP		pelm
ENSP00000365016	IRS2	919	KSPGEYINIDF		pelm
ENSP00000365016	IRS2	675	CRSDDYMPMSP		pelm
ENSP00000365016	IRS2	823	GDSDQYVLMSS		pelm
ENSP00000365016	IRS2	184	GAEDSYGLVAP		pelm
ENSP00000365016	IRS2	742	PEDSGYMRMWC		pelm
ENSP00000303507	BCR	591	SQLGVYRAFVD		pelm
ENSP00000303507	BCR	283	PYQSIYVGGMM	FES	pelm
ENSP00000303507	BCR	598	AFVDNYGVAME		pelm
ENSP00000303507	BCR	644	LETLLYKPVDR		pelm
ENSP00000303507	BCR	231	ASRPPYRGRSS		pelm
ENSP00000303507	BCR	360	PSPTTYRMFRD	ABL1	pelm
ENSP00000303507	BCR	177	AEKPFYVNVEF		pelm
ENSP00000303507	BCR	177	AEKPFYVNVEF	ABL1	pelm
ENSP00000303507	BCR	177	AEKPFYVNVEF	FES	pelm
ENSP00000303507	BCR	177	AEKPFYVNVEF	HCK	pelm
ENSP00000303507	BCR	328	DCGGGYTPDCS		pelm
ENSP00000303507	BCR	436	GTPPGYGCAAD		pelm
ENSP00000303507	BCR	246	GVDGDYEDAEL	FES	pelm
ENSP00000303507	BCR	279	LEYQPYQSIYV	FES	pelm
ENSP00000303507	BCR	276	WPPLEYQPYQS	FES	pelm
ENSP00000222139	EPOR	454	PPHLKYLYLVV		pelm
ENSP00000222139	EPOR	456	HLKYLYLVVSD		pelm
ENSP00000222139	EPOR	489	PYSNPYENSLI		pelm
ENSP00000222139	EPOR	426	AASFEYTILDP		pelm
ENSP00000222139	EPOR	368	HAQDTYLVLDK	JAK2	pelm
ENSP00000222139	EPOR	368	HAQDTYLVLDK	LYN	pelm
ENSP00000230882	GHR	627	LSSCGYVSTDQ		pelm
ENSP00000230882	GHR	332	AIHDSYKPEFH	JAK2	pelm
ENSP00000230882	GHR	566	NQEDIYITTES		pelm
ENSP00000230882	GHR	534	LMDNAYFCEAD		pelm
ENSP00000230882	GHR	487	SNIDFYAQVSD	JAK2	pelm
ENSP00000216223	IL2RB	384	QVYFTYDPYSE	LCK	pelm
ENSP00000216223	IL2RB	418	GEDDAYCTFPS	LCK	pelm
ENSP00000216223	IL2RB	387	FTYDPYSEEDP	LCK	pelm
ENSP00000216223	IL2RB	364	FTNQGYFFFHL		pelm
ENSP00000216223	IL2RB	536	LNTDAYLSLQE	LCK	pelm
ENSP00000216223	IL2RB	381	EACQVYFTYDP	LCK	pelm
ENSP00000356713	IFNGR1	457	PTSFGYDKPHV	JAK1	pelm
ENSP00000288135	KIT	823	KNDSNYVVKGN		pelm
ENSP00000288135	KIT	936	STNHIYSNLAN		pelm
ENSP00000288135	KIT	936	STNHIYSNLAN	KIT	pelm
ENSP00000288135	KIT	568	INGNNYVYIDP	KIT	pelm
ENSP00000288135	KIT	900	APAEMYDIMKT		pelm
ENSP00000288135	KIT	900	APAEMYDIMKT	SRC	pelm
ENSP00000288135	KIT	570	GNNYVYIDPTQ	KIT	pelm
ENSP00000288135	KIT	721	DSTNEYMDMKP		pelm
ENSP00000288135	KIT	703	AEAALYKNLLH	KIT	pelm
ENSP00000296474	MST1R	1360	QLPATYMNLGP	MST1R	pelm
ENSP00000296474	MST1R	1239	LDREYYSVQQH	MST1R	pelm
ENSP00000296474	MST1R	1353	LLGDHYVQLPA	MST1R	pelm
ENSP00000296474	MST1R	1238	ILDREYYSVQQ	MST1R	pelm
ENSP00000351255	STAT4	693	RGDKGYVPSVF		pelm
ENSP00000322542	GTF2I	398	HVEDLYVEGLP	BTK	pelm
ENSP00000322542	GTF2I	503	HPNDLYVEGLP	BTK	pelm
ENSP00000322542	GTF2I	318	IEDDDYSPPSK		pelm
ENSP00000322542	GTF2I	248	SEDPDYYQYNI		pelm
ENSP00000322542	GTF2I	248	SEDPDYYQYNI	BTK	pelm
ENSP00000384053	CSF2RB	711	GVASGYVSSAD		pelm
ENSP00000384053	CSF2RB	593	DFNGPYLGPPH		pelm
ENSP00000384053	CSF2RB	628	PGSLEYLCLPA		pelm
ENSP00000384053	CSF2RB	822	QQVGDYCFLPG		pelm
ENSP00000384053	CSF2RB	766	SGFEGYVELPP		pelm
ENSP00000170630	IL4R	497	AGNPAYRSFSN		pelm
ENSP00000170630	IL4R	713	GSGIVYSALTC		pelm
ENSP00000170630	IL4R	603	PGEAGYKAFSS		pelm
ENSP00000170630	IL4R	575	APTSGYQEFVH		pelm
ENSP00000170630	IL4R	631	SGEEGYKPFQD		pelm
ENSP00000306157	IL7R	449	NQEEAYVTMSS		pelm
ENSP00000300134	STAT6	641	KDGRGYVPATI		pelm
ENSP00000361548	MPL	626	IANHSYLPLSY		pelm
ENSP00000303939	CTLA4	201	LTTGVYVKMPP	JAK2	pelm
ENSP00000303939	CTLA4	201	LTTGVYVKMPP	TXK	pelm
ENSP00000360683	PTPN1	66	QEDNDYINASL		pelm
ENSP00000360683	PTPN1	66	QEDNDYINASL	EGFR	pelm
ENSP00000360683	PTPN1	152	EDIKSYYTVRQ	INSR	pelm
ENSP00000360683	PTPN1	20	SWAAIYQDIRH		pelm
ENSP00000360683	PTPN1	153	DIKSYYTVRQL	INSR	pelm
ENSP00000331504	FES	811	SFSTIYQELQS	FES	pelm
ENSP00000331504	FES	713	EADGVYAASGG	FES	pelm
ENSP00000391676	JAK3	785	LISSDYELLSD		pelm
ENSP00000391676	JAK3	785	LISSDYELLSD	JAK3	pelm
ENSP00000391676	JAK3	980	PLDKDYYVVRE	JAK3	pelm
ENSP00000391676	JAK3	981	LDKDYYVVREP	JAK3	pelm
ENSP00000331602	PRKCD	155	QAKIHYIKNHE		pelm
ENSP00000331602	PRKCD	64	FDAHIYEGRVI		pelm
ENSP00000331602	PRKCD	187	LNKQGYKCRQC		pelm
ENSP00000331602	PRKCD	334	DNSGTYGKIWE		pelm
ENSP00000331602	PRKCD	52	KKPTMYPEWKS		pelm
ENSP00000331602	PRKCD	313	EPVGIYQGFEK		pelm
ENSP00000373700	ALK	1092	TIMTDYNPNYC		pelm
ENSP00000373700	ALK	1131	AFGEVYEGQVS		pelm
ENSP00000373700	ALK	1096	DYNPNYCFAGK		pelm
ENSP00000373700	ALK	1283	YRASYYRKGGC		pelm
ENSP00000373700	ALK	1283	YRASYYRKGGC	ALK	pelm
ENSP00000373700	ALK	1507	LWNPTYGSWFT		pelm
ENSP00000373700	ALK	1282	IYRASYYRKGG		pelm
ENSP00000373700	ALK	1282	IYRASYYRKGG	ALK	pelm
ENSP00000373700	ALK	1584	CGNVNYGYQQQ		pelm
ENSP00000373700	ALK	1278	MARDIYRASYY		pelm
ENSP00000373700	ALK	1359	CPGPVYRIMTQ		pelm
ENSP00000373700	ALK	1078	LQSPEYKLSKL		pelm
ENSP00000373700	ALK	1604	PGAGHYEDTIL		pelm
ENSP00000263904	STAM2	192	ETKSLYPSSEI		pelm
ENSP00000263904	STAM2	371	NEAPVYSVYSK		pelm
ENSP00000263904	STAM2	374	PVYSVYSKLHP		pelm
ENSP00000233946	IL1R1	496	EKIQDYEKMPE		pelm
ENSP00000366563	PIK3CD	440	GERCLYMWPSV		pelm
ENSP00000366563	PIK3CD	485	PHPVYYPALEK		pelm
ENSP00000366563	PIK3CD	524	GSGELYEHEKD		pelm
ENSP00000361021	PTEN	240	EDKFMYFEFPQ	LCK	pelm
ENSP00000361021	PTEN	315	DNDKEYLVLTL	LCK	pelm
ENSP00000324740	YES1	32	TSVSHYGAEPT		pelm
ENSP00000324740	YES1	223	DNGGYYITTRA		pelm
ENSP00000324740	YES1	426	IEDNEYTARQG		pelm
ENSP00000324740	YES1	426	IEDNEYTARQG	YES1	pelm
ENSP00000324740	YES1	537	ATEPQYQPGEN		pelm
ENSP00000324740	YES1	222	LDNGGYYITTR		pelm
ENSP00000324740	YES1	446	PEAALYGRFTI		pelm
ENSP00000356346	PTPRC	1216	STFEQYQFLYD	CSK	pelm
ENSP00000281092	FER	714	EDGGVYSSSGL		pelm
ENSP00000281092	FER	402	PPVVNYEEDAR		pelm
ENSP00000352336	PLCG2	1217	NQLFLYDTHQN	LCK	pelm
ENSP00000352336	PLCG2	1217	NQLFLYDTHQN	BTK	pelm
ENSP00000352336	PLCG2	743	ELLERYNMERD	LCK	pelm
ENSP00000352336	PLCG2	743	ELLERYNMERD	FYN	pelm
ENSP00000352336	PLCG2	743	ELLERYNMERD	LYN	pelm
ENSP00000352336	PLCG2	1197	SEEELYSSCRQ	LCK	pelm
ENSP00000352336	PLCG2	1197	SEEELYSSCRQ	BTK	pelm
ENSP00000352336	PLCG2	733	KMRLRYPVTPE		pelm
ENSP00000352336	PLCG2	753	DINSLYDVSRM		pelm
ENSP00000352336	PLCG2	753	DINSLYDVSRM	LCK	pelm
ENSP00000352336	PLCG2	753	DINSLYDVSRM	SRC	pelm
ENSP00000352336	PLCG2	753	DINSLYDVSRM	BTK	pelm
ENSP00000352336	PLCG2	759	DVSRMYVDPSE		pelm
ENSP00000352336	PLCG2	759	DVSRMYVDPSE	LCK	pelm
ENSP00000352336	PLCG2	759	DVSRMYVDPSE	SRC	pelm
ENSP00000352336	PLCG2	759	DVSRMYVDPSE	BTK	pelm
ENSP00000352336	PLCG2	1245	NQLQLYQEKCN		pelm
ENSP00000391592	PTPN6	536	GQESEYGNITY		pelm
ENSP00000391592	PTPN6	536	GQESEYGNITY	ABL1	pelm
ENSP00000391592	PTPN6	536	GQESEYGNITY	LCK	pelm
ENSP00000391592	PTPN6	536	GQESEYGNITY	SRC	pelm
ENSP00000301843	CTTN	453	MEAADYREASS		pelm
ENSP00000301843	CTTN	334	QVSSAYQKTVP		pelm
ENSP00000301843	CTTN	486	AEDSTYDEYEN	SRC	pelm
ENSP00000301843	CTTN	421	PSSPVYEDAAS		pelm
ENSP00000301843	CTTN	141	AVGFEYQGKTE		pelm
ENSP00000301843	CTTN	470	ATEAVYESAEA	SRC	pelm
ENSP00000301843	CTTN	446	EPEPVYSMEAA		pelm
ENSP00000301843	CTTN	446	EPEPVYSMEAA	FGFR1	pelm
ENSP00000262741	PIK3R3	341	DADENYFINEE		pelm
ENSP00000366746	STAM	198	TLSTLYPSTSS		pelm
ENSP00000345492	SH2B3	273	MPDNLYTFVLK	LCK	pelm
ENSP00000345492	SH2B3	273	MPDNLYTFVLK	ZAP70	pelm
ENSP00000354566	CD3E	188	VPNPDYEPIRK		pelm
ENSP00000354566	CD3E	199	GQRDLYSGLNQ		pelm
ENSP00000336752	FIP1L1	110	TGAPQYGSYGT		pelm
ENSP00000336752	FIP1L1	113	PQYGSYGTAPV		pelm
ENSP00000336752	FIP1L1	426	ARAFPYGNVAF		pelm
ENSP00000227752	IL10RA	446	VAFQGYLRQTR	TYK2	pelm
ENSP00000227752	IL10RA	496	ALAKGYLKQDP	TYK2	pelm
ENSP00000343957	IFNAR2	411	FPEEDYSSTEG		pelm
ENSP00000330393	LEPR	1141	KTFASYMPQFQ		pelm
ENSP00000222254	PIK3R2	464	EYDQLYEEYTR		pelm
ENSP00000222254	PIK3R2	467	QLYEEYTRTSQ		pelm
ENSP00000222254	PIK3R2	365	KIQGEYTLTLR		pelm
ENSP00000284273	UBASH3B	19	AREELYSKVTP		pelm
ENSP00000303727	CHRNA7	386	NGNLLYIGFRG	SRC	pelm
ENSP00000303727	CHRNA7	442	LEEVRYIANRF	SRC	pelm
ENSP00000315602	CHRNA3	228	CCEEIYPDITY		pelm
ENSP00000315602	CHRNA3	221	KHDIKYNCCEE		pelm
ENSP00000264832	ICAM1	501	AGLSTYLYNRQ		pelm
ENSP00000264832	ICAM1	512	RKIKKYRLQQA		pelm
ENSP00000276410	CHRNA6	102	WDPMEYDGIET		pelm
ENSP00000264122	CBLB	889	RTSQDYDQLPS		pelm
ENSP00000361423	ABL1	134	WVPSNYITPVN		pelm
ENSP00000361423	ABL1	251	GVSPNYDKWEM		pelm
ENSP00000361423	ABL1	276	QYGEVYEGVWK		pelm
ENSP00000361423	ABL1	488	CPEKVYELMRA		pelm
ENSP00000361423	ABL1	272	LGGGQYGEVYE		pelm
ENSP00000370912	TEC	206	ERGQEYLILEK	TEC	pelm
ENSP00000370912	TEC	206	ERGQEYLILEK	BTK	pelm
ENSP00000370912	TEC	206	ERGQEYLILEK	ITK	pelm
ENSP00000295897	ALB	164	LKKYLYEIARR		pelm
ENSP00000295897	ALB	108	TLRETYGEMAD		pelm
ENSP00000231751	LTF	547	ERYYGYTGAFR		pelm
ENSP00000274276	OSMR	837	LTKPNYLYLLP		pelm
ENSP00000264657	STAT3	705	GSAAPYLKTKF	FGFR3	hprd
ENSP00000264657	STAT3	674	PLVYLYPDIPK		hprd
ENSP00000264657	STAT3	657	EIIMGYKIMDA		hprd
ENSP00000264657	STAT3	686	EAFGKYCRPES		hprd
ENSP00000264657	STAT3	539	GPGVNYSGCQI		hprd
ENSP00000295897	ALB	521	EVDETYVPKEF		hprd
ENSP00000295897	ALB	164	LKKYLYEIARR		hprd
ENSP00000295897	ALB	162	TFLKKYLYEIA		hprd
ENSP00000373700	ALK	1282	IYRASYYRKGG	ALK	hprd
ENSP00000373700	ALK	1283	YRASYYRKGGC	ALK	hprd
ENSP00000373700	ALK	1604	PGAGHYEDTIL	ALK	hprd
ENSP00000373700	ALK	1078	LQSPEYKLSKL		hprd
ENSP00000373700	ALK	1096	DYNPNYCFAGK		hprd
ENSP00000373700	ALK	1278	MARDIYRASYY		hprd
ENSP00000373700	ALK	1507	LWNPTYGSWFT		hprd
ENSP00000373700	ALK	1584	CGNVNYGYQQQ		hprd
ENSP00000373700	ALK	1092	TIMTDYNPNYC		hprd
ENSP00000373700	ALK	1359	CPGPVYRIMTQ		hprd
ENSP00000273430	AGTR1	302	LNPLFYGFLGK		hprd
ENSP00000273430	AGTR1	319	LQLLKYIPPKA		hprd
ENSP00000270139	IFNAR1	466	LRCINYVFFPS	TYK2	hprd
ENSP00000270139	IFNAR1	481	SSIDEYFSEQP	TYK2	hprd
ENSP00000356713	IFNGR1	457	PTSFGYDKPHV		hprd
ENSP00000339007	GRB2	209	MFPRNYVTPVN	EGFR	hprd
ENSP00000339007	GRB2	160	PQQPTYVQALF	SRC	hprd
ENSP00000350283	BRCA1	1202	HLAQGYRRGAK		hprd
ENSP00000272298	CALM2	100	KDGNGYISAAE	EGFR	hprd
ENSP00000291295	CALM3	100	KDGNGYISAAE	EGFR	hprd
ENSP00000349467	CALM1	100	KDGNGYISAAE	EGFR	hprd
ENSP00000272298	CALM2	139	DGQVNYEEFVQ	INSR	hprd
ENSP00000291295	CALM3	139	DGQVNYEEFVQ	INSR	hprd
ENSP00000349467	CALM1	139	DGQVNYEEFVQ	INSR	hprd
ENSP00000303939	CTLA4	201	LTTGVYVKMPP	FYN	hprd
ENSP00000275493	EGFR	1016	VDADEYLIPQQ	EGFR	hprd
ENSP00000275493	EGFR	1069	SFLQRYSSDPT	EGFR	hprd
ENSP00000275493	EGFR	1092	LPVPEYINQSV	EGFR	hprd
ENSP00000275493	EGFR	1110	VQNPVYHNQPL	EGFR	hprd
ENSP00000275493	EGFR	1172	LDNPDYQQDFF	EGFR	hprd
ENSP00000275493	EGFR	1197	AENAEYLRVAP	EGFR	hprd
ENSP00000275493	EGFR	1125	SRDPHYQDPHS	SRC	hprd
ENSP00000275493	EGFR	869	AEEKEYHAEGG	SRC	hprd
ENSP00000275493	EGFR	915	FGSKPYDGIPA	SRC	hprd
ENSP00000275493	EGFR	944	CTIDVYMIMVK	SRC	hprd
ENSP00000275493	EGFR	998	TDSNFYRALMD	SRC	hprd
ENSP00000275493	EGFR	1138	VGNPEYLNTVQ		hprd
ENSP00000275493	EGFR	727	AFGTVYKGLWI		hprd
ENSP00000275493	EGFR	891	ILHRIYTHQSD		hprd
ENSP00000275493	EGFR	978	RDPQRYLVIQG		hprd
ENSP00000222139	EPOR	368	HAQDTYLVLDK	JAK2	hprd
ENSP00000222139	EPOR	426	AASFEYTILDP	JAK2	hprd
ENSP00000222139	EPOR	454	PPHLKYLYLVV	JAK2	hprd
ENSP00000222139	EPOR	456	HLKYLYLVVSD	JAK2	hprd
ENSP00000222139	EPOR	468	GISTDYSSGDS	JAK2	hprd
ENSP00000222139	EPOR	485	LSDGPYSNPYE	JAK2	hprd
ENSP00000222139	EPOR	489	PYSNPYENSLI	JAK2	hprd
ENSP00000206249	ESR1	537	NVVPLYDLLLE	LCK	hprd
ENSP00000357656	FYN	531	ATEPQYQPGEN	CSK	hprd
ENSP00000357656	FYN	420	IEDNEYTARQG	FYN	hprd
ENSP00000357656	FYN	39	PTPQHYPSFGV	FYN	hprd
ENSP00000357656	FYN	28	NQSSGYRYGTD	PDGFRB	hprd
ENSP00000357656	FYN	30	SSGYRYGTDPT	FYN	hprd
ENSP00000357656	FYN	214	DNGGYYITTRA		hprd
ENSP00000357656	FYN	213	LDNGGYYITTR		hprd
ENSP00000357656	FYN	185	TTKGAYSLSIR		hprd
ENSP00000229239	GAPDH	42	FIDLNYMVYMF		hprd
ENSP00000384053	CSF2RB	593	DFNGPYLGPPH		hprd
ENSP00000384053	CSF2RB	628	PGSLEYLCLPA		hprd
ENSP00000384053	CSF2RB	711	GVASGYVSSAD		hprd
ENSP00000384053	CSF2RB	766	SGFEGYVELPP		hprd
ENSP00000335153	HSP90AA1	789	LVILLYETALL		hprd
ENSP00000306157	IL7R	449	NQEEAYVTMSS		hprd
ENSP00000306157	IL7R	159	HLQKKYVKVLM		hprd
ENSP00000306157	IL7R	169	MHDVAYRQEKD		hprd
ENSP00000216223	IL2RB	364	FTNQGYFFFHL	JAK1	hprd
ENSP00000216223	IL2RB	381	EACQVYFTYDP	LCK	hprd
ENSP00000216223	IL2RB	384	QVYFTYDPYSE	LCK	hprd
ENSP00000216223	IL2RB	387	FTYDPYSEEDP	LCK	hprd
ENSP00000216223	IL2RB	418	GEDDAYCTFPS	LCK	hprd
ENSP00000216223	IL2RB	536	LNTDAYLSLQE	LCK	hprd
ENSP00000227752	IL10RA	446	VAFQGYLRQTR	JAK1	hprd
ENSP00000227752	IL10RA	496	ALAKGYLKQDP	JAK1	hprd
ENSP00000268035	IGF1R	1280	REVSFYYSEEN		hprd
ENSP00000268035	IGF1R	1281	EVSFYYSEENK		hprd
ENSP00000268035	IGF1R	1346	DERQPYAHMNG		hprd
ENSP00000268035	IGF1R	1161	MTRDIYETDYY	SRC	hprd
ENSP00000268035	IGF1R	1165	IYETDYYRKGG	SRC	hprd
ENSP00000268035	IGF1R	1166	YETDYYRKGGK	SRC	hprd
ENSP00000268035	IGF1R	973	GNGVLYASVNP	SRC	hprd
ENSP00000268035	IGF1R	980	SVNPEYFSAAD	SRC	hprd
ENSP00000304895	IRS1	1179	ENGLNYIDLDL		hprd
ENSP00000304895	IRS1	896	KSPGEYVNIEF	IGF1R	hprd
ENSP00000304895	IRS1	612	HTDDGYMPMSP	JAK1	hprd
ENSP00000304895	IRS1	632	KGSGDYMPMSP	JAK1	hprd
ENSP00000304895	IRS1	662	VDPNGYMMMSP	JAK1	hprd
ENSP00000304895	IRS1	732	PCTGDYMNMSP	JAK1	hprd
ENSP00000304895	IRS1	1229	EDLSAYASISF		hprd
ENSP00000304895	IRS1	941	TGTEEYMKMDL		hprd
ENSP00000304895	IRS1	46	PARLEYYENEK		hprd
ENSP00000304895	IRS1	87	HLVALYTRDEH		hprd
ENSP00000303830	INSR	1185	MTRDIYETDYY	INSR	hprd
ENSP00000303830	INSR	1189	IYETDYYRKGG	INSR	hprd
ENSP00000303830	INSR	1190	YETDYYRKGGK	INSR	hprd
ENSP00000303830	INSR	1355	GFKRSYEEHIP	INSR	hprd
ENSP00000303830	INSR	1361	EEHIPYTHMNG	INSR	hprd
ENSP00000303830	INSR	992	PLGPLYASSNP	INSR	hprd
ENSP00000303830	INSR	999	SSNPEYLSASD	INSR	hprd
ENSP00000303830	INSR	401	KIRRSYALVSL		hprd
ENSP00000170630	IL4R	497	AGNPAYRSFSN		hprd
ENSP00000170630	IL4R	575	APTSGYQEFVH		hprd
ENSP00000170630	IL4R	603	PGEAGYKAFSS		hprd
ENSP00000170630	IL4R	631	SGEEGYKPFQD		hprd
ENSP00000170630	IL4R	713	GSGIVYSALTC		hprd
ENSP00000343204	JAK1	1034	ETDKEYYTVKD	JAK3	hprd
ENSP00000343204	JAK1	1035	TDKEYYTVKDD	JAK3	hprd
ENSP00000303507	BCR	283	PYQSIYVGGMM		hprd
ENSP00000303507	BCR	591	SQLGVYRAFVD		hprd
ENSP00000303507	BCR	644	LETLLYKPVDR		hprd
ENSP00000303507	BCR	177	AEKPFYVNVEF	HCK	hprd
ENSP00000303507	BCR	328	DCGGGYTPDCS		hprd
ENSP00000303507	BCR	360	PSPTTYRMFRD		hprd
ENSP00000303507	BCR	246	GVDGDYEDAEL	FES	hprd
ENSP00000303507	BCR	276	WPPLEYQPYQS	FES	hprd
ENSP00000303507	BCR	279	LEYQPYQSIYV	FES	hprd
ENSP00000303507	BCR	436	GTPPGYGCAAD		hprd
ENSP00000303507	BCR	598	AFVDNYGVAME		hprd
ENSP00000263409	LIFR	807	QGKTSYHLVLR		hprd
ENSP00000337825	LCK	394	IEDNEYTAREG	FCGR3A	hprd
ENSP00000337825	LCK	192	DNGGFYISPRI	SYK	hprd
ENSP00000361548	MPL	626	IANHSYLPLSY		hprd
ENSP00000297494	NOS3	81	VGSITYDTLSA		hprd
ENSP00000216797	NFKBIA	42	MKDEEYEQMVK	LCK	hprd
ENSP00000270202	AKT1	474	FPQFSYSASGT		hprd
ENSP00000270202	AKT1	315	CGTPEYLAPEV	SRC	hprd
ENSP00000270202	AKT1	326	LEDNDYGRAVD	SRC	hprd
ENSP00000251849	RAF1	340	QRDSSYYWEIE	JAK2	hprd
ENSP00000251849	RAF1	341	RDSSYYWEIEA	JAK2	hprd
ENSP00000301843	CTTN	421	PSSPVYEDAAS	FER	hprd
ENSP00000301843	CTTN	470	ATEAVYESAEA	SRC	hprd
ENSP00000301843	CTTN	486	AEDSTYDEYEN	SRC	hprd
ENSP00000301843	CTTN	446	EPEPVYSMEAA		hprd
ENSP00000301843	CTTN	334	QVSSAYQKTVP		hprd
ENSP00000301843	CTTN	453	MEAADYREASS		hprd
ENSP00000301843	CTTN	141	AVGFEYQGKTE		hprd
ENSP00000301843	CTTN	433	KAELSYRGPVS		hprd
ENSP00000301843	CTTN	289	AVGFDYKEKLA		hprd
ENSP00000269571	ERBB2	1196	VENPEYLTPQG		hprd
ENSP00000269571	ERBB2	1248	AENPEYLGLDV		hprd
ENSP00000269571	ERBB2	1023	VDAEEYLVPQQ	ERBB2	hprd
ENSP00000269571	ERBB2	1139	SPQPEYVNQPD	ERBB2	hprd
ENSP00000269571	ERBB2	1221	AFDNLYYWDQD	ERBB2	hprd
ENSP00000269571	ERBB2	1222	FDNLYYWDQDP	ERBB2	hprd
ENSP00000269571	ERBB2	877	IDETEYHADGG		hprd
ENSP00000269571	ERBB2	735	AFGTVYKGIWI		hprd
ENSP00000269571	ERBB2	923	FGAKPYDGIPA		hprd
ENSP00000269571	ERBB2	1005	LDSTFYRSLLE		hprd
ENSP00000324740	YES1	426	IEDNEYTARQG	YES1	hprd
ENSP00000324740	YES1	446	PEAALYGRFTI		hprd
ENSP00000324740	YES1	32	TSVSHYGAEPT		hprd
ENSP00000324740	YES1	537	ATEPQYQPGEN		hprd
ENSP00000324740	YES1	194	TTKGAYSLSIR		hprd
ENSP00000288135	KIT	545	VMILTYKYLQK		hprd
ENSP00000288135	KIT	547	ILTYKYLQKPM		hprd
ENSP00000288135	KIT	553	LQKPMYEVQWK		hprd
ENSP00000288135	KIT	730	KPGVSYVVPTK		hprd
ENSP00000288135	KIT	747	VRIGSYIERDV		hprd
ENSP00000288135	KIT	568	INGNNYVYIDP	KIT	hprd
ENSP00000288135	KIT	570	GNNYVYIDPTQ	KIT	hprd
ENSP00000288135	KIT	703	AEAALYKNLLH	KIT	hprd
ENSP00000288135	KIT	936	STNHIYSNLAN	KIT	hprd
ENSP00000288135	KIT	900	APAEMYDIMKT	SRC	hprd
ENSP00000288135	KIT	721	DSTNEYMDMKP		hprd
ENSP00000288135	KIT	362	DKWEDYPKSEN		hprd
ENSP00000360266	JUN	170	SEPPVYANLSN	ABL1	hprd
ENSP00000264033	CBL	674	SANAIYSLAAR		hprd
ENSP00000264033	CBL	700	EEDTEYMTPSS	EGFR	hprd
ENSP00000264033	CBL	731	IDSCTYEAMYN	EGFR	hprd
ENSP00000264033	CBL	774	NEDDGYDVPKP	EGFR	hprd
ENSP00000264033	CBL	371	EQYELYCEMGS	INSR	hprd
ENSP00000264033	CBL	552	PPDRPYSVGAE		hprd
ENSP00000264033	CBL	455	APSPNYDDDDD		hprd
ENSP00000274335	PIK3R1	368	KMHGDYTLTLR		hprd
ENSP00000274335	PIK3R1	580	KTRDQYLMWLT	INSR	hprd
ENSP00000274335	PIK3R1	607	NTEDQYSLVED	INSR	hprd
ENSP00000274335	PIK3R1	688	EPYNLYSSLKE	LCK	hprd
ENSP00000274335	PIK3R1	452	KKLHEYNTQFQ		hprd
ENSP00000274335	PIK3R1	467	EYDRLYEEYTR		hprd
ENSP00000274335	PIK3R1	556	KQAAEYREIDK		hprd
ENSP00000244007	PLCG1	771	TAEPDYGALYE	LYN	hprd
ENSP00000244007	PLCG1	783	RNPGFYVEANP	LYN	hprd
ENSP00000244007	PLCG1	1254	SFESRYQQPFE		hprd
ENSP00000244007	PLCG1	472	AEGSAYEEVPT	EGFR	hprd
ENSP00000244007	PLCG1	775	DYGALYEGRNP		hprd
ENSP00000244007	PLCG1	977	TERACYRDMSS		hprd
ENSP00000244007	PLCG1	481	PTSMMYSENDI		hprd
ENSP00000261799	PDGFRB	1009	TSSVLYTAVQP	PDGFRB	hprd
ENSP00000261799	PDGFRB	1021	EGDNDYIIPLP	PDGFRB	hprd
ENSP00000261799	PDGFRB	579	SDGHEYIYVDP	PDGFRB	hprd
ENSP00000261799	PDGFRB	581	GHEYIYVDPMQ	PDGFRB	hprd
ENSP00000261799	PDGFRB	716	PSAELYSNALP	PDGFRB	hprd
ENSP00000261799	PDGFRB	740	ESDGGYMDMSK	PDGFRB	hprd
ENSP00000261799	PDGFRB	751	DESVDYVPMLD	PDGFRB	hprd
ENSP00000261799	PDGFRB	763	KGDVKYADIES	PDGFRB	hprd
ENSP00000261799	PDGFRB	771	IESSNYMAPYD	PDGFRB	hprd
ENSP00000261799	PDGFRB	775	NYMAPYDNYVP	PDGFRB	hprd
ENSP00000261799	PDGFRB	857	MRDSNYISKGS	PDGFRB	hprd
ENSP00000261799	PDGFRB	934	ASDEIYEIMQK		hprd
ENSP00000371432	PRLR	611	LGGLDYLDPAC		hprd
ENSP00000340944	PTPN11	580	DSARVYENVGL		hprd
ENSP00000340944	PTPN11	542	RKGHEYTNIKY	PDGFRB	hprd
ENSP00000340944	PTPN11	62	QNTGDYYDLYG		hprd
ENSP00000340944	PTPN11	63	NTGDYYDLYGG		hprd
ENSP00000340944	PTPN11	66	DYYDLYGGEKF		hprd
ENSP00000340944	PTPN11	279	KNKNRYKNILP		hprd
ENSP00000391592	PTPN6	536	GQESEYGNITY	ABL1	hprd
ENSP00000391592	PTPN6	64	DFYDLYGGEKF		hprd
ENSP00000391592	PTPN6	61	NSGDFYDLYGG		hprd
ENSP00000391592	PTPN6	541	YGNITYPPAMK		hprd
ENSP00000360683	PTPN1	66	QEDNDYINASL	EGFR	hprd
ENSP00000360683	PTPN1	152	EDIKSYYTVRQ	INSR	hprd
ENSP00000360683	PTPN1	153	DIKSYYTVRQL	INSR	hprd
ENSP00000360683	PTPN1	20	SWAAIYQDIRH		hprd
ENSP00000264818	TYK2	1054	PEGHEYYRVRE	JAK1	hprd
ENSP00000264818	TYK2	1055	EGHEYYRVRED	JAK1	hprd
ENSP00000264818	TYK2	292	EGEPCYIRDSG		hprd
ENSP00000281092	FER	714	EDGGVYSSSGL	FER	hprd
ENSP00000281092	FER	402	PPVVNYEEDAR	FER	hprd
ENSP00000215832	MAPK1	187	GFLTEYVATRW	MAPK1	hprd
ENSP00000215832	MAPK1	205	LNSKGYTKSID		hprd
ENSP00000331602	PRKCD	155	QAKIHYIKNHE	LYN	hprd
ENSP00000331602	PRKCD	187	LNKQGYKCRQC	LYN	hprd
ENSP00000331602	PRKCD	52	KKPTMYPEWKS	LYN	hprd
ENSP00000331602	PRKCD	567	VDTPHYPRWIT	LYN	hprd
ENSP00000331602	PRKCD	64	FDAHIYEGRVI	LYN	hprd
ENSP00000331602	PRKCD	313	EPVGIYQGFEK	LCK	hprd
ENSP00000331602	PRKCD	334	DNSGTYGKIWE	LCK	hprd
ENSP00000331602	PRKCD	514	CGTPDYIAPEI	LCK	hprd
ENSP00000331602	PRKCD	374	KGRGEYFAIKA		hprd
ENSP00000331602	PRKCD	646	KARLSYSDKNL		hprd
ENSP00000331602	PRKCD	120	LMSVQYFLEDV		hprd
ENSP00000361423	ABL1	204	SDGKLYVSSES		hprd
ENSP00000361423	ABL1	272	LGGGQYGEVYE		hprd
ENSP00000361423	ABL1	276	QYGEVYEGVWK		hprd
ENSP00000361423	ABL1	283	GVWKKYSLTVA		hprd
ENSP00000361423	ABL1	245	NKPTVYGVSPN	ABL1	hprd
ENSP00000361423	ABL1	488	CPEKVYELMRA	ABL1	hprd
ENSP00000361423	ABL1	412	MTGDTYTAHAG	SRC	hprd
ENSP00000361423	ABL1	251	GVSPNYDKWEM		hprd
ENSP00000361423	ABL1	134	WVPSNYITPVN		hprd
ENSP00000331504	FES	713	EADGVYAASGG	FES	hprd
ENSP00000331504	FES	811	SFSTIYQELQS	FES	hprd
ENSP00000350941	SRC	216	DSGGFYITSRT		hprd
ENSP00000350941	SRC	530	STEPQYQPGEN	FGR	hprd
ENSP00000350941	SRC	419	IEDNEYTARQG	SRC	hprd
ENSP00000267101	ERBB3	1199	DEEYEYMNRRR		hprd
ENSP00000267101	ERBB3	1262	DEDYEYMNRQR		hprd
ENSP00000267101	ERBB3	1276	GPGGDYAAMGA		hprd
ENSP00000267101	ERBB3	1289	ASEQGYEEMRA		hprd
ENSP00000267101	ERBB3	1328	FDNPDYWHSRL		hprd
ENSP00000267101	ERBB3	1054	SPSSGYMPMNQ		hprd
ENSP00000267101	ERBB3	1197	DEDEEYEYMNR		hprd
ENSP00000267101	ERBB3	1222	LEELGYEYMDV		hprd
ENSP00000267101	ERBB3	1260	TPDEDYEYMNR		hprd
ENSP00000244174	IL9R	407	VQTLAYLPQED		hprd
ENSP00000308176	BTK	617	QGLRLYRPHLA		hprd
ENSP00000308176	BTK	551	VLDDEYTSSVG	LYN	hprd
ENSP00000308176	BTK	223	KVVALYDYMPM	ITK	hprd
ENSP00000308176	BTK	225	VALYDYMPMNA		hprd
ENSP00000308176	BTK	361	PELINYHQHNS		hprd
ENSP00000265773	SMARCA2	627	EMNPGYEVAPR		hprd
ENSP00000265773	SMARCA2	642	ESDSDYEEEDE		hprd
ENSP00000248594	PTPN12	42	RLSTKYRTEKI		hprd
ENSP00000296474	MST1R	1238	ILDREYYSVQQ	MST1R	hprd
ENSP00000296474	MST1R	1239	LDREYYSVQQH	MST1R	hprd
ENSP00000296474	MST1R	1353	LLGDHYVQLPA	MST1R	hprd
ENSP00000296474	MST1R	1360	QLPATYMNLGP	MST1R	hprd
ENSP00000391676	JAK3	785	LISSDYELLSD	JAK3	hprd
ENSP00000391676	JAK3	980	PLDKDYYVVRE	JAK3	hprd
ENSP00000391676	JAK3	981	LDKDYYVVREP	JAK3	hprd
ENSP00000352336	PLCG2	1245	NQLQLYQEKCN		hprd
ENSP00000352336	PLCG2	753	DINSLYDVSRM	LYN	hprd
ENSP00000352336	PLCG2	759	DVSRMYVDPSE	LYN	hprd
ENSP00000352336	PLCG2	1197	SEEELYSSCRQ	BTK	hprd
ENSP00000352336	PLCG2	1217	NQLFLYDTHQN	BTK	hprd
ENSP00000352336	PLCG2	733	KMRLRYPVTPE		hprd
ENSP00000394794	PTPN13	2399	LTFISYMRHIH		hprd
ENSP00000361264	RAPGEF1	522	IPSVPYAPFAA	HCK	hprd
ENSP00000360916	VAV2	142	NDDDVYRSLEE	EGFR	hprd
ENSP00000360916	VAV2	159	LGEDIYDCVPC	EGFR	hprd
ENSP00000360916	VAV2	172	GGDDIYEDIIK	EGFR	hprd
ENSP00000354394	STAT1	701	PKGTGYIKTEL	KIT	hprd
ENSP00000315768	STAT2	690	QERRKYLKHRL	JAK1	hprd
ENSP00000351255	STAT4	693	RGDKGYVPSVF		hprd
ENSP00000401303	SHC1	349	PPDHQYYNDFP	SRC	hprd
ENSP00000401303	SHC1	350	PDHQYYNDFPG	SRC	hprd
ENSP00000401303	SHC1	428	FDDPSYVNVQN	FLT3	hprd
ENSP00000370912	TEC	206	ERGQEYLILEK	TEC	hprd
ENSP00000341189	PTK2	407	DEEDTYTMPST	SRC	hprd
ENSP00000341189	PTK2	576	MEDSTYYKASK	SRC	hprd
ENSP00000341189	PTK2	577	EDSTYYKASKG	SRC	hprd
ENSP00000341189	PTK2	397	SETDDYAEIID		hprd
ENSP00000341189	PTK2	570	FGLSRYMEDST		hprd
ENSP00000228872	CDKN1B	88	SLPEFYYRPPR	LYN	hprd
ENSP00000228872	CDKN1B	74	PLEGKYEWQEV	SRC	hprd
ENSP00000365016	IRS2	628	VAYHPYPEDYG	INSR	hprd
ENSP00000365016	IRS2	632	PYPEDYGDIEI	INSR	hprd
ENSP00000365016	IRS2	75	PPRLEYYESEK		hprd
ENSP00000365016	IRS2	653	GADDGYMPMTP		hprd
ENSP00000365016	IRS2	675	CRSDDYMPMSP		hprd
ENSP00000365016	IRS2	742	PEDSGYMRMWC		hprd
ENSP00000365016	IRS2	823	GDSDQYVLMSS		hprd
ENSP00000365016	IRS2	978	SPLSDYMNLDF		hprd
ENSP00000365016	IRS2	184	GAEDSYGLVAP		hprd
ENSP00000365016	IRS2	919	KSPGEYINIDF		hprd
ENSP00000365016	IRS2	810	SLPRSYKAPYT		hprd
ENSP00000365016	IRS2	814	SYKAPYTCGGD		hprd
ENSP00000230882	GHR	332	AIHDSYKPEFH		hprd
ENSP00000230882	GHR	487	SNIDFYAQVSD		hprd
ENSP00000230882	GHR	534	LMDNAYFCEAD		hprd
ENSP00000230882	GHR	566	NQEDIYITTES		hprd
ENSP00000230882	GHR	627	LSSCGYVSTDQ		hprd
ENSP00000330393	LEPR	1141	KTFASYMPQFQ		hprd
ENSP00000330393	LEPR	986	QPFVKYATLIS		hprd
ENSP00000369312	IL15RA	227	SLLACYLKSRQ	SYK	hprd
ENSP00000332816	PTK2B	906	LPPEGYVVVVK	PTPN11	hprd
ENSP00000332816	PTK2B	402	IESDIYAEIPD	PTK2B	hprd
ENSP00000332816	PTK2B	579	IEDEDYYKASV	PTK2B	hprd
ENSP00000332816	PTK2B	580	EDEDYYKASVT	PTK2B	hprd
ENSP00000332816	PTK2B	881	TDDLVYLNVME	PTK2B	hprd
ENSP00000332816	PTK2B	756	TSPMEYPSPVN		hprd
ENSP00000332816	PTK2B	834	LDPMVYMNDKS		hprd
ENSP00000292301	CCR2	139	LTIDRYLAIVH	JAK2	hprd
ENSP00000341208	STAT5A	694	KAVDGYVKPQI	BTK	hprd
ENSP00000341208	STAT5A	90	IKLGHYATQLQ		hprd
ENSP00000300134	STAT6	641	KDGRGYVPATI		hprd
ENSP00000381793	GRB10	67	SLESLYSACSM	SRC	hprd
ENSP00000381793	GRB10	404	YGMLLYQNYRI		hprd
ENSP00000301607	EVPL	2018	AALEGYRCYRS		hprd
ENSP00000301607	EVPL	360	NLDAKYSPAPG		hprd
ENSP00000322542	GTF2I	248	SEDPDYYQYNI	SRC	hprd
ENSP00000322542	GTF2I	652	ELVISYLPPGM	SRC	hprd
ENSP00000322542	GTF2I	398	HVEDLYVEGLP	BTK	hprd
ENSP00000322542	GTF2I	503	HPNDLYVEGLP	BTK	hprd
ENSP00000322542	GTF2I	920	FKAPSYLEISS		hprd
ENSP00000361021	PTEN	240	EDKFMYFEFPQ		hprd
ENSP00000361021	PTEN	315	DNDKEYLVLTL		hprd
ENSP00000274276	OSMR	837	LTKPNYLYLLP		hprd
ENSP00000274276	OSMR	379	GKMMQYNVSIK		hprd
ENSP00000263025	MAPK3	204	GFLTEYVATRW	MAP2K2	hprd
ENSP00000366746	STAM	198	TLSTLYPSTSS		hprd
ENSP00000366746	STAM	381	NEDPMYSMYAK		hprd
ENSP00000346300	CRKL	207	EPAHAYAQPQT		hprd
ENSP00000346300	CRKL	198	RNSNSYGIPEP		hprd
ENSP00000346300	CRKL	132	YVRTLYDFPGN		hprd
ENSP00000346300	CRKL	251	RVPCAYDKTAL		hprd
ENSP00000348307	SIRPA	496	PSFSEYASVQV	JAK2	hprd
ENSP00000313829	KHDRBS1	435	PVKGAYREHPY	PTK6	hprd
ENSP00000313829	KHDRBS1	103	EPENKYLPELM		hprd
ENSP00000228307	PXN	181	ALSPLYGVPET		hprd
ENSP00000228307	PXN	118	EEEHVYSFPNK	PTK2	hprd
ENSP00000228307	PXN	31	SEETPYSYPTG	PTK2	hprd
ENSP00000228307	PXN	40	TGNHTYQEIAV	CSK	hprd
ENSP00000228307	PXN	88	SSSPVYGSSAK	CSK	hprd
ENSP00000162330	BCAR1	128	AQQGLYQVPGP		hprd
ENSP00000162330	BCAR1	249	GPQDIYDVPPV		hprd
ENSP00000162330	BCAR1	306	NHHAVYDVPPS		hprd
ENSP00000162330	BCAR1	327	LREETYDVPPA		hprd
ENSP00000162330	BCAR1	410	VDSGVYAVPPP		hprd
ENSP00000162330	BCAR1	115	QPDSVYLVPTP	SRC	hprd
ENSP00000162330	BCAR1	165	PATDLYQVPPG	SRC	hprd
ENSP00000162330	BCAR1	179	PAQDIYQVPPS	SRC	hprd
ENSP00000162330	BCAR1	192	MGHDIYQVPPS	SRC	hprd
ENSP00000162330	BCAR1	234	PEQDEYDIPRH	SRC	hprd
ENSP00000162330	BCAR1	267	YGQEVYDTPPM	SRC	hprd
ENSP00000162330	BCAR1	287	PLLEVYDVPPS	SRC	hprd
ENSP00000162330	BCAR1	362	PAEDVYDVPPP	SRC	hprd
ENSP00000162330	BCAR1	387	GPGTLYDVPRE	SRC	hprd
ENSP00000162330	BCAR1	653	SPDGQYENSEG	SRC	hprd
ENSP00000162330	BCAR1	664	GWMEDYDYVHL	PTK2	hprd
ENSP00000162330	BCAR1	666	MEDYDYVHLQG	PTK2	hprd
ENSP00000162330	BCAR1	222	RVGQGYVYEAA		hprd
ENSP00000162330	BCAR1	224	GQGYVYEAAQP		hprd
ENSP00000162330	BCAR1	372	PAPDLYDVPPG		hprd
ENSP00000222254	PIK3R2	464	EYDQLYEEYTR		hprd
ENSP00000222254	PIK3R2	365	KIQGEYTLTLR		hprd
ENSP00000222254	PIK3R2	686	EPYNLYGSLKE		hprd
ENSP00000222254	PIK3R2	467	QLYEEYTRTSQ		hprd
ENSP00000222254	PIK3R2	460	DKSREYDQLYE		hprd
ENSP00000222254	PIK3R2	605	ETEDQYALMED		hprd
ENSP00000262320	AXIN1	148	AIYRKYILDNN		hprd
ENSP00000293328	STAT5B	679	PKDEVYSKYYT	SRC	hprd
ENSP00000293328	STAT5B	699	KAVDGYVKPQI	EGFR	hprd
ENSP00000293328	STAT5B	725	GGSATYMDQAP	EGFR	hprd
ENSP00000293328	STAT5B	740	CPQAHYNMYPQ	EGFR	hprd
ENSP00000293328	STAT5B	743	AHYNMYPQNPD	EGFR	hprd
ENSP00000293328	STAT5B	90	IKLGHYATQLQ		hprd
ENSP00000293328	STAT5B	98	QLQNTYDRCPM		hprd
ENSP00000293328	STAT5B	668	LNYLIYVFPDR		hprd
ENSP00000309871	RACGAP1	241	IETVPYWTRSR		hprd
ENSP00000345492	SH2B3	273	MPDNLYTFVLK	ZAP70	hprd
ENSP00000262741	PIK3R3	341	DADENYFINEE		hprd
ENSP00000263904	STAM2	371	NEAPVYSVYSK		hprd
ENSP00000263904	STAM2	374	PVYSVYSKLHP		hprd
ENSP00000263904	STAM2	192	ETKSLYPSSEI	EGFR	hprd
ENSP00000263904	STAM2	291	EPEPVYIDEDK		hprd
ENSP00000381412	CAMK2A	13	RFTEEYQLFEE		hprd
ENSP00000348578	G3BP1	56	PADAVYGQKEI		hprd
ENSP00000348578	G3BP1	133	NDIFRYQDEVF		hprd
ENSP00000348578	G3BP1	174	DSGTFYDQAVV		hprd
ENSP00000325875	HSP90AB1	484	TQKSIYYITGE		hprd
ENSP00000325875	HSP90AB1	596	IVTSTYGWTAN		hprd
ENSP00000227378	HSPA8	611	IITKLYQSAGG		hprd
ENSP00000315602	CHRNA3	221	KHDIKYNCCEE		hprd
ENSP00000315602	CHRNA3	228	CCEEIYPDITY		hprd
ENSP00000315602	CHRNA3	233	YPDITYSLYIR		hprd
ENSP00000315602	CHRNA3	236	ITYSLYIRRLP		hprd
ENSP00000354566	CD3E	188	VPNPDYEPIRK	LCK	hprd
ENSP00000354566	CD3E	199	GQRDLYSGLNQ	LCK	hprd
ENSP00000336752	FIP1L1	505	SDEERYRYREY		hprd
ENSP00000336752	FIP1L1	299	KWQDRYGRAES		hprd
ENSP00000234313	PLEK	130	DLGALYLSMKD		hprd
ENSP00000284273	UBASH3B	19	AREELYSKVTP		hprd
