name	ATR
id	ENSP00000343741
type	Serine/threonine kinase
proline+1_removed	Yes
npartners	188
npartners_with_sites	165
nsites	534
//
motif	score	fg_matches	fg_size	bg_matches	bg_size	fold_increase
.....[ST]D.E..	615.31	60	2113	38	9383	7.01
....D[ST]D.D..	335.58	11	1792	0	8887	Inf
.....[ST]Q....	307.65	261	2053	458	9345	2.59
.KR..[ST].....	24.48	32	1781	20	8887	7.98
.....[ST]SP...	23.07	50	1749	59	8867	4.3
//
prot_id	prot_name	position	flank	kinase	source	string_score
ENSP00000371475	TP53BP1	30	LIIEDSQPESQ	ATM	hprd;pelm;psite	793
ENSP00000371475	TP53BP1	34	DSQPESQVLED	ATM	hprd;pelm;psite	793
ENSP00000371475	TP53BP1	110	TCGSISQVIEQ		hprd;pelm;psite	793
ENSP00000371475	TP53BP1	171	EDTASSQLGFG		psite	793
ENSP00000371475	TP53BP1	181	GVLELSQSQDV		psite	793
ENSP00000371475	TP53BP1	183	LELSQSQDVEE		psite	793
ENSP00000371475	TP53BP1	307	PEVLSTQEDLF		hprd;pelm;psite	793
ENSP00000371475	TP53BP1	384	PFIVPSSPTEQ		hprd;pelm;psite	793
ENSP00000371475	TP53BP1	457	SLPIPSQPQFS		psite	793
ENSP00000371475	TP53BP1	528	STSEYSQSPKM		hprd;pelm;psite	793
ENSP00000371475	TP53BP1	548	EDGENTQIEDT		hprd;pelm;psite	793
ENSP00000371475	TP53BP1	585	GEVQLSQNDDK		hprd;pelm;psite	793
ENSP00000371475	TP53BP1	630	TCDSGSQAVPS		hprd;pelm;psite	793
ENSP00000371475	TP53BP1	701	LSLTETQSQGL		psite	793
ENSP00000371475	TP53BP1	703	LTETQSQGLCL		psite	793
ENSP00000371475	TP53BP1	789	EKCSDSQSWED	ATM	hprd;pelm;psite	793
ENSP00000371475	TP53BP1	836	VEQDSSQPSLP		hprd;pelm;psite	793
ENSP00000371475	TP53BP1	860	LQQPQTQEKTS		hprd;pelm;psite	793
ENSP00000371475	TP53BP1	882	AKQLSSDAEAQ		hprd;pelm;psite	793
ENSP00000371475	TP53BP1	897	PSAHASQSFCE		hprd;pelm;psite	793
ENSP00000371475	TP53BP1	1073	LHFPSSQGEEE		hprd;pelm;psite	793
ENSP00000371475	TP53BP1	1091	HTIRQSQQPMK		hprd;psite	793
ENSP00000371475	TP53BP1	1109	PVSPASQKMVI		hprd;pelm;psite	793
ENSP00000371475	TP53BP1	1118	VIQGPSSPQGE		hprd;pelm;psite	793
ENSP00000371475	TP53BP1	1153	LIERPSQNNIG		psite	793
ENSP00000371475	TP53BP1	1176	TVSAATQTIKN		hprd;pelm;psite	793
ENSP00000371475	TP53BP1	1224	TESLHSQGEEE	ATM	hprd;pelm;psite	793
ENSP00000371475	TP53BP1	1295	TEVSPSQTGGS		hprd;pelm;psite	793
ENSP00000371475	TP53BP1	1373	PRKGVSQTGTP		hprd;pelm;psite	793
ENSP00000371475	TP53BP1	1485	DGLDASSPGNS		hprd;pelm;psite	793
ENSP00000371475	TP53BP1	1639	RRSNVSSPATP		hprd;pelm;psite	793
ENSP00000371475	TP53BP1	1783	KQYTESQLRAG	ATM	psite	793
ENSP00000225402	AATF	155	SVQSISDFEKF		hprd;pelm;psite	620
ENSP00000225402	AATF	189	DDAEDSQGESE	ATM	psite	620
ENSP00000361423	ABL1	465	PGIDLSQVYEL	ATM	hprd;pelm;psite	757
ENSP00000361423	ABL1	639	PKRSSSFREMD		hprd;psite	757
ENSP00000361423	ABL1	827	ESSPGSSPPNL		hprd;psite	757
ENSP00000361423	ABL1	938	PSQSPSQEAAG	ABL1	hprd;psite	757
ENSP00000361423	ABL1	968	DAAKPSQPGEG		hprd;pelm;psite	757
ENSP00000313171	ATAD5	356	MENSLSDPENE		hprd;psite	534
ENSP00000313171	ATAD5	621	DVQDNSQLKAS		hprd;psite	534
ENSP00000313171	ATAD5	817	SFDESSQDTSE		hprd;psite	534
ENSP00000313171	ATAD5	1116	DFKGSSDDEEE		hprd;psite	534
ENSP00000313171	ATAD5	1213	PKKVVTSPRKV		hprd;psite	534
ENSP00000278616	ATM	86	NVSASTQASRQ		hprd;pelm;psite	891
ENSP00000278616	ATM	367	RSLEISQSYTT	ATM	hprd;pelm;psite	891
ENSP00000278616	ATM	373	QSYTTTQRESS		hprd;pelm;psite	891
ENSP00000278616	ATM	440	LLMILSQLLPQ	ATM	hprd;psite	891
ENSP00000278616	ATM	1878	CLRHFSQTSRS		psite	891
ENSP00000278616	ATM	2996	CKRNLSDIDQS	ATM	hprd;psite	891
ENSP00000323099	ATRIP	68	LDTLASQALSQ	ATR	hprd;pelm;psite	999
ENSP00000323099	ATRIP	72	ASQALSQCPAA	ATR	hprd;pelm;psite	999
ENSP00000347232	BLM	99	PAGQETQRGGS	ATM;ATR	pelm;psite	705
ENSP00000347232	BLM	122	EVVCTTQNTPT	ATM;ATR	pelm;psite	705
ENSP00000347232	BLM	1295	SPAEDSSPGIS		hprd;pelm;psite	705
ENSP00000350283	BRCA1	509	RKRRPTSGLHP	AKT1	hprd;pelm;psite	994
ENSP00000350283	BRCA1	694	SKRHDSDTFPE	AKT1	hprd;psite	994
ENSP00000350283	BRCA1	803	PNKCVSQCAAF		psite	994
ENSP00000350283	BRCA1	1143	GSSHASQVCSE	ATR	hprd;psite	994
ENSP00000350283	BRCA1	1239	VNNIPSQSTRH		hprd;pelm;psite	994
ENSP00000350283	BRCA1	1280	ILAKASQEHHL	ATR	hprd;psite	994
ENSP00000350283	BRCA1	1330	RHQSESQGVGL	ATM	hprd;pelm;psite	994
ENSP00000350283	BRCA1	1336	QGVGLSDKELV		hprd;pelm;psite	994
ENSP00000350283	BRCA1	1342	DKELVSDDEER		hprd;pelm;psite	994
ENSP00000350283	BRCA1	1387	CSGLSSQSDIL	ATM	hprd;pelm;psite	994
ENSP00000350283	BRCA1	1423	LEQHGSQPSNS	ATM;ATR	hprd;pelm;psite	994
ENSP00000350283	BRCA1	1457	KAVLTSQKSSE	ATM;ATR	hprd;pelm;psite	994
ENSP00000350283	BRCA1	1466	SEYPISQNPEG	ATM	hprd;pelm;psite	994
ENSP00000350283	BRCA1	1524	NRNYPSQEELI	ATM;ATR	hprd;pelm;psite	994
ENSP00000350283	BRCA1	1720	SYFWVTQSIKE		hprd;pelm;psite	994
ENSP00000369497	BRCA2	683	NNTVISQDLDY		hprd;pelm;psite	547
ENSP00000369497	BRCA2	755	DTDFQSQKSLL		hprd;pelm;psite	547
ENSP00000369497	BRCA2	805	GNNYESDVELT		psite	547
ENSP00000302530	BUB1	314	EDLPASQERSE	ATM	hprd;pelm;psite	443
ENSP00000302530	BUB1	331	GPSVGSQQELR		psite	443
ENSP00000302530	BUB1	679	SLLRLSQPAAG		psite	443
ENSP00000308450	CDC20	153	LKVLYSQKATP	BUB1	hprd;psite	453
ENSP00000303706	CDC25A	124	LKRSHSDSLDH	CHEK1;CHEK2	hprd;pelm;psite	498
ENSP00000303706	CDC25A	279	KRPERSQEESP	CHEK1;CHEK2	hprd;pelm;psite	498
ENSP00000303706	CDC25A	293	TKRRKSMSGAS	CHEK1;CHEK2;RPS6KA1	hprd;pelm;psite	498
ENSP00000321656	CDC25C	449	LLRCRSQSKVQ		psite	532
ENSP00000360532	CDC5L	303	PAPQISDAELQ		hprd;pelm;psite	647
ENSP00000360532	CDC5L	358	PRTPASQDRIL		psite	647
ENSP00000209728	CDC6	20	PKRKLSRALNK		psite	719
ENSP00000209728	CDC6	127	SSVRKSQEITT		hprd;psite	719
ENSP00000362361	CDK9	347	PRRKGSQITQQ	CDK9	hprd;psite	644
ENSP00000362361	CDK9	350	KGSQITQQSTN		psite	644
ENSP00000301019	CDT1	380	MEKALSQLALR		psite	638
ENSP00000278935	CEP164	186	ELMLPSQGLKT		psite	640
ENSP00000349508	CHD4	103	EVALRSDSEGS		hprd;pelm;psite	636
ENSP00000349508	CHD4	308	SKRKRSSSEDD		hprd;pelm;psite	636
ENSP00000349508	CHD4	310	RKRSSSEDDDL		hprd;pelm;psite	636
ENSP00000349508	CHD4	1349	NYNDGSQEDRD	ATM	hprd;pelm;psite	636
ENSP00000349508	CHD4	1531	ENKKMSQPGSP		hprd;pelm;psite	636
ENSP00000349508	CHD4	1549	STPGDTQPNTP		hprd;psite	636
ENSP00000372023	CHEK2	19	GSSACSQPHGS	ATM;CHEK2	hprd;pelm;psite	993
ENSP00000372023	CHEK2	26	PHGSVTQSQGS	ATM;PLK1	hprd;pelm;psite	993
ENSP00000372023	CHEK2	28	GSVTQSQGSSS	ATM	hprd;pelm;psite	993
ENSP00000372023	CHEK2	33	SQGSSSQSQGI	ATM;CHEK2	hprd;pelm;psite	993
ENSP00000372023	CHEK2	35	GSSSQSQGISS	ATM;CHEK2	hprd;pelm;psite	993
ENSP00000372023	CHEK2	50	TMPNSSQSSHS	ATM	hprd;pelm;psite	993
ENSP00000372023	CHEK2	68	LETVSTQELYS	ATM;ATR;CHEK1;CHEK2;MLTK;PLK1;PRKDC;TTK	hprd;pelm;psite	993
ENSP00000372023	CHEK2	475	FSEHRTQVSLK	CHEK2	psite	993
ENSP00000216756	CINP	69	IELDSSSPASK		hprd;psite	621
ENSP00000312995	CLSPN	65	KVLQDSDSETE		hprd;pelm;psite	813
ENSP00000312995	CLSPN	839	LPIEDSQDLYN		hprd;pelm;psite	813
ENSP00000312995	CLSPN	950	SGKFTSQDAST		hprd;pelm;psite	813
ENSP00000312995	CLSPN	987	SGSFPTDKEEE		psite	813
ENSP00000312995	CLSPN	1012	DNEFDSDEDEH		hprd;pelm;psite	813
ENSP00000312995	CLSPN	1147	NIDDASQMDLF		hprd;psite	813
ENSP00000312995	CLSPN	1156	LFHRDSDDDQT		hprd;pelm;psite	813
ENSP00000312995	CLSPN	1204	EIGEDSQFMIL		psite	813
ENSP00000387699	CREB1	98	LKRLFSGTQIS	PRKD1	psite	628
ENSP00000387699	CREB1	100	RLFSGTQISTI	ATM	hprd;psite	628
ENSP00000387699	CREB1	111	AESEDSQESVD	ATM;CSNK1A1;CSNK2A1	hprd;pelm;psite	628
ENSP00000387699	CREB1	121	DSVTDSQKRRE	ATM;ATR	hprd;pelm;psite	628
ENSP00000387699	CREB1	270	GVVMASSPALP		hprd;pelm;psite	628
ENSP00000262315	CHTF18	63	RGDAASSPAPA		hprd;psite	579
ENSP00000262315	CHTF18	74	ASVGSSQGGAR	ATR	hprd;psite	579
ENSP00000265728	DBF4	381	ELQHISQKDCQ		hprd;psite	730
ENSP00000265728	DBF4	449	IRQNFTQLPLH	ATM;ATR	psite	730
ENSP00000265728	DBF4	502	TDNSGSQPKQK	ATM;ATR	psite	730
ENSP00000265728	DBF4	539	ITINSSQEHLT	ATM;ATR	hprd;psite	730
ENSP00000301764	DDB1	1125	MKREATADDLI		psite	439
ENSP00000313420	PRKDC	1065	FKRLYSLALHP		psite	405
ENSP00000313420	PRKDC	2055	SYSYSSQDPRP	PRKDC	pelm;psite	405
ENSP00000313420	PRKDC	2608	PMFVETQASQG	ATM;ATR;PRKDC	hprd;pelm;psite	405
ENSP00000313420	PRKDC	2611	VETQASQGTLQ	ATM;ATR;PRKDC	hprd;pelm;psite	405
ENSP00000313420	PRKDC	2619	TLQTRTQEGSL	PRKDC	hprd;pelm;psite	405
ENSP00000313420	PRKDC	2637	GQIRATQQQHD	ATM;PRKDC	hprd;pelm;psite	405
ENSP00000313420	PRKDC	2646	HDFTLTQTADG	ATM;ATR;PRKDC	hprd;pelm;psite	405
ENSP00000313420	PRKDC	3289	HCRSRSQGCSE		psite	405
ENSP00000313420	PRKDC	3820	LLNTMSQEEKA		psite	405
ENSP00000313420	PRKDC	3949	AFGSATQFLPV	PRKDC	psite	405
ENSP00000345571	E2F1	31	RLLDSSQIVII	ATM;ATR	hprd;pelm;psite	627
ENSP00000301727	E4F1	317	GEPIETSPVIH		hprd;psite	571
ENSP00000348089	ERCC6	124	EASRASQLVDV		hprd;psite	485
ENSP00000348089	ERCC6	489	DDSEESDAEFD		hprd;pelm;psite	485
ENSP00000348089	ERCC6	1347	QHPSSTSPTEK		hprd;pelm;psite	485
ENSP00000348089	ERCC6	1461	SKLSASQSCVF		hprd;pelm;psite	485
ENSP00000311873	EXO1	422	VKRPRSAELSE		hprd;pelm;psite	777
ENSP00000311873	EXO1	581	KATVFTDEESY		psite	777
ENSP00000311873	EXO1	660	KSEESSDDESH		hprd;psite	777
ENSP00000311873	EXO1	674	EEACSSQSQES		psite	777
ENSP00000311873	EXO1	714	IKLLDSQSDQT		hprd;pelm;psite	777
ENSP00000373952	FANCA	1449	PDADLSQEPHL	ATR	hprd;pelm;psite	664
ENSP00000287647	FANCD2	8	SKRRLSKSEDK		hprd;pelm;psite	767
ENSP00000287647	FANCD2	178	PRLIVSQLKWL		hprd;pelm;psite	767
ENSP00000287647	FANCD2	222	EILGDSQHADV	ATM	hprd;pelm;psite	767
ENSP00000287647	FANCD2	596	ESPSLTQERAN	ATR	hprd;pelm;psite	767
ENSP00000287647	FANCD2	608	SDEQCTQVTSL	ATR	psite	767
ENSP00000287647	FANCD2	691	LEEYDTQDGIA	ATM;ATR	hprd;psite	767
ENSP00000287647	FANCD2	717	GGPVTSQESGQ	ATM;ATR	hprd;pelm;psite	767
ENSP00000287647	FANCD2	1257	GTAADSQQIHE	ATM	hprd;pelm;psite	767
ENSP00000287647	FANCD2	1404	IKSQNSQESTA		psite	767
ENSP00000287647	FANCD2	1418	EDDMSSQASKS		hprd;pelm;psite	767
ENSP00000261302	FOXN3	448	EKPPESDDEEM		psite	657
ENSP00000364310	H2AFX	137	GGKKATQASQE	PRKDC	hprd;psite	969
ENSP00000362649	HDAC1	421	CEEEFSDSEEE	CSNK2A1	hprd;pelm;psite	643
ENSP00000362649	HDAC1	445	AKRVKTEDEKE		psite	643
ENSP00000381331	HDAC2	516	CDEEFSDSEDE	CSNK2A1	hprd;pelm;psite	630
ENSP00000302961	HSPA4	54	GAAAKSQVISN		hprd;psite	651
ENSP00000302961	HSPA4	415	AEEGSSDCEVF		hprd;psite	651
ENSP00000302961	HSPA4	552	EEMETSQAGSK		hprd;pelm;psite	651
ENSP00000335153	HSP90AA1	353	RDKEVSDDEAE	CSNK2A1	hprd;pelm;psite	621
ENSP00000335153	HSP90AA1	385	IEDVGSDEEEE	CSNK2A1	hprd;pelm;psite	621
ENSP00000335153	HSP90AA1	575	GIHEDSQNRKK		psite	621
ENSP00000358622	IKBKG	153	LHFQASQREEK	ATM;IKBKB	pelm;psite	621
ENSP00000358622	IKBKG	444	APAYLSSPLAL	IKBKB	hprd;pelm;psite	621
ENSP00000358622	IKBKG	451	PLALPSQRRSP		hprd;psite	621
ENSP00000352257	XRCC6	51	KAMFESQSEDE	PRKDC	psite	734
ENSP00000352257	XRCC6	520	NKRLGSLVDEF		psite	734
ENSP00000265056	MCM2	12	SFTMASSPAQR		psite	765
ENSP00000265056	MCM2	26	NDPLTSSPGRS		hprd;pelm;psite	765
ENSP00000265056	MCM2	40	TDALTSSPGRD	CDC7;CDK2;CDK7;CSNK2A1	hprd;pelm;psite	765
ENSP00000265056	MCM2	108	EELTASQREAA	ATR;CDC7;CDK2;CDK7;CSNK2A1	hprd;pelm;psite	765
ENSP00000265056	MCM2	139	GLLYDSDEEDE	CDC7;CDK2;CDK7;CSNK2A1	hprd;pelm;psite	765
ENSP00000262105	MCM4	31	SEDARSSPSQR		hprd;pelm;psite	687
ENSP00000262105	MCM4	34	ARSSPSQRRRG		hprd;pelm;psite	687
ENSP00000262105	MCM4	53	LQPMPTSPGVD	CDK2	hprd;psite	687
ENSP00000262105	MCM4	87	LDFDVSSPLTY		psite	687
ENSP00000307288	MCM7	549	SRQPPSQFEPL		hprd;pelm;psite	767
ENSP00000365588	MDC1	98	GSLNGTQILRP		psite	624
ENSP00000373060	MDC1	98	GSLNGTQILRP		psite	649
ENSP00000387429	MDC1	98	GSLNGTQILRP		psite	651
ENSP00000404318	MDC1	98	GSLNGTQILRP		psite	635
ENSP00000409167	MDC1	98	GSLNGTQILRP		psite	648
ENSP00000365588	MDC1	157	RVQGETQPQRL		psite	624
ENSP00000373060	MDC1	157	RVQGETQPQRL		psite	649
ENSP00000387429	MDC1	157	RVQGETQPQRL		psite	651
ENSP00000404318	MDC1	157	RVQGETQPQRL		psite	635
ENSP00000409167	MDC1	157	RVQGETQPQRL		psite	648
ENSP00000365588	MDC1	220	NLNSDTDVEEG	CSNK2A1	psite	624
ENSP00000373060	MDC1	220	NLNSDTDVEEG	CSNK2A1	psite	649
ENSP00000387429	MDC1	220	NLNSDTDVEEG	CSNK2A1	psite	651
ENSP00000404318	MDC1	220	NLNSDTDVEEG	CSNK2A1	psite	635
ENSP00000409167	MDC1	220	NLNSDTDVEEG	CSNK2A1	psite	648
ENSP00000365588	MDC1	292	VILERSQPPGE		hprd;psite	624
ENSP00000373060	MDC1	292	VILERSQPPGE		hprd;psite	649
ENSP00000387429	MDC1	292	VILERSQPPGE		hprd;psite	651
ENSP00000404318	MDC1	292	VILERSQPPGE		hprd;psite	635
ENSP00000409167	MDC1	292	VILERSQPPGE		hprd;psite	648
ENSP00000365588	MDC1	299	PPGEDSDTDVD	CSNK2A1	hprd;pelm;psite	624
ENSP00000373060	MDC1	299	PPGEDSDTDVD	CSNK2A1	hprd;pelm;psite	649
ENSP00000387429	MDC1	299	PPGEDSDTDVD	CSNK2A1	hprd;pelm;psite	651
ENSP00000404318	MDC1	299	PPGEDSDTDVD	CSNK2A1	hprd;pelm;psite	635
ENSP00000409167	MDC1	299	PPGEDSDTDVD	CSNK2A1	hprd;pelm;psite	648
ENSP00000365588	MDC1	301	GEDSDTDVDDD	CSNK2A1	hprd;pelm;psite	624
ENSP00000373060	MDC1	301	GEDSDTDVDDD	CSNK2A1	hprd;pelm;psite	649
ENSP00000387429	MDC1	301	GEDSDTDVDDD	CSNK2A1	hprd;pelm;psite	651
ENSP00000404318	MDC1	301	GEDSDTDVDDD	CSNK2A1	hprd;pelm;psite	635
ENSP00000409167	MDC1	301	GEDSDTDVDDD	CSNK2A1	hprd;pelm;psite	648
ENSP00000365588	MDC1	329	FGFIDSDTDAE	CSNK2A1	hprd;pelm;psite	624
ENSP00000373060	MDC1	329	FGFIDSDTDAE	CSNK2A1	hprd;pelm;psite	649
ENSP00000387429	MDC1	329	FGFIDSDTDAE	CSNK2A1	hprd;pelm;psite	651
ENSP00000404318	MDC1	329	FGFIDSDTDAE	CSNK2A1	hprd;pelm;psite	635
ENSP00000409167	MDC1	329	FGFIDSDTDAE	CSNK2A1	hprd;pelm;psite	648
ENSP00000365588	MDC1	331	FIDSDTDAEEE	CSNK2A1	hprd;pelm;psite	624
ENSP00000373060	MDC1	331	FIDSDTDAEEE	CSNK2A1	hprd;pelm;psite	649
ENSP00000387429	MDC1	331	FIDSDTDAEEE	CSNK2A1	hprd;pelm;psite	651
ENSP00000404318	MDC1	331	FIDSDTDAEEE	CSNK2A1	hprd;pelm;psite	635
ENSP00000409167	MDC1	331	FIDSDTDAEEE	CSNK2A1	hprd;pelm;psite	648
ENSP00000365588	MDC1	372	AHLQESQAGSD		hprd;pelm;psite	624
ENSP00000373060	MDC1	372	AHLQESQAGSD		hprd;pelm;psite	649
ENSP00000387429	MDC1	372	AHLQESQAGSD		hprd;pelm;psite	651
ENSP00000404318	MDC1	372	AHLQESQAGSD		hprd;pelm;psite	635
ENSP00000409167	MDC1	372	AHLQESQAGSD		hprd;pelm;psite	648
ENSP00000365588	MDC1	378	QAGSDTDVEEG	CSNK2A1	hprd;pelm;psite	624
ENSP00000373060	MDC1	378	QAGSDTDVEEG	CSNK2A1	hprd;pelm;psite	649
ENSP00000387429	MDC1	378	QAGSDTDVEEG	CSNK2A1	hprd;pelm;psite	651
ENSP00000404318	MDC1	378	QAGSDTDVEEG	CSNK2A1	hprd;pelm;psite	635
ENSP00000409167	MDC1	378	QAGSDTDVEEG	CSNK2A1	hprd;pelm;psite	648
ENSP00000365588	MDC1	394	VPLEKSQASMV		hprd;pelm;psite	624
ENSP00000373060	MDC1	394	VPLEKSQASMV		hprd;pelm;psite	649
ENSP00000387429	MDC1	394	VPLEKSQASMV		hprd;pelm;psite	651
ENSP00000404318	MDC1	394	VPLEKSQASMV		hprd;pelm;psite	635
ENSP00000409167	MDC1	394	VPLEKSQASMV		hprd;pelm;psite	648
ENSP00000365588	MDC1	404	VINSDTDDEEE	CSNK2A1	hprd;pelm;psite	624
ENSP00000373060	MDC1	404	VINSDTDDEEE	CSNK2A1	hprd;pelm;psite	649
ENSP00000387429	MDC1	404	VINSDTDDEEE	CSNK2A1	hprd;pelm;psite	651
ENSP00000404318	MDC1	404	VINSDTDDEEE	CSNK2A1	hprd;pelm;psite	635
ENSP00000409167	MDC1	404	VINSDTDDEEE	CSNK2A1	hprd;pelm;psite	648
ENSP00000365588	MDC1	422	AHLKESQPAIW		hprd;pelm;psite	624
ENSP00000373060	MDC1	422	AHLKESQPAIW		hprd;pelm;psite	649
ENSP00000387429	MDC1	422	AHLKESQPAIW		hprd;pelm;psite	651
ENSP00000404318	MDC1	422	AHLKESQPAIW		hprd;pelm;psite	635
ENSP00000409167	MDC1	422	AHLKESQPAIW		hprd;pelm;psite	648
ENSP00000365588	MDC1	445	VLLQRSQTTTE		psite	624
ENSP00000373060	MDC1	445	VLLQRSQTTTE		psite	649
ENSP00000387429	MDC1	445	VLLQRSQTTTE		psite	651
ENSP00000404318	MDC1	445	VLLQRSQTTTE		psite	635
ENSP00000409167	MDC1	445	VLLQRSQTTTE		psite	648
ENSP00000365588	MDC1	453	TTERDSDTDVE	CSNK2A1	hprd;pelm;psite	624
ENSP00000373060	MDC1	453	TTERDSDTDVE	CSNK2A1	hprd;pelm;psite	649
ENSP00000387429	MDC1	453	TTERDSDTDVE	CSNK2A1	hprd;pelm;psite	651
ENSP00000404318	MDC1	453	TTERDSDTDVE	CSNK2A1	hprd;pelm;psite	635
ENSP00000409167	MDC1	453	TTERDSDTDVE	CSNK2A1	hprd;pelm;psite	648
ENSP00000365588	MDC1	455	ERDSDTDVEEE	CSNK2A1	hprd;pelm;psite	624
ENSP00000373060	MDC1	455	ERDSDTDVEEE	CSNK2A1	hprd;pelm;psite	649
ENSP00000387429	MDC1	455	ERDSDTDVEEE	CSNK2A1	hprd;pelm;psite	651
ENSP00000404318	MDC1	455	ERDSDTDVEEE	CSNK2A1	hprd;pelm;psite	635
ENSP00000409167	MDC1	455	ERDSDTDVEEE	CSNK2A1	hprd;pelm;psite	648
ENSP00000365588	MDC1	504	VEADKSSPGIH		hprd;pelm;psite	624
ENSP00000373060	MDC1	504	VEADKSSPGIH		hprd;pelm;psite	649
ENSP00000387429	MDC1	504	VEADKSSPGIH		hprd;pelm;psite	651
ENSP00000404318	MDC1	504	VEADKSSPGIH		hprd;pelm;psite	635
ENSP00000409167	MDC1	504	VEADKSSPGIH		hprd;pelm;psite	648
ENSP00000365588	MDC1	513	IHLERSQASTT	ATR	hprd;pelm;psite	624
ENSP00000373060	MDC1	513	IHLERSQASTT	ATR	hprd;pelm;psite	649
ENSP00000387429	MDC1	513	IHLERSQASTT	ATR	hprd;pelm;psite	651
ENSP00000404318	MDC1	513	IHLERSQASTT	ATR	hprd;pelm;psite	635
ENSP00000409167	MDC1	513	IHLERSQASTT	ATR	hprd;pelm;psite	648
ENSP00000365588	MDC1	523	TVDINTQVEKE	CHEK1	hprd;pelm;psite	624
ENSP00000373060	MDC1	523	TVDINTQVEKE	CHEK1	hprd;pelm;psite	649
ENSP00000387429	MDC1	523	TVDINTQVEKE	CHEK1	hprd;pelm;psite	651
ENSP00000404318	MDC1	523	TVDINTQVEKE	CHEK1	hprd;pelm;psite	635
ENSP00000409167	MDC1	523	TVDINTQVEKE	CHEK1	hprd;pelm;psite	648
ENSP00000365588	MDC1	579	HGDCETDAEEG		psite	624
ENSP00000373060	MDC1	579	HGDCETDAEEG		psite	649
ENSP00000387429	MDC1	579	HGDCETDAEEG		psite	651
ENSP00000404318	MDC1	579	HGDCETDAEEG		psite	635
ENSP00000409167	MDC1	579	HGDCETDAEEG		psite	648
ENSP00000365588	MDC1	598	ADVRKSQLPAE		psite	624
ENSP00000373060	MDC1	598	ADVRKSQLPAE		psite	649
ENSP00000387429	MDC1	598	ADVRKSQLPAE		psite	651
ENSP00000404318	MDC1	598	ADVRKSQLPAE		psite	635
ENSP00000409167	MDC1	598	ADVRKSQLPAE		psite	648
ENSP00000365588	MDC1	659	TLGESTQPQRE		hprd;pelm;psite	624
ENSP00000373060	MDC1	659	TLGESTQPQRE		hprd;pelm;psite	649
ENSP00000387429	MDC1	659	TLGESTQPQRE		hprd;pelm;psite	651
ENSP00000404318	MDC1	659	TLGESTQPQRE		hprd;pelm;psite	635
ENSP00000409167	MDC1	659	TLGESTQPQRE		hprd;pelm;psite	648
ENSP00000365588	MDC1	765	SEDSETQPFDT		hprd;pelm;psite	624
ENSP00000373060	MDC1	765	SEDSETQPFDT		hprd;pelm;psite	649
ENSP00000387429	MDC1	765	SEDSETQPFDT		hprd;pelm;psite	651
ENSP00000404318	MDC1	765	SEDSETQPFDT		hprd;pelm;psite	635
ENSP00000409167	MDC1	765	SEDSETQPFDT		hprd;pelm;psite	648
ENSP00000365588	MDC1	955	EPEGGSQDQKG		hprd;pelm;psite	624
ENSP00000373060	MDC1	955	EPEGGSQDQKG		hprd;pelm;psite	649
ENSP00000387429	MDC1	955	EPEGGSQDQKG		hprd;pelm;psite	651
ENSP00000404318	MDC1	955	EPEGGSQDQKG		hprd;pelm;psite	635
ENSP00000409167	MDC1	955	EPEGGSQDQKG		hprd;pelm;psite	648
ENSP00000365588	MDC1	963	QKGQASSPTPE		psite	624
ENSP00000373060	MDC1	963	QKGQASSPTPE		psite	649
ENSP00000387429	MDC1	963	QKGQASSPTPE		psite	651
ENSP00000404318	MDC1	963	QKGQASSPTPE		psite	635
ENSP00000409167	MDC1	963	QKGQASSPTPE		psite	648
ENSP00000365588	MDC1	988	PVPSGSQSGGR		hprd;pelm;psite	624
ENSP00000373060	MDC1	988	PVPSGSQSGGR		hprd;pelm;psite	649
ENSP00000387429	MDC1	988	PVPSGSQSGGR		hprd;pelm;psite	651
ENSP00000404318	MDC1	988	PVPSGSQSGGR		hprd;pelm;psite	635
ENSP00000409167	MDC1	988	PVPSGSQSGGR		hprd;pelm;psite	648
ENSP00000365588	MDC1	1086	TRQDGSQEAPE		hprd;pelm;psite	624
ENSP00000373060	MDC1	1086	TRQDGSQEAPE		hprd;pelm;psite	649
ENSP00000387429	MDC1	1086	TRQDGSQEAPE		hprd;pelm;psite	651
ENSP00000404318	MDC1	1086	TRQDGSQEAPE		hprd;pelm;psite	635
ENSP00000409167	MDC1	1086	TRQDGSQEAPE		hprd;pelm;psite	648
ENSP00000365588	MDC1	1430	TPEPTSQATRG		hprd;pelm;psite	624
ENSP00000373060	MDC1	1430	TPEPTSQATRG		hprd;pelm;psite	649
ENSP00000387429	MDC1	1430	TPEPTSQATRG		hprd;pelm;psite	651
ENSP00000404318	MDC1	1430	TPEPTSQATRG		hprd;pelm;psite	635
ENSP00000409167	MDC1	1430	TPEPTSQATRG		hprd;pelm;psite	648
ENSP00000365588	MDC1	1786	TPIHASQIQKV		hprd;psite	624
ENSP00000373060	MDC1	1786	TPIHASQIQKV		hprd;psite	649
ENSP00000387429	MDC1	1786	TPIHASQIQKV		hprd;psite	651
ENSP00000404318	MDC1	1786	TPIHASQIQKV		hprd;psite	635
ENSP00000409167	MDC1	1786	TPIHASQIQKV		hprd;psite	648
ENSP00000325863	MRE11A	264	QLFYISQPGSS	ATM	hprd;pelm;psite	851
ENSP00000325863	MRE11A	329	DNPKVTQAIQS		psite	851
ENSP00000325863	MRE11A	382	SVLRFSQKFVD		psite	851
ENSP00000325863	MRE11A	481	YQLEKTQRFLK		psite	851
ENSP00000325863	MRE11A	531	ARALRSQSEES		psite	851
ENSP00000325863	MRE11A	590	ASRGGSQRGRA		psite	851
ENSP00000325863	MRE11A	649	IEVDESDVEED	CSNK2A1	hprd;pelm;psite	851
ENSP00000325863	MRE11A	676	SSKIMSQSQVS		hprd;psite	851
ENSP00000325863	MRE11A	678	KIMSQSQVSKG		hprd;pelm;psite	851
ENSP00000233146	MSH2	860	QYIGESQGYDI		hprd;pelm;psite	909
ENSP00000234420	MSH6	252	KRRVISDSESD		hprd;pelm;psite	700
ENSP00000234420	MSH6	261	SDIGGSDVEFK		hprd;pelm;psite	700
ENSP00000234420	MSH6	305	RKRMVTGNGSL		hprd;psite	700
ENSP00000234420	MSH6	348	PQNSESQAHVS		hprd;pelm;psite	700
ENSP00000234420	MSH6	935	KAGFDSDYDQA		hprd;psite	700
ENSP00000333633	MTA1	520	RLPEASQSPLV		hprd;psite	846
ENSP00000278823	MTA2	548	NRNQLSQNRGL		hprd;psite	619
ENSP00000278823	MTA2	587	GIRSSSQPAAK		psite	619
ENSP00000265433	NBN	58	SVTNLSQTDEI		hprd;psite	782
ENSP00000265433	NBN	278	TGITNSQTLIP	ATM	hprd;pelm;psite	782
ENSP00000265433	NBN	343	PGPSLSQGVSV	ATM;ATR	hprd;pelm;psite	782
ENSP00000265433	NBN	397	KFRMLSQDAPT	ATM	hprd;pelm;psite	782
ENSP00000265433	NBN	615	ESSKISQENEI	ATM;ATR	hprd;pelm;psite	782
ENSP00000229179	NUP107	10	GFGEISSPVIR	CDK2	hprd;pelm;psite	566
ENSP00000229179	NUP107	37	VLLQASQDENF		hprd;pelm;psite	566
ENSP00000261396	NUP133	44	LGSAVSSPVLF		hprd;pelm;psite	549
ENSP00000261396	NUP133	553	HSDLDSDSELD		pelm;psite	549
ENSP00000262077	NUP153	219	RSHSLSQHTAT		hprd;pelm;psite	432
ENSP00000262077	NUP153	252	SILKTSQLGDS		psite	432
ENSP00000262077	NUP153	330	AKRIPSIVSSP	CHEK1	hprd;pelm;psite	432
ENSP00000262077	NUP153	333	IPSIVSSPLNS		hprd;pelm;psite	432
ENSP00000262077	NUP153	515	NKVQMTSPSST		hprd;pelm;psite	432
ENSP00000262077	NUP153	632	AQPTATSPVVY		hprd;psite	432
ENSP00000360621	ORC1	421	ISDSSSDEEEA		hprd;pelm;psite	601
ENSP00000360621	ORC1	850	VRLNVSQDDVL		hprd;psite	601
ENSP00000234296	ORC2	236	MKRDKTSDLVE		psite	618
ENSP00000263253	EP300	89	LLRSGSSPNLN	PRKAA1;PRKCA;PRKCD	hprd;pelm;psite	627
ENSP00000263253	EP300	106	GQVMASQAQQS	ATM	psite	627
ENSP00000263253	EP300	1037	TSATQSSPAPG		hprd;pelm;psite	627
ENSP00000263253	EP300	1295	AKRLPSTRLGT		psite	627
ENSP00000263253	EP300	2320	SPRPQSQPPHS		psite	627
ENSP00000263253	EP300	2325	SQPPHSSPSPR		psite	627
ENSP00000269305	TP53	15	VEPPLSQETFS	ATM;ATR;CDK5;CHEK1;CHEK2;DYRK1A;MAPK1;MAPK14;MAPK3;NUAK1;PRKDC;SMG1;STK11;TP53RK	hprd;pelm;psite	999
ENSP00000269305	TP53	37	LSPLPSQAMDD	ATR;CHEK1;CHEK2;MAPKAPK5;PRKDC	hprd;pelm;psite	999
ENSP00000269305	TP53	99	SSSVPSQKTYQ		hprd;pelm;psite	999
ENSP00000269305	TP53	314	PNNTSSSPQPK	CDK2	hprd;psite	999
ENSP00000384048	PAXIP1	255	DDSSDSSPEKQ		hprd;psite	403
ENSP00000352572	PCNT	44	AKRKGSAVDAS		psite	419
ENSP00000352572	PCNT	1814	QERRHSQALEA		hprd;psite	419
ENSP00000334675	ERCC6L	763	LSTHHTQEEDI		psite	463
ENSP00000334675	ERCC6L	969	RQNFSSQSLEH		hprd;psite	463
ENSP00000334675	ERCC6L	1028	ARRIVSDGEDE		hprd;psite	463
ENSP00000322570	POLE	202	RGGVITDEEET		psite	780
ENSP00000322570	POLE	1940	CGLQDSQKAGG		hprd;pelm;psite	780
ENSP00000361310	POLH	380	DKRLSSLRRCC		hprd;pelm;psite	501
ENSP00000361310	POLH	601	DLAHNSQSMHA	ATR	psite	501
ENSP00000361310	POLH	617	SVLEVTQKATP		psite	501
ENSP00000370151	RAD17	633	SLGEPTQATVP		psite	965
ENSP00000370151	RAD17	646	WSLPLSQNSAS	ATM;ATR	hprd;pelm;psite	965
ENSP00000370151	RAD17	656	SELPASQPQPF	ATM;ATR	hprd;pelm;psite	965
ENSP00000264926	RAD18	368	KIAGMSQKTVT		psite	843
ENSP00000264926	RAD18	403	VTNHFSQSKLD	ATM	hprd;pelm;psite	843
ENSP00000265335	RAD50	635	FDVCGSQDFES	ATM	hprd;pelm;psite	905
ENSP00000351284	RAD52	318	FLAGVTQELIK		hprd;pelm;psite	851
ENSP00000311360	RAD9A	272	DTDSHSQDLGS	ATM	hprd;pelm;psite	799
ENSP00000262803	UPF1	28	LLGADTQGSEF		psite	725
ENSP00000262803	UPF1	1073	SQPGLSQPELS	SMG1	psite	725
ENSP00000262803	UPF1	1078	SQPELSQDSYL	SMG1	psite	725
ENSP00000262803	UPF1	1096	IDVALSQDSTY	SMG1	hprd;pelm;psite	725
ENSP00000351697	REV3L	470	LSLVMSQRWDS		hprd;psite	538
ENSP00000351697	REV3L	1075	IKRTLSFRKKR	CHEK2	psite	538
ENSP00000351697	REV3L	1118	LSERSTSPINS		psite	538
ENSP00000351697	REV3L	1123	TSPINSSPPRC		psite	538
ENSP00000351697	REV3L	2146	GDDRPSSPVEE		psite	538
ENSP00000363021	RPA2	21	GAGGYTQSPGG	ATM;ATR;PRKDC	hprd;pelm;psite	812
ENSP00000363021	RPA2	33	GSPAPSQAEKK	ATR;PRKDC	hprd;pelm;psite	812
ENSP00000363021	RPA2	52	VPCTISQLLSA	ATR	psite	812
ENSP00000363021	RPA2	72	GNVEISQVTIV	ATR	psite	812
ENSP00000363021	RPA2	174	LSKANSQPSAG	ATR	psite	812
ENSP00000261424	RFC1	29	NEKTKSDEETL		psite	657
ENSP00000261424	RFC1	69	RIIYDSDSESE		hprd;pelm;psite	657
ENSP00000261424	RFC1	110	TYISETDEEDD		hprd;pelm;psite	657
ENSP00000261424	RFC1	190	KRKELSQNTDE		hprd;pelm;psite	657
ENSP00000261424	RFC1	311	KIGEVSSPKAS		psite	657
ENSP00000261424	RFC1	1103	LNEDDSQSDEK		hprd;pelm;psite	657
ENSP00000369411	RFC3	125	QLETNSQRDFK		hprd;pelm;psite	545
ENSP00000262187	RHEB	175	MDGAASQGKSS		psite	595
ENSP00000315212	RNF4	95	SCVVSSDDEEL		hprd;pelm;psite	527
ENSP00000254719	RPA1	180	HTSGGTQSKVV		hprd;pelm;psite	854
ENSP00000254719	RPA1	207	RVTNKSQIRTW		psite	854
ENSP00000254719	RPA1	483	YQACPTQDCNK		psite	854
ENSP00000312122	SEC13	184	IKRFASGGCDN		psite	427
ENSP00000386759	SETD2	437	RRYHRSSPYRE		psite	422
ENSP00000386759	SETD2	459	RARESSDSEEE		psite	422
ENSP00000386759	SETD2	1207	LPIYSSDFEDV		psite	422
ENSP00000386759	SETD2	1413	RQEIESDSESD		hprd;pelm;psite	422
ENSP00000386759	SETD2	1417	ESDSESDGELQ		hprd;pelm;psite	422
ENSP00000386759	SETD2	1925	EEELQSQQLLP		psite	422
ENSP00000386759	SETD2	1980	NEETPSQDEEE		hprd;pelm;psite	422
ENSP00000386759	SETD2	1988	EEEGVSDVESE		hprd;pelm;psite	422
ENSP00000386759	SETD2	1995	VESERSQEQPD		hprd;pelm;psite	422
ENSP00000386759	SETD2	2080	RKRRSSLSPPS		hprd;pelm;psite	422
ENSP00000212015	SIRT1	26	DREAASSPAGE		hprd;psite	428
ENSP00000212015	SIRT1	162	FHSCESDEEDR		psite	428
ENSP00000212015	SIRT1	333	KFIALSDKEGK		psite	428
ENSP00000212015	SIRT1	539	VSEDSSSPERT		hprd;psite	428
ENSP00000212015	SIRT1	544	SSPERTSPPDS		psite	428
ENSP00000212015	SIRT1	659	GAEVYSDSEDD	CSNK2A1	psite	428
ENSP00000249396	SIRT2	23	QEAQDSDSDSE		hprd;psite	502
ENSP00000249396	SIRT2	25	AQDSDSDSEGG		hprd;pelm;psite	502
ENSP00000261531	SNW1	14	APTQLSQDQLE		psite	532
ENSP00000261531	SNW1	182	IRYTPSQQGVA		psite	532
ENSP00000308944	HLTF	398	QYIESSDSEEI		hprd;pelm;psite	683
ENSP00000308944	HLTF	469	EGSKKTDVEER		hprd;psite	683
ENSP00000323421	SMC1A	358	RMEEESQSQGR		hprd;pelm;psite	621
ENSP00000323421	SMC1A	360	EEESQSQGRDL		hprd;pelm;psite	621
ENSP00000323421	SMC1A	703	LRQVQSQAHGL		psite	621
ENSP00000323421	SMC1A	951	TMDDISQEEGS		hprd;pelm;psite	621
ENSP00000323421	SMC1A	957	QEEGSSQGEDS	ATM;ATR	hprd;pelm;psite	621
ENSP00000323421	SMC1A	966	DSVSGSQRISS	ATM	hprd;pelm;psite	621
ENSP00000354957	SMC5	35	SKRKNSAPQLP		hprd;pelm;psite	452
ENSP00000354957	SMC5	793	YMAASSQLRLT		pelm;psite	452
ENSP00000323439	SMC6	669	VDSEISDLENE		pelm;psite	628
ENSP00000323439	SMC6	1068	RILRMSDPERG		psite	628
ENSP00000323439	SMC6	1083	PFRPVTQEEDD		hprd;psite	628
ENSP00000296215	SNIP1	169	GRDRDTQNLQA		hprd;pelm;psite	621
ENSP00000296215	SNIP1	202	GGGSESQELVP		hprd;pelm;psite	621
ENSP00000319104	SUPT6H	90	KKRKRTSFDDR		hprd;pelm;psite	404
ENSP00000319104	SUPT6H	125	RVKKMSDDEDD		hprd;pelm;psite	404
ENSP00000278412	SSRP1	170	FYVPPTQEDGV		hprd;pelm;psite	585
ENSP00000278412	SSRP1	444	DEYADSDEDQH		hprd;pelm;psite	585
ENSP00000278412	SSRP1	510	SNEGDSDRDEK	CSNK2A1	hprd;pelm;psite	585
ENSP00000262319	TELO2	487	LAGSDSDLDSD	CSNK2A1	psite	928
ENSP00000262319	TELO2	491	DSDLDSDDEFV	CSNK2A1	psite	928
ENSP00000354522	TOP1	10	HLHNDSQIEAD	CSNK2A1	hprd;pelm;psite	411
ENSP00000354522	TOP1	111	KENGFSSPPQI		hprd;psite	411
ENSP00000260810	TOPBP1	301	SSTPTSQINTI		hprd;pelm;psite	901
ENSP00000260810	TOPBP1	492	DEDLLSQYENG	ATM	hprd;pelm;psite	901
ENSP00000260810	TOPBP1	554	EEGLFSQKSFL	ATM	hprd;psite	901
ENSP00000260810	TOPBP1	853	TPGRPSQQKRK	ATM	hprd;psite	901
ENSP00000260810	TOPBP1	860	QKRKPSTPLSE		hprd;pelm;psite	901
ENSP00000260810	TOPBP1	1062	SKGVLTQTLEM	ATM	hprd;pelm;psite	901
ENSP00000260810	TOPBP1	1138	VNTEPSQNEQI	ATM	hprd;pelm;psite	901
ENSP00000260810	TOPBP1	1504	LGTGLSQKRKA		psite	901
ENSP00000362546	TTI1	962	AGSLVTQAPIS		hprd;psite	848
ENSP00000324897	UBE2I	70	KDDYPSSPPKC		psite	585
ENSP00000263923	KDR	984	EEKSLSDVEEE		psite	691
ENSP00000353793	WDHD1	826	AELTATQVEEE		hprd;pelm;psite	817
ENSP00000353793	WDHD1	853	TATEWSQPRFR		psite	817
ENSP00000353793	WDHD1	907	AVTFSSQGRVN		psite	817
ENSP00000353793	WDHD1	984	FQKRNSQTNKT		psite	817
ENSP00000298139	WRN	409	ILEQQSQEEYL		psite	958
ENSP00000298139	WRN	1058	KANTESQSLIL		hprd;pelm;psite	958
ENSP00000298139	WRN	1141	KAYSSSQPVIS	ATM	hprd;pelm;psite	958
ENSP00000364270	XPA	173	KNPHHSQWGDM	ATM;ATR;PRKDC	hprd;psite	704
ENSP00000364270	XPA	196	LEVWGSQEALE	ATM;ATR;PRKDC	hprd;pelm;psite	704
ENSP00000285021	XPC	61	RKRGCSHPGGS		psite	702
ENSP00000285021	XPC	351	SSETSSQVLEN		hprd;pelm;psite	702
ENSP00000285021	XPC	884	GGGLSSDEEEG		hprd;pelm;psite	702
ENSP00000285021	XPC	892	EEGTSSQAEAA		hprd;pelm;psite	702
ENSP00000347978	ERCC5	217	TKRRRTLFEAM		psite	486
ENSP00000347978	ERCC5	563	SSLLSSDDETK		hprd;pelm;psite	486
ENSP00000343392	XRCC3	225	RCEFDSQASAP		hprd;pelm;psite	655
ENSP00000261424	RFC1	359	PKKTKSSPAKK		hprd;pelm	657
ENSP00000313420	PRKDC	2670	PLVDHTSPSSD		hprd;pelm	405
ENSP00000298139	WRN	1292	IGMHLSQAVKA	ATM	hprd;pelm	958
ENSP00000349393	LIG4	199	LKLGVSQQTIF	ATM	pelm	698
ENSP00000308944	HLTF	390	PKRRKTAVQYI		hprd;pelm	683
ENSP00000285021	XPC	117	LKRGATMNEDS		hprd;pelm	702
ENSP00000386759	SETD2	130	STAEESSPPKS		hprd;pelm	422
ENSP00000264832	ICAM1	527	PMKPNTQATPP		hprd;pelm	874
ENSP00000350283	BRCA1	1394	SDILTTQQRDT	ATR	hprd	994
ENSP00000310520	ERCC4	520	RREISSSPESC		hprd	426
ENSP00000335153	HSP90AA1	127	LMPEETQTQDQ	PRKDC	hprd	621
ENSP00000335153	HSP90AA1	129	PEETQTQDQPM	PRKDC	hprd	621
ENSP00000361423	ABL1	934	AGGKPSQSPSQ		hprd	757
ENSP00000361423	ABL1	823	KDIMESSPGSS		hprd	757
ENSP00000287647	FANCD2	1401	GEEIKSQNSQE		hprd	767
ENSP00000234296	ORC2	177	VPRSHSDSESE		hprd	618
ENSP00000262803	UPF1	474	PDLNHSQVYAV		hprd	725
ENSP00000262803	UPF1	215	RQPCASQSSLK		hprd	725
ENSP00000265433	NBN	493	SLLEQTQPATP		hprd	782
ENSP00000262077	NUP153	174	IKDSTSQHDDD		hprd	432
ENSP00000262077	NUP153	319	SLEKMSSPLAD		hprd	432
ENSP00000262077	NUP153	490	PTFNFSSPEIT		hprd	432
ENSP00000265335	RAD50	536	HTTTRTQMEML		hprd	905
ENSP00000347232	BLM	143	KLEFSSSPDSL		hprd	705
ENSP00000371475	TP53BP1	679	ETPCESQGEEL		hprd	793
ENSP00000352572	PCNT	1688	LDMQNSQTAVS		hprd	419
ENSP00000352572	PCNT	3063	ALSTVTQEKLE		hprd	419
ENSP00000373952	FANCA	850	LCKFSSQSRDT		hprd	664
ENSP00000311873	EXO1	700	CSSKDSDSEES		hprd	777
ENSP00000313171	ATAD5	627	QLKASTQKAAN		hprd	534
ENSP00000313171	ATAD5	1206	SPKKISSPKKV		hprd	534
ENSP00000313171	ATAD5	177	IQDTKSQPNTM		hprd	534
ENSP00000323099	ATRIP	307	RQRSNTQGSIL		hprd	999
ENSP00000249396	SIRT2	46	LRNLFSQTLSL		hprd	502
ENSP00000301764	DDB1	633	KVTLGTQPTVL		hprd	439
ENSP00000334675	ERCC6L	1077	GRFFSSQIPSS		hprd	463
ENSP00000225402	AATF	99	SDEEISDEEGS		hprd	620
ENSP00000225402	AATF	94	TLPGSSDEEIS		hprd	620
ENSP00000362361	CDK9	180	SLAKNSQPNRY		hprd	644
ENSP00000365588	MDC1	1225	TSEPTSQATRG		hprd	624
ENSP00000373060	MDC1	1225	TSEPTSQATRG		hprd	649
ENSP00000387429	MDC1	1225	TSEPTSQATRG		hprd	651
ENSP00000404318	MDC1	1225	TSEPTSQATRG		hprd	635
ENSP00000409167	MDC1	1225	TSEPTSQATRG		hprd	648
