name	PTK2
id	ENSP00000341189
type	Tyrosine kinase
proline+1_removed	No
npartners	210
npartners_with_sites	210
nsites	310
//
motif	score	fg_matches	fg_size	bg_matches	bg_size	fold_increase
....VYD.P..	332.14	10	1032	0	10000	Inf
....DY.....	12.63	109	1022	500	10000	2.13
.....Y.VP..	18.68	22	913	33	9500	6.94
..D..Y.....	10.37	90	891	452	9467	2.12
.....Y...P.	6.52	72	801	429	9015	1.89
//
sub_ensp	sub_name	sub_position	sub_region	kinase_name	source
ENSP00000310309	ABLIM3	361	YSQDIYENLDL		psite
ENSP00000310309	ABLIM3	376	ASSPGYIDSPT		psite
ENSP00000310309	ABLIM3	487	ASESEYWTYHG		psite
ENSP00000310309	ABLIM3	490	SEYWTYHGSPK		psite
ENSP00000310309	ABLIM3	538	ARSSSYADPWT		psite
ENSP00000310309	ABLIM3	572	SPRSHYLADSD		psite
ENSP00000377941	ACTN1	12	QQTNDYMQPEE	PTK2	psite
ENSP00000377941	ACTN1	193	PELIDYGKLRK		psite
ENSP00000377941	ACTN1	215	DVAEKYLDIPK		psite
ENSP00000377941	ACTN1	241	KAIMTYVSSFY		psite
ENSP00000377941	ACTN1	246	YVSSFYHAFSG		psite
ENSP00000377941	ACTN1	674	SHLRQYEKSIV		psite
ENSP00000377941	ACTN1	681	KSIVNYKPKID		psite
ENSP00000377941	ACTN1	864	AGDKNYITMDE		psite
ENSP00000307387	PDCD6IP	39	EEQAQYCRAAE		psite
ENSP00000307387	PDCD6IP	223	NQAADYFGDAF		psite
ENSP00000307387	PDCD6IP	294	SRYDEYVNVKD		psite
ENSP00000307387	PDCD6IP	319	DNDFIYHDRVP		psite
ENSP00000307387	PDCD6IP	485	PSNELYKPLRA		psite
ENSP00000307387	PDCD6IP	727	IPTPAYQSSPA		psite
ENSP00000274498	ARHGAP26	371	GREPVYNSNKD		psite
ENSP00000295006	CAPN2	625	GTMNSYEMRKA		psite
ENSP00000368759	NEDD9	12	MARALYDNVPE		psite
ENSP00000368759	NEDD9	92	GQQKLYQVPNP		psite
ENSP00000368759	NEDD9	106	PRDTIYQVPPS		psite
ENSP00000368759	NEDD9	112	QVPPSYQNQGI		psite
ENSP00000368759	NEDD9	118	QNQGIYQVPTG		psite
ENSP00000368759	NEDD9	132	QEQEVYQVPPS		psite
ENSP00000368759	NEDD9	164	RTGHGYVYEYP		psite
ENSP00000368759	NEDD9	166	GHGYVYEYPSR		psite
ENSP00000368759	NEDD9	168	GYVYEYPSRYQ		psite
ENSP00000368759	NEDD9	172	EYPSRYQKDVY		psite
ENSP00000368759	NEDD9	177	YQKDVYDIPPS		psite
ENSP00000368759	NEDD9	189	TTQGVYDIPPS		psite
ENSP00000368759	NEDD9	214	KPQGVYDIPPT		psite
ENSP00000368759	NEDD9	223	PTKGVYAIPPS		psite
ENSP00000368759	NEDD9	241	LREKDYDFPPP		psite
ENSP00000368759	NEDD9	261	RPEGVYDIPPT		psite
ENSP00000368759	NEDD9	317	SQNDAYDVPRG		psite
ENSP00000368759	NEDD9	345	ERDGVYDVPLH		psite
ENSP00000368759	NEDD9	629	SWMDDYDYVHL		psite
ENSP00000368759	NEDD9	631	MDDYDYVHLQG		psite
ENSP00000264033	CBL	141	GKERMYEENSQ		psite
ENSP00000264033	CBL	368	VTQEQYELYCE		psite
ENSP00000264033	CBL	371	EQYELYCEMGS		psite
ENSP00000264033	CBL	455	APSPNYDDDDD		psite
ENSP00000264033	CBL	552	PPDRPYSVGAE		psite
ENSP00000264033	CBL	674	SANAIYSLAAR		psite
ENSP00000264033	CBL	700	EEDTEYMTPSS	SYK	psite
ENSP00000264033	CBL	700	EEDTEYMTPSS	LCK	psite
ENSP00000264033	CBL	700	EEDTEYMTPSS	FYN	psite
ENSP00000264033	CBL	731	IDSCTYEAMYN	SYK	psite
ENSP00000264033	CBL	731	IDSCTYEAMYN	SRC	psite
ENSP00000264033	CBL	731	IDSCTYEAMYN	LCK	psite
ENSP00000264033	CBL	731	IDSCTYEAMYN	FYN	psite
ENSP00000264033	CBL	735	TYEAMYNIQSQ		psite
ENSP00000264033	CBL	774	NEDDGYDVPKP	SYK	psite
ENSP00000264033	CBL	774	NEDDGYDVPKP	SRC	psite
ENSP00000264033	CBL	774	NEDDGYDVPKP	LCK	psite
ENSP00000264033	CBL	774	NEDDGYDVPKP	FYN	psite
ENSP00000227507	CCND1	226	NNFLSYYRLTR		psite
ENSP00000292303	CCR5	339	RASSVYTRSTG		psite
ENSP00000314458	CDC42	32	KFPSEYVPTVF		psite
ENSP00000314458	CDC42	64	AGQEDYDRLRP	SRC	psite
ENSP00000314458	CDC42	154	LKAVKYVECSA		psite
ENSP00000380921	SH3KBP1	109	QVAFSYLPQND		psite
ENSP00000301843	CTTN	84	KASHGYGGKFG		psite
ENSP00000301843	CTTN	104	AVGHEYQSKLS		psite
ENSP00000301843	CTTN	141	AVGFEYQGKTE		psite
ENSP00000301843	CTTN	154	ASQKDYSSGFG		psite
ENSP00000301843	CTTN	162	GFGGKYGVQAD		psite
ENSP00000301843	CTTN	178	AVGFDYQGKTE		psite
ENSP00000301843	CTTN	215	AVGFEYQGKTE		psite
ENSP00000301843	CTTN	228	ESQKDYVKGFG		psite
ENSP00000301843	CTTN	265	ESQKDYKTGFG		psite
ENSP00000301843	CTTN	289	AVGFDYKEKLA		psite
ENSP00000301843	CTTN	302	ESQQDYSKGFG		psite
ENSP00000301843	CTTN	310	GFGGKYGVQKD		psite
ENSP00000301843	CTTN	334	QVSSAYQKTVP	SRC	psite
ENSP00000301843	CTTN	421	PSSPVYEDAAS		psite
ENSP00000301843	CTTN	433	KAELSYRGPVS		psite
ENSP00000301843	CTTN	446	EPEPVYSMEAA		psite
ENSP00000301843	CTTN	453	MEAADYREASS		psite
ENSP00000301843	CTTN	464	QQGLAYATEAV		psite
ENSP00000301843	CTTN	470	ATEAVYESAEA	SRC	psite
ENSP00000301843	CTTN	479	EAPGHYPAEDS		psite
ENSP00000301843	CTTN	486	AEDSTYDEYEN	SRC	psite
ENSP00000301843	CTTN	486	AEDSTYDEYEN	ABL1	psite
ENSP00000301843	CTTN	538	VCKGRYGLFPA		psite
ENSP00000301843	CTTN	545	LFPANYVELRQ		psite
ENSP00000300574	CRK	108	FYKIHYLDTTT		psite
ENSP00000300574	CRK	136	QEEAEYVRALF		psite
ENSP00000300574	CRK	190	PYVEKYRPASA		psite
ENSP00000300574	CRK	221	PEPGPYAQPSV	ABL1	psite
ENSP00000300574	CRK	221	PEPGPYAQPSV	ABL2	psite
ENSP00000300574	CRK	239	QNGPIYARVIQ		psite
ENSP00000300574	CRK	251	RVPNAYDKTAL	ABL1	psite
ENSP00000346300	CRKL	48	TCPGDYVLSVS		psite
ENSP00000346300	CRKL	92	FYKIHYLDTTT		psite
ENSP00000346300	CRKL	127	EDNLEYVRTLY		psite
ENSP00000346300	CRKL	132	YVRTLYDFPGN		psite
ENSP00000346300	CRKL	198	RNSNSYGIPEP		psite
ENSP00000346300	CRKL	207	EPAHAYAQPQT	ABL1	psite
ENSP00000346300	CRKL	251	RVPCAYDKTAL		psite
ENSP00000220003	CSK	64	IIPANYVQKRE		psite
ENSP00000220003	CSK	97	AERLLYPPETG		psite
ENSP00000220003	CSK	184	AQDEFYRSGWA		psite
ENSP00000220003	CSK	263	EKGGLYIVTEY		psite
ENSP00000220003	CSK	277	GSLVDYLRSRG		psite
ENSP00000386884	CXCR4	161	AEKVVYVGVWI		psite
ENSP00000312435	DAG1	863	PNAPPYQPPPP		psite
ENSP00000312435	DAG1	886	KNMTPYRSPPP		psite
ENSP00000389140	DCC	809	EGVPLYESATT		psite
ENSP00000389140	DCC	1363	EPKVPYTPLLS		psite
ENSP00000389140	DCC	1420	DSANVYEQDDL		psite
ENSP00000368169	DVL1	17	EEETPYLVKLP		psite
ENSP00000352721	DNM2	125	INLRVYSPHVL		psite
ENSP00000352721	DNM2	231	PLRRGYIGVVN		psite
ENSP00000352721	DNM2	449	SKLSSYPRLRE		psite
ENSP00000216733	EFS	128	SPDLIYKIPRA		psite
ENSP00000216733	EFS	148	DALEVYDVPPT		psite
ENSP00000216733	EFS	163	PSSGPYDCPAS		psite
ENSP00000216733	EFS	188	EDDAPYDVPLT		psite
ENSP00000216733	EFS	217	PGPPIYAAPSN		psite
ENSP00000216733	EFS	372	GHHNEYEGIPM		psite
ENSP00000216733	EFS	381	PMAEEYDYVHL		psite
ENSP00000216733	EFS	383	AEEYDYVHLKG		psite
ENSP00000275493	EGFR	585	IQCAHYIDGPH		psite
ENSP00000275493	EGFR	727	AFGTVYKGLWI	SRC	psite
ENSP00000275493	EGFR	764	ILDEAYVMASV	SRC	psite
ENSP00000275493	EGFR	827	AKGMNYLEDRR		psite
ENSP00000275493	EGFR	869	AEEKEYHAEGG	SRC	psite
ENSP00000275493	EGFR	869	AEEKEYHAEGG	EGFR	psite
ENSP00000275493	EGFR	944	CTIDVYMIMVK		psite
ENSP00000275493	EGFR	978	RDPQRYLVIQG		psite
ENSP00000275493	EGFR	998	TDSNFYRALMD		psite
ENSP00000275493	EGFR	1016	VDADEYLIPQQ	SRC	psite
ENSP00000275493	EGFR	1016	VDADEYLIPQQ	ABL1	psite
ENSP00000275493	EGFR	1016	VDADEYLIPQQ	EGFR	psite
ENSP00000275493	EGFR	1069	SFLQRYSSDPT		psite
ENSP00000275493	EGFR	1092	LPVPEYINQSV	ABL1	psite
ENSP00000275493	EGFR	1092	LPVPEYINQSV	EGFR	psite
ENSP00000275493	EGFR	1110	VQNPVYHNQPL	EGFR	psite
ENSP00000275493	EGFR	1125	SRDPHYQDPHS	SRC	psite
ENSP00000275493	EGFR	1138	VGNPEYLNTVQ		psite
ENSP00000275493	EGFR	1172	LDNPDYQQDFF	EGFR	psite
ENSP00000275493	EGFR	1197	AENAEYLRVAP	ABL1	psite
ENSP00000275493	EGFR	1197	AENAEYLRVAP	EGFR	psite
ENSP00000351209	EPHA2	575	SPEDVYFSKSE	EPHA2	psite
ENSP00000351209	EPHA2	588	KPLKTYVDPHT	EPHA2	psite
ENSP00000351209	EPHA2	594	VDPHTYEDPNQ	EPHA2	psite
ENSP00000351209	EPHA2	628	EFGEVYKGMLK	EPHA2	psite
ENSP00000351209	EPHA2	694	MIITEYMENGA	EPHA2	psite
ENSP00000351209	EPHA2	735	LANMNYVHRDL	EPHA2	psite
ENSP00000351209	EPHA2	772	DPEATYTTSGG	EPHA2	psite
ENSP00000351209	EPHA2	791	PEAISYRKFTS		psite
ENSP00000351209	EPHA2	921	IKMQQYTEHFM	EPHA2	psite
ENSP00000351209	EPHA2	930	FMAAGYTAIEK		psite
ENSP00000351209	EPHA2	960	QKRIAYSLLGL	EPHA2	psite
ENSP00000363763	EPHB2	175	SRSGFYLAFQD		psite
ENSP00000363763	EPHB2	181	LAFQDYGGCMS		psite
ENSP00000363763	EPHB2	194	AVRVFYRKCPR		psite
ENSP00000363763	EPHB2	524	YSGKMYFQTMT		psite
ENSP00000363763	EPHB2	578	RADSEYTDKLQ		psite
ENSP00000363763	EPHB2	585	DKLQHYTSGHM		psite
ENSP00000363763	EPHB2	597	PGMKIYIDPFT		psite
ENSP00000363763	EPHB2	603	IDPFTYEDPNE		psite
ENSP00000363763	EPHB2	743	LADMNYVHRDL		psite
ENSP00000363763	EPHB2	781	TSDPTYTSALG		psite
ENSP00000363763	EPHB2	801	PEAIQYRKFTS		psite
ENSP00000363763	EPHB2	913	RTIPDYTSFNT		psite
ENSP00000263025	MAPK3	130	METDLYKLLKS		psite
ENSP00000263025	MAPK3	204	GFLTEYVATRW	MAPK3	psite
ENSP00000263025	MAPK3	204	GFLTEYVATRW	JAK2	psite
ENSP00000263025	MAPK3	204	GFLTEYVATRW	MAP2K1	psite
ENSP00000263025	MAPK3	204	GFLTEYVATRW	MAP2K2	psite
ENSP00000263025	MAPK3	204	GFLTEYVATRW	RET	psite
ENSP00000263025	MAPK3	210	VATRWYRAPEI		psite
ENSP00000215832	MAPK1	36	IGEGAYGMVCS		psite
ENSP00000215832	MAPK1	43	MVCSAYDNVNK		psite
ENSP00000215832	MAPK1	113	METDLYKLLKT		psite
ENSP00000215832	MAPK1	187	GFLTEYVATRW	JAK2	psite
ENSP00000215832	MAPK1	187	GFLTEYVATRW	MAP2K1	psite
ENSP00000215832	MAPK1	187	GFLTEYVATRW	RET	psite
ENSP00000215832	MAPK1	193	VATRWYRAPEI		psite
ENSP00000215832	MAPK1	263	LKARNYLLSLP		psite
ENSP00000308774	BMX	40	KTNLSYYEYDK		psite
ENSP00000308774	BMX	216	TSLAQYDSNSK	TEC	psite
ENSP00000308774	BMX	216	TSLAQYDSNSK	ITK	psite
ENSP00000308774	BMX	216	TSLAQYDSNSK	BTK	psite
ENSP00000308774	BMX	365	YLAENYCFDSI		psite
ENSP00000308774	BMX	566	VLDDQYVSSVG	SRC	psite
ENSP00000338934	EZR	116	LSDEIYCPPET		psite
ENSP00000338934	EZR	146	VHKSGYLSSER	SRC	psite
ENSP00000338934	EZR	146	VHKSGYLSSER	LCK	psite
ENSP00000338934	EZR	146	VHKSGYLSSER	EGFR	psite
ENSP00000338934	EZR	191	NAMLEYLKIAQ		psite
ENSP00000338934	EZR	201	QDLEMYGINYF		psite
ENSP00000338934	EZR	205	MYGINYFEIKN		psite
ENSP00000338934	EZR	270	PDFVFYAPRLR		psite
ENSP00000338934	EZR	291	GNHELYMRRRK		psite
ENSP00000338934	EZR	354	LRLQDYEEKTK	EGFR	psite
ENSP00000338934	EZR	424	AELAEYTAKIA		psite
ENSP00000338934	EZR	478	PPPPVYEPVSY	SRC	psite
ENSP00000338934	EZR	483	YEPVSYHVQES		psite
ENSP00000338934	EZR	499	AEPTGYSAELS		psite
ENSP00000338934	EZR	565	QGRDKYKTLRQ		psite
ENSP00000363115	FGR	28	GDFRSYGAADH		psite
ENSP00000363115	FGR	34	GAADHYGPDPT		psite
ENSP00000363115	FGR	86	LFIALYDYEAR		psite
ENSP00000363115	FGR	180	TTKGAYSLSIR		psite
ENSP00000363115	FGR	208	LDMGGYYITTR		psite
ENSP00000363115	FGR	209	DMGGYYITTRV		psite
ENSP00000363115	FGR	412	IKDDEYNPCQG		psite
ENSP00000363115	FGR	523	SAEPQYQPGDQ		psite
ENSP00000346839	FN1	101	TCFDKYTGNTY		psite
ENSP00000346839	FN1	372	NGRTFYSCTTE		psite
ENSP00000346839	FN1	588	VRYQCYCYGRG		psite
ENSP00000346839	FN1	937	SAVTGYRVDVI		psite
ENSP00000346839	FN1	1042	GQPRQYNVGPS		psite
ENSP00000346839	FN1	1206	PDITGYRITTT		psite
ENSP00000346839	FN1	1975	YKIYLYTLNDN		psite
ENSP00000346839	FN1	2441	TTGQSYNQYSQ		psite
ENSP00000346839	FN1	2444	QSYNQYSQRYH		psite
ENSP00000357656	FYN	28	NQSSGYRYGTD	PDGFRB	psite
ENSP00000357656	FYN	28	NQSSGYRYGTD	FYN	psite
ENSP00000357656	FYN	30	SSGYRYGTDPT	FYN	psite
ENSP00000357656	FYN	39	PTPQHYPSFGV	FYN	psite
ENSP00000357656	FYN	91	LFVALYDYEAR		psite
ENSP00000357656	FYN	185	TTKGAYSLSIR		psite
ENSP00000357656	FYN	213	LDNGGYYITTR		psite
ENSP00000357656	FYN	214	DNGGYYITTRA		psite
ENSP00000357656	FYN	339	SEEPIYIVTEY		psite
ENSP00000357656	FYN	420	IEDNEYTARQG	FYN	psite
ENSP00000357656	FYN	440	PEAALYGRFTI		psite
ENSP00000357656	FYN	531	ATEPQYQPGEN		psite
ENSP00000357656	FYN	420	IEDNEYTARQG		psite
ENSP00000229239	GAPDH	42	FIDLNYMVYMF	SRC	psite
ENSP00000229239	GAPDH	45	LNYMVYMFQYD		psite
ENSP00000229239	GAPDH	49	VYMFQYDSTHG		psite
ENSP00000229239	GAPDH	94	DAGAEYVVEST		psite
ENSP00000229239	GAPDH	140	VNHEKYDNSLK		psite
ENSP00000229239	GAPDH	255	EKPAKYDDIKK		psite
ENSP00000229239	GAPDH	276	KGILGYTEHQV		psite
ENSP00000229239	GAPDH	314	KLISWYDNEFG		psite
ENSP00000229239	GAPDH	320	DNEFGYSNRVV		psite
ENSP00000362924	GSN	86	VPTNLYGDFFT	SRC	psite
ENSP00000362924	GSN	409	GLGLSYLSSHI	SRC	psite
ENSP00000362924	GSN	465	VDPATYGQFYG	SRC	psite
ENSP00000362924	GSN	603	TPSAAYLWVGT	SRC	psite
ENSP00000362924	GSN	651	GGKAAYRTSPR	SRC	psite
ENSP00000378338	GIT1	111	FIRAKYQMLAF		psite
ENSP00000378338	GIT1	224	LVECQYELTDR		psite
ENSP00000378338	GIT1	293	LAMDVYDEVDR		psite
ENSP00000378338	GIT1	330	PVNPEYSATRN		psite
ENSP00000378338	GIT1	392	DDQHDYDSVAS		psite
ENSP00000378338	GIT1	519	QAFSMYEPGSA		psite
ENSP00000378338	GIT1	554	EDDAIYSVHVP		psite
ENSP00000378338	GIT1	563	VPAGLYRIRKG		psite
ENSP00000378338	GIT1	607	GADSDYENTQS		psite
ENSP00000378338	GIT1	246	HKNGHYIIPQM		psite
ENSP00000347464	GIT2	392	NDQPDYDSVAS		psite
ENSP00000347464	GIT2	484	ATTNVYQVQTG		psite
ENSP00000347464	GIT2	492	QTGSEYTDTSN		psite
ENSP00000347464	GIT2	516	RPMSMYETGSG		psite
ENSP00000347464	GIT2	525	SGQKPYLPMGE		psite
ENSP00000347464	GIT2	592	TPESDYDNTPN		psite
ENSP00000339007	GRB2	37	CDQNWYKAELN	JAK2	psite
ENSP00000339007	GRB2	52	FIPKNYIEMKP	JAK2	psite
ENSP00000339007	GRB2	160	PQQPTYVQALF	ALK	psite
ENSP00000339007	GRB2	209	MFPRNYVTPVN	JAK2	psite
ENSP00000310771	GRB7	107	HVVKVYSEDGA		psite
ENSP00000310771	GRB7	188	KNFAKYELFKS	PTK2	psite
ENSP00000310771	GRB7	284	NESNVYVVTQG		psite
ENSP00000310771	GRB7	338	FRLFKYGVQLY	PTK2	psite
ENSP00000324806	GSK3B	71	SFGVVYQAKLC		psite
ENSP00000324806	GSK3B	216	EPNVSYICSRY	GSK3B	psite
ENSP00000324806	GSK3B	216	EPNVSYICSRY	MAP2K1	psite
ENSP00000324806	GSK3B	221	YICSRYYRAPE		psite
ENSP00000324806	GSK3B	222	ICSRYYRAPEL		psite
ENSP00000365012	HCK	51	PHCPVYVPDPT		psite
ENSP00000365012	HCK	89	VALYDYEAIHH		psite
ENSP00000365012	HCK	127	TRKEGYIPSNY		psite
ENSP00000365012	HCK	209	DNGGFYISPRS		psite
ENSP00000365012	HCK	330	TKEPIYIITEF		psite
ENSP00000365012	HCK	411	IEDNEYTAREG	HCK	psite
ENSP00000269571	ERBB2	735	AFGTVYKGIWI		psite
ENSP00000269571	ERBB2	772	ILDEAYVMAGV		psite
ENSP00000269571	ERBB2	877	IDETEYHADGG	ERBB2	psite
ENSP00000269571	ERBB2	1005	LDSTFYRSLLE		psite
ENSP00000269571	ERBB2	1023	VDAEEYLVPQQ	ERBB2	psite
ENSP00000269571	ERBB2	1112	SPLQRYSEDPT	ERBB2	psite
ENSP00000269571	ERBB2	1127	SETDGYVAPLT		psite
ENSP00000269571	ERBB2	1139	SPQPEYVNQPD	ERBB2	psite
ENSP00000269571	ERBB2	1196	VENPEYLTPQG	ERBB2	psite
ENSP00000269571	ERBB2	1221	AFDNLYYWDQD	ERBB2	psite
ENSP00000269571	ERBB2	1222	FDNLYYWDQDP	ERBB2	psite
ENSP00000269571	ERBB2	1248	AENPEYLGLDV	ERBB2	psite
ENSP00000267101	ERBB3	868	DKQLLYSEAKT		psite
ENSP00000267101	ERBB3	1054	SPSSGYMPMNQ		psite
ENSP00000267101	ERBB3	1132	RGDSAYHSQRH		psite
ENSP00000267101	ERBB3	1159	EDVNGYVMPDT		psite
ENSP00000267101	ERBB3	1197	DEDEEYEYMNR		psite
ENSP00000267101	ERBB3	1199	DEEYEYMNRRR		psite
ENSP00000267101	ERBB3	1222	LEELGYEYMDV		psite
ENSP00000267101	ERBB3	1260	TPDEDYEYMNR		psite
ENSP00000267101	ERBB3	1262	DEDYEYMNRQR		psite
ENSP00000267101	ERBB3	1276	GPGGDYAAMGA		psite
ENSP00000267101	ERBB3	1289	ASEQGYEEMRA		psite
ENSP00000267101	ERBB3	1307	APHVHYARLKT		psite
ENSP00000267101	ERBB3	1328	FDNPDYWHSRL		psite
ENSP00000378332	TGFB1I1	38	TPPPSYGHQPQ		psite
ENSP00000378332	TGFB1I1	60	DKDHLYSTVCK	PTK2B	psite
ENSP00000378332	TGFB1I1	60	DKDHLYSTVCK	FYN	psite
ENSP00000377492	HMMR	251	DQVEKYKLDIA		psite
ENSP00000377492	HMMR	714	GNTNCYRAPME		psite
ENSP00000309845	HRAS	32	HFVDEYDPTIE		psite
ENSP00000309845	HRAS	40	TIEDSYRKQVV		psite
ENSP00000309845	HRAS	64	AGQEEYSAMRD		psite
ENSP00000309845	HRAS	157	VEDAFYTLVRE		psite
ENSP00000376544	CD79B	197	EEDHTYEGLDI		psite
ENSP00000376544	CD79B	208	DQTATYEDIVT		psite
ENSP00000268035	IGF1R	131	KDIGLYNLRNI		psite
ENSP00000268035	IGF1R	577	KPWTQYAVYVK		psite
ENSP00000268035	IGF1R	580	TQYAVYVKAVT		psite
ENSP00000268035	IGF1R	973	GNGVLYASVNP		psite
ENSP00000268035	IGF1R	980	SVNPEYFSAAD	IGF1R	psite
ENSP00000268035	IGF1R	1014	SFGMVYEGVAK		psite
ENSP00000268035	IGF1R	1161	MTRDIYETDYY	IGF1R	psite
ENSP00000268035	IGF1R	1165	IYETDYYRKGG	IGF1R	psite
ENSP00000268035	IGF1R	1166	YETDYYRKGGK	IGF1R	psite
ENSP00000268035	IGF1R	1280	REVSFYYSEEN	IGF1R	psite
ENSP00000268035	IGF1R	1281	EVSFYYSEENK	IGF1R	psite
ENSP00000268035	IGF1R	1346	DERQPYAHMNG		psite
ENSP00000303830	INSR	94	LLFRVYGLESL		psite
ENSP00000303830	INSR	401	KIRRSYALVSL		psite
ENSP00000303830	INSR	818	RHFTGYRIELQ		psite
ENSP00000303830	INSR	992	PLGPLYASSNP	INSR	psite
ENSP00000303830	INSR	999	SSNPEYLSASD	INSR	psite
ENSP00000303830	INSR	1011	FPCSVYVPDEW	INSR	psite
ENSP00000303830	INSR	1149	ADGMAYLNAKK		psite
ENSP00000303830	INSR	1185	MTRDIYETDYY	INSR	psite
ENSP00000303830	INSR	1189	IYETDYYRKGG	INSR	psite
ENSP00000303830	INSR	1190	YETDYYRKGGK	INSR	psite
ENSP00000303830	INSR	1355	GFKRSYEEHIP	INSR	psite
ENSP00000303830	INSR	1361	EEHIPYTHMNG	INSR	psite
ENSP00000303830	INSR	999	SSNPEYLSASD		psite
ENSP00000304895	IRS1	46	PARLEYYENEK		psite
ENSP00000304895	IRS1	47	ARLEYYENEKK		psite
ENSP00000304895	IRS1	87	HLVALYTRDEH		psite
ENSP00000304895	IRS1	465	EELSNYICMGG		psite
ENSP00000304895	IRS1	483	APNGHYILSRG		psite
ENSP00000304895	IRS1	612	HTDDGYMPMSP		psite
ENSP00000304895	IRS1	632	KGSGDYMPMSP		psite
ENSP00000304895	IRS1	662	VDPNGYMMMSP		psite
ENSP00000304895	IRS1	695	PSGTSYGKLWT		psite
ENSP00000304895	IRS1	896	KSPGEYVNIEF		psite
ENSP00000304895	IRS1	941	TGTEEYMKMDL		psite
ENSP00000304895	IRS1	989	SSRGDYMTMQM		psite
ENSP00000304895	IRS1	1179	ENGLNYIDLDL		psite
ENSP00000327290	ITGA11	1098	LKALKYKSMKI		psite
ENSP00000262407	ITGA2B	319	EQMASYFGHSV		psite
ENSP00000262407	ITGA2B	344	VGAPLYMESRA		psite
ENSP00000007722	ITGA3	574	IISMNYSLPLR		psite
ENSP00000380227	ITGA4	1024	RDSWSYINSKS		psite
ENSP00000293379	ITGA5	487	DKAVVYRGRPI		psite
ENSP00000386896	ITGA6	410	GKVFIYHGSAN		psite
ENSP00000386896	ITGA6	434	SPYFGYSIAGN		psite
ENSP00000386896	ITGA6	1071	IKDEKYIDNLE		psite
ENSP00000257879	ITGA7	262	LALNSYLGFSI		psite
ENSP00000263087	ITGAE	549	EEGRVYVYRLS		psite
ENSP00000263087	ITGAE	551	GRVYVYRLSEQ		psite
ENSP00000261023	ITGAV	591	TIFMEYRLDYR		psite
ENSP00000364094	ITGB1	141	KRAEDYPIDLY		psite
ENSP00000364094	ITGB1	147	PIDLYYLMDLS		psite
ENSP00000303242	ITGB2	735	SDLREYRRFEK	LCK	psite
ENSP00000200181	ITGB4	855	NLNEVYRQISG		psite
ENSP00000200181	ITGB4	920	KVAPGYYTLTA		psite
ENSP00000200181	ITGB4	921	VAPGYYTLTAD		psite
ENSP00000200181	ITGB4	1187	ELTNLYPYCDY		psite
ENSP00000200181	ITGB4	1189	TNLYPYCDYEM		psite
ENSP00000200181	ITGB4	1199	MKVCAYGAQGE		psite
ENSP00000200181	ITGB4	1207	QGEGPYSSLVS		psite
ENSP00000200181	ITGB4	1257	AYEVCYGLVND		psite
ENSP00000200181	ITGB4	1343	QSGEDYDSFLM		psite
ENSP00000200181	ITGB4	1349	DSFLMYSDDVL		psite
ENSP00000200181	ITGB4	1469	TSAAAYGTHLS		psite
ENSP00000200181	ITGB4	1492	TLTRDYNSLTR		psite
ENSP00000200181	ITGB4	1510	TLPRDYSTLTS		psite
ENSP00000200181	ITGB4	1564	GYSVEYQLLNG		psite
ENSP00000200181	ITGB4	1596	LPNHSYVFRVR		psite
ENSP00000200181	ITGB4	1674	GDIVGYLVTCE		psite
ENSP00000200181	ITGB4	1760	PLQSEYSSITT		psite
ENSP00000200181	ITGB4	1564	GYSVEYQLLNG	PRKCA	psite
ENSP00000200181	ITGB4	1712	SENVPYKFKVQ		psite
ENSP00000296181	ITGB5	766	RSRARYEMASN		psite
ENSP00000296181	ITGB5	774	ASNPLYRKPIS		psite
ENSP00000283249	ITGB6	762	GTNPLYRGSTS		psite
ENSP00000267082	ITGB7	753	LSVEIYDRREY	SRC	psite
ENSP00000267082	ITGB7	753	LSVEIYDRREY	PTK2	psite
ENSP00000267082	ITGB7	758	YDRREYSRFEK	SRC	psite
ENSP00000267082	ITGB7	758	YDRREYSRFEK	PTK2	psite
ENSP00000371067	JAK2	119	YRIRFYFPRWY	JAK2	psite
ENSP00000371067	JAK2	201	TPLAIYNSISY		psite
ENSP00000371067	JAK2	221	AKIQDYHILTR		psite
ENSP00000371067	JAK2	423	NQTGLYVLRCS		psite
ENSP00000371067	JAK2	435	KDFNKYFLTFA		psite
ENSP00000371067	JAK2	570	REVGDYGQLHE	JAK2	psite
ENSP00000371067	JAK2	637	GSLDTYLKKNK		psite
ENSP00000371067	JAK2	790	NNCMDYEPDFR		psite
ENSP00000371067	JAK2	813	LFTPDYELLTE		psite
ENSP00000371067	JAK2	931	KLIMEYLPYGS		psite
ENSP00000371067	JAK2	940	GSLRDYLQKHK		psite
ENSP00000371067	JAK2	956	IKLLQYTSQIC		psite
ENSP00000371067	JAK2	966	CKGMEYLGTKR		psite
ENSP00000371067	JAK2	972	LGTKRYIHRDL		psite
ENSP00000371067	JAK2	1007	PQDKEYYKVKE		psite
ENSP00000371067	JAK2	1008	QDKEYYKVKEP		psite
ENSP00000298622	JAKMIP3	721	SKQKGYLDEEL		psite
ENSP00000298622	JAKMIP3	728	DEELDYRKQAL		psite
ENSP00000286627	KCNMA1	1028	ALRGGYSTPQT		psite
ENSP00000256078	KRAS	32	HFVDEYDPTIE		psite
ENSP00000256078	KRAS	40	TIEDSYRKQVV		psite
ENSP00000256078	KRAS	64	AGQEEYSAMRD		psite
ENSP00000337825	LCK	25	CENCHYPIVPL		psite
ENSP00000337825	LCK	51	DPLVTYEGSNP		psite
ENSP00000337825	LCK	192	DNGGFYISPRI		psite
ENSP00000337825	LCK	263	EVWMGYYNGHT		psite
ENSP00000337825	LCK	264	VWMGYYNGHTK		psite
ENSP00000337825	LCK	394	IEDNEYTAREG	LCK	psite
ENSP00000337825	LCK	414	PEAINYGTFTI		psite
ENSP00000337825	LCK	470	CPEELYQLMRL		psite
ENSP00000337825	LCK	489	RPTFDYLRSVL		psite
ENSP00000417281	MDM2	66	FYLGQYIMTKR		psite
ENSP00000417281	MDM2	282	EDDEVYQVTVY	ABL1	psite
ENSP00000417281	MDM2	400	QESEDYSQPST	ABL1	psite
ENSP00000417281	MDM2	411	SSSIIYSSQED	ABL1	psite
ENSP00000317272	MET	745	EDPIVYEIHPT		psite
ENSP00000317272	MET	848	GILSKYFDLIY		psite
ENSP00000317272	MET	989	SELVRYDARVH		psite
ENSP00000317272	MET	1021	NESVDYRATFP		psite
ENSP00000317272	MET	1044	CRQVQYPLTDM		psite
ENSP00000317272	MET	1111	HFGCVYHGTLL		psite
ENSP00000317272	MET	1177	LVVLPYMKHGD		psite
ENSP00000317272	MET	1212	AKGMKYLASKK		psite
ENSP00000317272	MET	1248	LARDMYDKEYY		psite
ENSP00000317272	MET	1252	MYDKEYYSVHN	MST1R	psite
ENSP00000317272	MET	1252	MYDKEYYSVHN	MET	psite
ENSP00000317272	MET	1253	YDKEYYSVHNK	BMX	psite
ENSP00000317272	MET	1253	YDKEYYSVHNK	MST1R	psite
ENSP00000317272	MET	1253	YDKEYYSVHNK	MET	psite
ENSP00000317272	MET	1325	LLQPEYCPDPL		psite
ENSP00000317272	MET	1331	CPDPLYEVMLK		psite
ENSP00000317272	MET	1367	FIGEHYVHVNA	ABL1	psite
ENSP00000317272	MET	1367	FIGEHYVHVNA	MST1R	psite
ENSP00000317272	MET	1367	FIGEHYVHVNA	MET	psite
ENSP00000317272	MET	1374	HVNATYVNVKC	ABL1	psite
ENSP00000317272	MET	1374	HVNATYVNVKC	MST1R	psite
ENSP00000317272	MET	1374	HVNATYVNVKC	MET	psite
ENSP00000317272	MET	1383	KCVAPYPSLLS		psite
ENSP00000351664	MICAL1	483	QVRDLYDVLAK		psite
ENSP00000351664	MICAL1	906	GTMNNYPTWRR		psite
ENSP00000223023	WASL	175	TTNRFYGPQVN		psite
ENSP00000223023	WASL	256	TSKVIYDFIEK		psite
ENSP00000288986	NCK1	105	PGERLYDLNMP	ABL1	psite
ENSP00000288986	NCK1	112	LNMPAYVKFNY		psite
ENSP00000288986	NCK1	268	PPQCDYIRPSL		psite
ENSP00000288986	NCK1	339	LKETVYCIGQR		psite
ENSP00000233154	NCK2	50	ANRTGYVPSNY		psite
ENSP00000233154	NCK2	99	STDAEYPANGS		psite
ENSP00000233154	NCK2	110	GADRIYDLNIP		psite
ENSP00000233154	NCK2	271	APQISYTGPSS		psite
ENSP00000233154	NCK2	342	LVDNVYCIGQR		psite
ENSP00000250495	NEDD8	45	QQRLIYSGKQM		psite
ENSP00000250495	NEDD8	59	KTAADYKILGG		psite
ENSP00000261908	NEO1	891	TDSRYYTVRWK		psite
ENSP00000261908	NEO1	915	ATTLSYLVTGL		psite
ENSP00000261908	NEO1	1279	ARSHLYHPGSP		psite
ENSP00000261908	NEO1	1436	DSESSYEPDEL		psite
ENSP00000358548	NRAS	32	HFVDEYDPTIE		psite
ENSP00000358548	NRAS	40	TIEDSYRKQVV		psite
ENSP00000358548	NRAS	64	AGQEEYSAMRD		psite
ENSP00000358548	NRAS	157	VEDAFYTLVRE		psite
ENSP00000173229	NTN1	490	INMKKYCKKDY		psite
ENSP00000347379	OCLN	44	LSQPAYSFYPE		psite
ENSP00000347379	OCLN	287	DKEHIYDEQPP		psite
ENSP00000347379	OCLN	315	SPPSDYVERVD		psite
ENSP00000347379	OCLN	325	DSPMAYSSNGK		psite
ENSP00000347379	OCLN	337	NDKRFYPESSY		psite
ENSP00000347379	OCLN	342	YPESSYKSTPV		psite
ENSP00000347379	OCLN	368	FRQPRYSSGGN		psite
ENSP00000347379	OCLN	398	TEQDHYETDYT	SRC	psite
ENSP00000347379	OCLN	402	HYETDYTTGGE	SRC	psite
ENSP00000347379	OCLN	443	TGLQEYKSLQS		psite
ENSP00000347379	OCLN	467	KELDDYREESE		psite
ENSP00000347379	OCLN	474	EESEEYMAAAD		psite
ENSP00000347379	OCLN	481	AAADEYNRLKQ		psite
ENSP00000162330	BCAR1	12	LAKALYDNVAE		psite
ENSP00000162330	BCAR1	115	QPDSVYLVPTP		psite
ENSP00000162330	BCAR1	128	AQQGLYQVPGP	SRC	psite
ENSP00000162330	BCAR1	165	PATDLYQVPPG	PTK6	psite
ENSP00000162330	BCAR1	179	PAQDIYQVPPS		psite
ENSP00000162330	BCAR1	192	MGHDIYQVPPS		psite
ENSP00000162330	BCAR1	222	RVGQGYVYEAA		psite
ENSP00000162330	BCAR1	224	GQGYVYEAAQP		psite
ENSP00000162330	BCAR1	234	PEQDEYDIPRH		psite
ENSP00000162330	BCAR1	249	GPQDIYDVPPV		psite
ENSP00000162330	BCAR1	262	LLPSQYGQEVY		psite
ENSP00000162330	BCAR1	267	YGQEVYDTPPM		psite
ENSP00000162330	BCAR1	287	PLLEVYDVPPS		psite
ENSP00000162330	BCAR1	306	NHHAVYDVPPS		psite
ENSP00000162330	BCAR1	327	LREETYDVPPA		psite
ENSP00000162330	BCAR1	362	PAEDVYDVPPP		psite
ENSP00000162330	BCAR1	372	PAPDLYDVPPG		psite
ENSP00000162330	BCAR1	387	GPGTLYDVPRE		psite
ENSP00000162330	BCAR1	410	VDSGVYAVPPP	PTK2	psite
ENSP00000162330	BCAR1	653	SPDGQYENSEG		psite
ENSP00000162330	BCAR1	664	GWMEDYDYVHL	PTK6	psite
ENSP00000162330	BCAR1	666	MEDYDYVHLQG		psite
ENSP00000269305	TP53	327	PLDGEYFTLQI		psite
ENSP00000355759	PARP1	775	DIEVAYSLLRG		psite
ENSP00000257290	PDGFRA	572	PDGHEYIYVDP	PDGFRA	psite
ENSP00000257290	PDGFRA	574	GHEYIYVDPMQ	PDGFRA	psite
ENSP00000257290	PDGFRA	582	PMQLPYDSRWE		psite
ENSP00000257290	PDGFRA	613	VEGTAYGLSRS		psite
ENSP00000257290	PDGFRA	720	ESTRSYVILSF		psite
ENSP00000257290	PDGFRA	731	ENNGDYMDMKQ		psite
ENSP00000257290	PDGFRA	742	ADTTQYVPMLE		psite
ENSP00000257290	PDGFRA	754	KEVSKYSDIQR	PDGFRB	psite
ENSP00000257290	PDGFRA	762	IQRSLYDRPAS		psite
ENSP00000257290	PDGFRA	768	DRPASYKKKSM		psite
ENSP00000257290	PDGFRA	849	MHDSNYVSKGS		psite
ENSP00000257290	PDGFRA	926	ATSEVYEIMVK		psite
ENSP00000257290	PDGFRA	944	KRPSFYHLSEI		psite
ENSP00000257290	PDGFRA	958	LLPGQYKKSYE		psite
ENSP00000257290	PDGFRA	962	QYKKSYEKIHL		psite
ENSP00000257290	PDGFRA	988	DSDNAYIGVTY	PDGFRA	psite
ENSP00000257290	PDGFRA	993	YIGVTYKNEED		psite
ENSP00000257290	PDGFRA	1018	SADSGYIIPLP	PDGFRA	psite
ENSP00000261799	PDGFRB	562	QKKPRYEIRWK	PDGFRB	psite
ENSP00000261799	PDGFRB	579	SDGHEYIYVDP	PDGFRB	psite
ENSP00000261799	PDGFRB	581	GHEYIYVDPMQ	PDGFRB	psite
ENSP00000261799	PDGFRB	686	TEYCRYGDLVD	ABL1	psite
ENSP00000261799	PDGFRB	686	TEYCRYGDLVD	ABL2	psite
ENSP00000261799	PDGFRB	692	GDLVDYLHRNK		psite
ENSP00000261799	PDGFRB	716	PSAELYSNALP		psite
ENSP00000261799	PDGFRB	740	ESDGGYMDMSK	PDGFRB	psite
ENSP00000261799	PDGFRB	751	DESVDYVPMLD	PDGFRB	psite
ENSP00000261799	PDGFRB	763	KGDVKYADIES	PDGFRB	psite
ENSP00000261799	PDGFRB	771	IESSNYMAPYD	PDGFRB	psite
ENSP00000261799	PDGFRB	775	NYMAPYDNYVP	PDGFRB	psite
ENSP00000261799	PDGFRB	778	APYDNYVPSAP	PDGFRB	psite
ENSP00000261799	PDGFRB	857	MRDSNYISKGS	PDGFRB	psite
ENSP00000261799	PDGFRB	934	ASDEIYEIMQK	ABL1	psite
ENSP00000261799	PDGFRB	970	GYKKKYQQVDE	ABL1	psite
ENSP00000261799	PDGFRB	1009	TSSVLYTAVQP	PDGFRB	psite
ENSP00000261799	PDGFRB	1021	EGDNDYIIPLP	PDGFRB	psite
ENSP00000263967	PIK3CA	246	LCVLEYQGKYI		psite
ENSP00000263967	PIK3CA	294	AKESLYSQLPM		psite
ENSP00000263967	PIK3CA	317	STATPYMNGET		psite
ENSP00000263967	PIK3CA	355	DIDKIYVRTGI		psite
ENSP00000263967	PIK3CA	361	VRTGIYHGGEP		psite
ENSP00000263967	PIK3CA	508	EAGFSYSHAGL		psite
ENSP00000263967	PIK3CA	1038	QEALEYFMKQM		psite
ENSP00000289153	PIK3CB	246	VSPYDYVLQVS		psite
ENSP00000289153	PIK3CB	425	INPSKYQTIRK		psite
ENSP00000289153	PIK3CB	503	NKKQPYYYPPF		psite
ENSP00000289153	PIK3CB	504	KKQPYYYPPFD		psite
ENSP00000289153	PIK3CB	505	KQPYYYPPFDK		psite
ENSP00000289153	PIK3CB	772	ILSELYVEKCK		psite
ENSP00000289153	PIK3CB	962	PFILTYDFIHV		psite
ENSP00000366563	PIK3CD	440	GERCLYMWPSV		psite
ENSP00000366563	PIK3CD	484	APHPVYYPALE		psite
ENSP00000366563	PIK3CD	485	PHPVYYPALEK		psite
ENSP00000366563	PIK3CD	524	GSGELYEHEKD		psite
ENSP00000366563	PIK3CD	936	PFILTYDFVHV		psite
ENSP00000274335	PIK3R1	12	QYRALYDYKKE		psite
ENSP00000274335	PIK3R1	76	GTYVEYIGRKK		psite
ENSP00000274335	PIK3R1	203	IPAAVYSEMIS	RET	psite
ENSP00000274335	PIK3R1	368	KMHGDYTLTLR	INSR	psite
ENSP00000274335	PIK3R1	426	DVKLLYPVSKY		psite
ENSP00000274335	PIK3R1	452	KKLHEYNTQFQ		psite
ENSP00000274335	PIK3R1	463	EKSREYDRLYE		psite
ENSP00000274335	PIK3R1	467	EYDRLYEEYTR		psite
ENSP00000274335	PIK3R1	470	RLYEEYTRTSQ		psite
ENSP00000274335	PIK3R1	504	QTQERYSKEYI		psite
ENSP00000274335	PIK3R1	508	RYSKEYIEKFK		psite
ENSP00000274335	PIK3R1	528	RIMHNYDKLKS		psite
ENSP00000274335	PIK3R1	556	KQAAEYREIDK		psite
ENSP00000274335	PIK3R1	580	KTRDQYLMWLT	INSR	psite
ENSP00000274335	PIK3R1	607	NTEDQYSLVED	INSR	psite
ENSP00000274335	PIK3R1	657	SKQGCYACSVV		psite
ENSP00000274335	PIK3R1	679	KTATGYGFAEP		psite
ENSP00000274335	PIK3R1	688	EPYNLYSSLKE		psite
ENSP00000222254	PIK3R2	74	DFPGTYVEFLG		psite
ENSP00000222254	PIK3R2	365	KIQGEYTLTLR		psite
ENSP00000222254	PIK3R2	423	DTRLLYPVSKY		psite
ENSP00000222254	PIK3R2	449	AQLKVYHQQYQ		psite
ENSP00000222254	PIK3R2	453	VYHQQYQDKSR		psite
ENSP00000222254	PIK3R2	460	DKSREYDQLYE		psite
ENSP00000222254	PIK3R2	464	EYDQLYEEYTR		psite
ENSP00000222254	PIK3R2	467	QLYEEYTRTSQ		psite
ENSP00000222254	PIK3R2	577	KIRDQYLVWLT		psite
ENSP00000222254	PIK3R2	605	ETEDQYALMED		psite
ENSP00000222254	PIK3R2	655	SQRGCYACSVV		psite
ENSP00000222254	PIK3R2	671	KHCVIYRTATG		psite
ENSP00000262741	PIK3R3	184	KKLQEYHSQYQ		psite
ENSP00000262741	PIK3R3	188	EYHSQYQEKSK		psite
ENSP00000262741	PIK3R3	195	EKSKEYDRLYE		psite
ENSP00000262741	PIK3R3	199	EYDRLYEEYTR		psite
ENSP00000262741	PIK3R3	202	RLYEEYTRTSQ		psite
ENSP00000262741	PIK3R3	260	RIMMNYDKLKS		psite
ENSP00000262741	PIK3R3	341	DADENYFINEE	INSR	psite
ENSP00000262741	PIK3R3	373	AEDLLYGKPDG		psite
ENSP00000262741	PIK3R3	407	KHCVIYSTARG		psite
ENSP00000305355	PRKCB	195	GLSDPYVKLKL		psite
ENSP00000305355	PRKCB	368	GTDELYAVKIL		psite
ENSP00000305355	PRKCB	507	CGTPDYIAPEI		psite
ENSP00000305355	PRKCB	515	PEIIAYQPYGK		psite
ENSP00000263431	PRKCG	195	GLSDPYVKLKL		psite
ENSP00000263431	PRKCG	521	CGTPDYIAPEI		psite
ENSP00000263431	PRKCG	529	PEIIAYQPYGK		psite
ENSP00000244007	PLCG1	186	LSQVNYRVPNM		psite
ENSP00000244007	PLCG1	210	SGDITYGQFAQ		psite
ENSP00000244007	PLCG1	379	GMPVIYHGHTL		psite
ENSP00000244007	PLCG1	428	RNMAQYFKKVL		psite
ENSP00000244007	PLCG1	472	AEGSAYEEVPT		psite
ENSP00000244007	PLCG1	481	PTSMMYSENDI		psite
ENSP00000244007	PLCG1	506	VNHEWYPHYFV		psite
ENSP00000244007	PLCG1	509	EWYPHYFVLTS		psite
ENSP00000244007	PLCG1	518	TSSKIYYSEET		psite
ENSP00000244007	PLCG1	702	NEPNSYAISFR		psite
ENSP00000244007	PLCG1	771	TAEPDYGALYE	SYK	psite
ENSP00000244007	PLCG1	771	TAEPDYGALYE	EGFR	psite
ENSP00000244007	PLCG1	775	DYGALYEGRNP		psite
ENSP00000244007	PLCG1	783	RNPGFYVEANP	SYK	psite
ENSP00000244007	PLCG1	783	RNPGFYVEANP	ITK	psite
ENSP00000244007	PLCG1	783	RNPGFYVEANP	EGFR	psite
ENSP00000244007	PLCG1	783	RNPGFYVEANP	RET	psite
ENSP00000244007	PLCG1	833	WWRGDYGGKKQ		psite
ENSP00000244007	PLCG1	959	SELVVYCRPVP		psite
ENSP00000244007	PLCG1	977	TERACYRDMSS		psite
ENSP00000244007	PLCG1	991	TKAEKYVNKAK		psite
ENSP00000244007	PLCG1	1003	KKFLQYNRLQL		psite
ENSP00000244007	PLCG1	1254	SFESRYQQPFE		psite
ENSP00000262304	PKD1	2168	RSQRNYLEAHV		psite
ENSP00000262304	PKD1	4237	ATEDVYQLEQQ	SRC	psite
ENSP00000296122	PPP1CB	133	SINRIYGFYDE		psite
ENSP00000296122	PPP1CB	136	RIYGFYDECKR		psite
ENSP00000296122	PPP1CB	254	VVEDGYEFFAK		psite
ENSP00000296122	PPP1CB	304	EKKAKYQYGGL		psite
ENSP00000296122	PPP1CB	306	KAKYQYGGLNS		psite
ENSP00000361021	PTEN	46	RLEGVYRNNID		psite
ENSP00000361021	PTEN	68	NHYKIYNLCAE		psite
ENSP00000361021	PTEN	138	VMICAYLLHRG		psite
ENSP00000361021	PTEN	155	EALDFYGEVRT		psite
ENSP00000361021	PTEN	174	PSQRRYVYYYS		psite
ENSP00000361021	PTEN	176	QRRYVYYYSYL		psite
ENSP00000361021	PTEN	177	RRYVYYYSYLL		psite
ENSP00000361021	PTEN	178	RYVYYYSYLLK		psite
ENSP00000361021	PTEN	180	VYYYSYLLKNH		psite
ENSP00000361021	PTEN	240	EDKFMYFEFPQ	LCK	psite
ENSP00000361021	PTEN	315	DNDKEYLVLTL	LCK	psite
ENSP00000361021	PTEN	336	DKANRYFSPNF	FRK	psite
ENSP00000248594	PTPN12	64	VKKNRYKDILP		psite
ENSP00000248594	PTPN12	88	SQDSDYINANF		psite
ENSP00000248594	PTPN12	301	KQLQLYEIHGA		psite
ENSP00000360683	PTPN1	20	SWAAIYQDIRH		psite
ENSP00000360683	PTPN1	46	KNRNRYRDVSP		psite
ENSP00000360683	PTPN1	66	QEDNDYINASL	EGFR	psite
ENSP00000360683	PTPN1	152	EDIKSYYTVRQ		psite
ENSP00000360683	PTPN1	153	DIKSYYTVRQL		psite
ENSP00000360683	PTPN1	271	QLRFSYLAVIE		psite
ENSP00000360683	PTPN1	359	LNAAPYGIESM		psite
ENSP00000265562	PTPN23	213	AQVVDYYKEAC		psite
ENSP00000265562	PTPN23	679	EGRDFYADLES		psite
ENSP00000265562	PTPN23	1165	IERDPYEHPER		psite
ENSP00000265562	PTPN23	1229	QDVMPYDSNRV		psite
ENSP00000369756	PTPRA	218	STNRKYPPLPV		psite
ENSP00000369756	PTPRA	271	KEKNRYVNILP		psite
ENSP00000369756	PTPRA	588	EENTDYVNASF		psite
ENSP00000369756	PTPRA	781	QTLEQYEFCYK		psite
ENSP00000369756	PTPRA	791	KVVQEYIDAFS		psite
ENSP00000369756	PTPRA	785	QYEFCYKVVQE		psite
ENSP00000365528	PTPRH	1102	VENLIYENVAA		psite
ENSP00000228307	PXN	31	SEETPYSYPTG	PTK6	psite
ENSP00000228307	PXN	33	ETPYSYPTGNH		psite
ENSP00000228307	PXN	40	TGNHTYQEIAV		psite
ENSP00000228307	PXN	88	SSSPVYGSSAK		psite
ENSP00000228307	PXN	118	EEEHVYSFPNK	PTK6	psite
ENSP00000228307	PXN	118	EEEHVYSFPNK	FYN	psite
ENSP00000228307	PXN	181	ALSPLYGVPET		psite
ENSP00000332816	PTK2B	402	IESDIYAEIPD	SRC	psite
ENSP00000332816	PTK2B	402	IESDIYAEIPD	PTK2B	psite
ENSP00000332816	PTK2B	418	PGGPQYGIARE		psite
ENSP00000332816	PTK2B	440	FFGEVYEGVYT		psite
ENSP00000332816	PTK2B	573	FGLSRYIEDED		psite
ENSP00000332816	PTK2B	579	IEDEDYYKASV		psite
ENSP00000332816	PTK2B	580	EDEDYYKASVT		psite
ENSP00000332816	PTK2B	683	SLSDVYQMEKD		psite
ENSP00000332816	PTK2B	699	ERNARYRTPKI		psite
ENSP00000332816	PTK2B	722	PSRPKYRPPPQ		psite
ENSP00000332816	PTK2B	756	TSPMEYPSPVN		psite
ENSP00000332816	PTK2B	819	QMVEDYQWLRQ		psite
ENSP00000332816	PTK2B	834	LDPMVYMNDKS		psite
ENSP00000332816	PTK2B	849	EKEVGYLEFTG		psite
ENSP00000332816	PTK2B	881	TDDLVYLNVME		psite
ENSP00000332816	PTK2B	906	LPPEGYVVVVK		psite
ENSP00000348461	RAC1	64	AGQEDYDRLRP	SRC	psite
ENSP00000348461	RAC1	64	AGQEDYDRLRP	PTK2	psite
ENSP00000274376	RASA1	164	LDGPEYEEEEV		psite
ENSP00000274376	RASA1	239	AMCGDYYIGGR		psite
ENSP00000274376	RASA1	460	DGKEIYNTIRR		psite
ENSP00000274376	RASA1	472	TKDAFYKNIVK		psite
ENSP00000274376	RASA1	615	HFTNPYCNIYL		psite
ENSP00000274376	RASA1	952	GAKEPYMEGVN		psite
ENSP00000347942	RET	687	AFPVSYSSSGA	RET	psite
ENSP00000347942	RET	752	KGRAGYTTVAV		psite
ENSP00000347942	RET	791	HVIKLYGACSQ		psite
ENSP00000347942	RET	806	LLIVEYAKYGS	RET	psite
ENSP00000347942	RET	809	VEYAKYGSLRG	RET	psite
ENSP00000347942	RET	826	KVGPGYLGSGG	RET	psite
ENSP00000347942	RET	864	SQGMQYLAEMK		psite
ENSP00000347942	RET	900	LSRDVYEEDSY	RET	psite
ENSP00000347942	RET	905	YEEDSYVKRSQ	SRC	psite
ENSP00000347942	RET	905	YEEDSYVKRSQ	PTK2	psite
ENSP00000347942	RET	905	YEEDSYVKRSQ	RET	psite
ENSP00000347942	RET	928	LFDHIYTTQSD		psite
ENSP00000347942	RET	952	LGGNPYPGIPP		psite
ENSP00000347942	RET	981	CSEEMYRLMLQ	RET	psite
ENSP00000347942	RET	1015	VKRRDYLDLAA	RET	psite
ENSP00000347942	RET	1029	SDSLIYDDGLS	RET	psite
ENSP00000347942	RET	1062	IENKLYGMSDP	RET	psite
ENSP00000347942	RET	1090	TGFPRYPNDSV	RET	psite
ENSP00000347942	RET	1096	PNDSVYANWML	RET	psite
ENSP00000400175	RHOA	34	QFPEVYVPTVF		psite
ENSP00000400175	RHOA	66	AGQEDYDRLRP		psite
ENSP00000400175	RHOA	156	IGAFGYMECSA		psite
ENSP00000285735	RHOC	34	QFPEVYVPTVF		psite
ENSP00000285735	RHOC	66	AGQEDYDRLRP		psite
ENSP00000285735	RHOC	156	ISAFGYLECSA		psite
ENSP00000365411	APBB1IP	45	RAEFNYSVGFK		psite
ENSP00000365411	APBB1IP	225	CLYEIYPELQI		psite
ENSP00000365411	APBB1IP	274	NPQNFYLDNRG		psite
ENSP00000365411	APBB1IP	331	SWKRRYFLLRA		psite
ENSP00000365411	APBB1IP	340	RASGIYYVPKG		psite
ENSP00000365411	APBB1IP	380	KAPTDYCFVLK		psite
ENSP00000259808	RIPK1	384	QDEANYHLYGS		psite
ENSP00000259808	RIPK1	387	ANYHLYGSRMD		psite
ENSP00000259808	RIPK1	426	AQQRPYENFQN		psite
ENSP00000259808	RIPK1	463	QPQVLYQNNGL		psite
ENSP00000259808	RIPK1	469	QNNGLYSSHGF		psite
ENSP00000259808	RIPK1	490	GPRVWYRPIPS		psite
ENSP00000382697	ROCK1	255	GGDGYYGRECD		psite
ENSP00000382697	ROCK1	405	YSNRRYLSSAN		psite
ENSP00000382697	ROCK1	913	LLEEQYFELTQ		psite
ENSP00000382697	ROCK1	1153	KKILFYNDEQD		psite
ENSP00000382697	ROCK1	1287	PCKVSYDVTSA		psite
ENSP00000235180	DLGAP3	454	SSIPGYSRSLT		psite
ENSP00000263686	SELP	818	SHLGTYGVFTN		psite
ENSP00000401303	SHC1	315	LRFKQYLRNPP		psite
ENSP00000401303	SHC1	349	PPDHQYYNDFP	SRC	psite
ENSP00000401303	SHC1	350	PDHQYYNDFPG	SRC	psite
ENSP00000401303	SHC1	428	FDDPSYVNVQN	SRC	psite
ENSP00000401303	SHC1	428	FDDPSYVNVQN	MET	psite
ENSP00000401303	SHC1	521	TTPGQYVLTGL		psite
ENSP00000401303	SHC1	428	FDDPSYVNVQN		psite
ENSP00000264554	SHC2	157	SYVVRYMGCIE		psite
ENSP00000264554	SHC2	305	LRFKQYLHSPP		psite
ENSP00000264554	SHC2	338	SLEHNYYNSIP		psite
ENSP00000264554	SHC2	339	LEHNYYNSIPG		psite
ENSP00000264554	SHC2	414	HEEHLYVNTQG		psite
ENSP00000364995	SHC3	46	PAAAPYLVSGE		psite
ENSP00000364995	SHC3	308	LRFKQYLQCPT		psite
ENSP00000364995	SHC3	341	GSDHPYYNSIP		psite
ENSP00000364995	SHC3	342	SDHPYYNSIPS		psite
ENSP00000364995	SHC3	379	GKEQTYYQGRH		psite
ENSP00000364995	SHC3	406	GSSDIYSTPEG		psite
ENSP00000364995	SHC3	424	GEAPTYVNTQQ		psite
ENSP00000329668	SHC4	374	REDHEYYNEIP		psite
ENSP00000329668	SHC4	375	EDHEYYNEIPG		psite
ENSP00000329668	SHC4	424	KCSSVYENCLE		psite
ENSP00000329668	SHC4	465	FDDPCYINTQA		psite
ENSP00000340944	PTPN11	62	QNTGDYYDLYG		psite
ENSP00000340944	PTPN11	63	NTGDYYDLYGG		psite
ENSP00000340944	PTPN11	66	DYYDLYGGEKF		psite
ENSP00000340944	PTPN11	179	CQELKYDVGGG		psite
ENSP00000340944	PTPN11	263	ECKLLYSRKEG		psite
ENSP00000340944	PTPN11	279	KNKNRYKNILP		psite
ENSP00000340944	PTPN11	304	EPVSDYINANI		psite
ENSP00000340944	PTPN11	511	QTEAQYRFIYM		psite
ENSP00000340944	PTPN11	515	QYRFIYMAVQH		psite
ENSP00000340944	PTPN11	542	RKGHEYTNIKY	FYN	psite
ENSP00000340944	PTPN11	542	RKGHEYTNIKY	ALK	psite
ENSP00000340944	PTPN11	547	YTNIKYSLADQ		psite
ENSP00000340944	PTPN11	580	DSARVYENVGL	ALK	psite
ENSP00000340944	PTPN11	542	RKGHEYTNIKY		psite
ENSP00000340944	PTPN11	580	DSARVYENVGL		psite
ENSP00000330341	SOCS3	204	GHLDSYEKVTQ	LCK	psite
ENSP00000330341	SOCS3	204	GHLDSYEKVTQ	JAK2	psite
ENSP00000355136	SORBS1	460	DDSDLYSPRYS		psite
ENSP00000355136	SORBS1	464	LYSPRYSFSED		psite
ENSP00000355136	SORBS1	536	EPKSIYEYQPG		psite
ENSP00000355136	SORBS1	538	KSIYEYQPGKS		psite
ENSP00000355136	SORBS1	722	FIPADYLESTE		psite
ENSP00000355136	SORBS1	831	IDQNWYEGEHH		psite
ENSP00000355136	SORBS1	937	KNPVDYMDLPF		psite
ENSP00000384675	SOS1	155	RNIRHYEITKQ		psite
ENSP00000384675	SOS1	618	LTYHMYADPNF		psite
ENSP00000384675	SOS1	1065	PRKISYSRIPE		psite
ENSP00000357130	SPTA1	370	KLQATYWYHRF		psite
ENSP00000357130	SPTA1	422	HEIDSYDDRFQ		psite
ENSP00000357130	SPTA1	548	IGDDHYDSENI		psite
ENSP00000357130	SPTA1	588	LLQKLYEDSDD		psite
ENSP00000357130	SPTA1	986	RVMALYDFQAR		psite
ENSP00000357130	SPTA1	1064	QIENQYRSLLD		psite
ENSP00000357130	SPTA1	1499	TKLGDYANLKQ		psite
ENSP00000357130	SPTA1	1538	NIQRKYLKHQT		psite
ENSP00000357130	SPTA1	2333	PGRKGYVSLED		psite
ENSP00000361824	SPTAN1	601	ATDEAYKDPSN		psite
ENSP00000361824	SPTAN1	644	IDVNHYAKDEV		psite
ENSP00000361824	SPTAN1	766	ALVARYEALKE		psite
ENSP00000361824	SPTAN1	942	SDLSAYGSSIQ		psite
ENSP00000361824	SPTAN1	976	LVLALYDYQEK		psite
ENSP00000361824	SPTAN1	1020	FVPAAYVKKLD		psite
ENSP00000361824	SPTAN1	1073	QVEELYHSLLE	SRC	psite
ENSP00000361824	SPTAN1	1176	QQQEVYGMMPR	SRC	psite
ENSP00000361824	SPTAN1	1261	LNTDNYGHDLA		psite
ENSP00000361824	SPTAN1	1411	LAHGHYASPEI		psite
ENSP00000361824	SPTAN1	1579	ASDESYKDPTN		psite
ENSP00000361824	SPTAN1	2428	SEGKPYVTKEE		psite
ENSP00000361824	SPTAN1	2435	TKEELYQNLTR		psite
ENSP00000361824	SPTAN1	2445	REQADYCVSHM		psite
ENSP00000361824	SPTAN1	2467	PTAFDYVEFTR		psite
ENSP00000374372	SPTB	307	KMIEKYSGLAS		psite
ENSP00000374372	SPTB	474	TDTAAYEERVR		psite
ENSP00000374372	SPTB	493	LEKENYHDQKR		psite
ENSP00000374372	SPTB	660	EKEQIYSSLDY		psite
ENSP00000374372	SPTB	1590	EAQQYYLDADE		psite
ENSP00000374372	SPTB	1672	QVDKHYAGLKD		psite
ENSP00000374372	SPTB	1797	LLAASYDLHRY		psite
ENSP00000349259	SPTBN1	79	RITDLYTDLRD		psite
ENSP00000349259	SPTBN1	274	YVVTYYHYFSK		psite
ENSP00000349259	SPTBN1	493	LEAENYHDIKR		psite
ENSP00000349259	SPTBN1	721	RERIIYIREQW		psite
ENSP00000349259	SPTBN1	777	VGHDEYSTQSL		psite
ENSP00000349259	SPTBN1	796	EEIANYRPTLD		psite
ENSP00000349259	SPTBN1	831	GIEERYKEVAE		psite
ENSP00000349259	SPTBN1	1114	NEIDNYEEDYQ		psite
ENSP00000349259	SPTBN1	1118	NYEEDYQKMRD		psite
ENSP00000349259	SPTBN1	1171	SQSHAYQQFLR		psite
ENSP00000349259	SPTBN1	1303	AQDMSYDEARN		psite
ENSP00000349259	SPTBN1	1644	QAVEDYAETVH		psite
ENSP00000349259	SPTBN1	1680	KVDKLYAGLKD		psite
ENSP00000349259	SPTBN1	1730	ELGQDYEHVTM		psite
ENSP00000349259	SPTBN1	1805	ILAASYELHKF		psite
ENSP00000349259	SPTBN1	1811	ELHKFYHDAKE		psite
ENSP00000349259	SPTBN1	2039	LGQEPYLSSRE		psite
ENSP00000349259	SPTBN1	2249	ASGIPYHSEVP		psite
ENSP00000311489	SPTBN2	277	YVATYYHYFSK		psite
ENSP00000311489	SPTBN2	834	TLERHYEELQA		psite
ENSP00000311489	SPTBN2	1676	QVDKLYAGLKE		psite
ENSP00000311489	SPTBN2	1726	ELGQDYEHVTM		psite
ENSP00000311489	SPTBN2	1801	VLAAAYELQRF		psite
ENSP00000311489	SPTBN2	1979	LARSHYAAEEI		psite
ENSP00000317790	SPTBN5	3180	GAPRRYPHIQA		psite
ENSP00000350941	SRC	187	TTKGAYCLSVS		psite
ENSP00000350941	SRC	216	DSGGFYITSRT		psite
ENSP00000350941	SRC	338	SEEPIYIVTEY	SRC	psite
ENSP00000350941	SRC	385	VERMNYVHRDL		psite
ENSP00000350941	SRC	419	IEDNEYTARQG	PDGFRB	psite
ENSP00000350941	SRC	419	IEDNEYTARQG	PRKACA	psite
ENSP00000350941	SRC	419	IEDNEYTARQG	SRC	psite
ENSP00000350941	SRC	419	IEDNEYTARQG	PDGFRA	psite
ENSP00000350941	SRC	439	PEAALYGRFTI		psite
ENSP00000350941	SRC	522	AFLEDYFTSTE		psite
ENSP00000350941	SRC	530	STEPQYQPGEN	SRC	psite
ENSP00000350941	SRC	530	STEPQYQPGEN	CSK	psite
ENSP00000354394	STAT1	68	QLDDQYSRFSL		psite
ENSP00000354394	STAT1	106	MSMIIYSCLKE		psite
ENSP00000354394	STAT1	170	DLQDEYDFKCK		psite
ENSP00000354394	STAT1	203	LLKKMYLMLDN		psite
ENSP00000354394	STAT1	668	PLKYLYPNIDK		psite
ENSP00000354394	STAT1	701	PKGTGYIKTEL	SRC	psite
ENSP00000354394	STAT1	701	PKGTGYIKTEL	JAK1	psite
ENSP00000354394	STAT1	701	PKGTGYIKTEL	JAK2	psite
ENSP00000354394	STAT1	701	PKGTGYIKTEL	FGFR3	psite
ENSP00000354394	STAT1	701	PKGTGYIKTEL	JAK3	psite
ENSP00000264657	STAT3	45	SQDWAYAASKE		psite
ENSP00000264657	STAT3	79	ESNVLYQHNLR		psite
ENSP00000264657	STAT3	446	FETEVYHQGLK		psite
ENSP00000264657	STAT3	539	GPGVNYSGCQI		psite
ENSP00000264657	STAT3	674	PLVYLYPDIPK		psite
ENSP00000264657	STAT3	686	EAFGKYCRPES		psite
ENSP00000264657	STAT3	705	GSAAPYLKTKF	JAK2	psite
ENSP00000264657	STAT3	705	GSAAPYLKTKF	FER	psite
ENSP00000264657	STAT3	705	GSAAPYLKTKF	PKM	psite
ENSP00000264657	STAT3	705	GSAAPYLKTKF	ALK	psite
ENSP00000364898	SYK	28	EEAEDYLVQGG		psite
ENSP00000364898	SYK	47	RQSRNYLGGFA		psite
ENSP00000364898	SYK	74	ELNGTYAIAGG		psite
ENSP00000364898	SYK	91	ADLCHYHSQES		psite
ENSP00000364898	SYK	203	DNNGSYALCLL		psite
ENSP00000364898	SYK	244	QLVEHYSYKAD		psite
ENSP00000364898	SYK	296	SRIKSYSFPKP		psite
ENSP00000364898	SYK	323	VSFNPYEPELA		psite
ENSP00000364898	SYK	348	MDTEVYESPYA	SYK	psite
ENSP00000364898	SYK	352	VYESPYADPEE	SYK	psite
ENSP00000364898	SYK	431	QLDNPYIVRMI		psite
ENSP00000364898	SYK	507	LVTQHYAKISD		psite
ENSP00000364898	SYK	525	RADENYYKAQT	SYK	psite
ENSP00000364898	SYK	526	ADENYYKAQTH	SYK	psite
ENSP00000364898	SYK	546	PECINYYKFSS		psite
ENSP00000364898	SYK	568	WEAFSYGQKPY		psite
ENSP00000364898	SYK	629	LRLRNYYYDVV		psite
ENSP00000364898	SYK	630	RLRNYYYDVVN		psite
ENSP00000303476	TLN2	28	PSTAVYDACRV		psite
ENSP00000303476	TLN2	49	GQASDYGLFLS		psite
ENSP00000303476	TLN2	72	GRTLDYYMLRN		psite
ENSP00000303476	TLN2	201	RRKFFYSDQNV		psite
ENSP00000303476	TLN2	1118	QGNEHYTGVAA		psite
ENSP00000303476	TLN2	1665	QRECDYSIDGI		psite
ENSP00000303476	TLN2	1854	GTFVDYQTTVV		psite
ENSP00000303476	TLN2	2530	IRQQQYKFLPT		psite
ENSP00000316029	TLN1	26	PSTMVYDACRI		psite
ENSP00000316029	TLN1	70	GKALDYYMLRN		psite
ENSP00000316029	TLN1	71	KALDYYMLRNG		psite
ENSP00000316029	TLN1	127	TNHDEYSLVRE		psite
ENSP00000316029	TLN1	199	RRKFFYSDQNV		psite
ENSP00000316029	TLN1	436	VLQQQYNRVGK		psite
ENSP00000316029	TLN1	570	PAETDYTAVGC		psite
ENSP00000316029	TLN1	1116	QGNENYAGIAA		psite
ENSP00000316029	TLN1	1445	AAQAAYLVGVS		psite
ENSP00000316029	TLN1	1737	SQMAQYFEPLT		psite
ENSP00000316029	TLN1	1777	ALQLLYTAKEA		psite
ENSP00000316029	TLN1	1893	QLTSDYGRLAS		psite
ENSP00000316029	TLN1	1945	SPSDAYTKKEL		psite
ENSP00000316029	TLN1	2224	CKEAAYHPEVA		psite
ENSP00000316029	TLN1	2239	LRALHYGRECA		psite
ENSP00000316029	TLN1	2530	IRQQQYKFLPS		psite
ENSP00000171887	TNS1	168	RRYVHYFSGLL		psite
ENSP00000171887	TNS1	210	PFLRIYQAMQP		psite
ENSP00000171887	TNS1	327	SVSVDYNTSDP		psite
ENSP00000171887	TNS1	339	IRWDSYDNFSG		psite
ENSP00000171887	TNS1	366	LDGSLYAKVKK		psite
ENSP00000171887	TNS1	458	KQGAMYHTQHL		psite
ENSP00000171887	TNS1	561	GGGYPYESASR		psite
ENSP00000171887	TNS1	582	PMRPSYSAQEG		psite
ENSP00000171887	TNS1	591	EGLAGYQREGP		psite
ENSP00000171887	TNS1	609	VTTSHYAHDPS		psite
ENSP00000171887	TNS1	766	QSRSGYIPSGH		psite
ENSP00000171887	TNS1	793	PPGRSYSPYDY		psite
ENSP00000171887	TNS1	796	RSYSPYDYQPC		psite
ENSP00000171887	TNS1	798	YSPYDYQPCLA		psite
ENSP00000171887	TNS1	903	ASDGQYENQSP		psite
ENSP00000171887	TNS1	1025	EEPRSYVESVA		psite
ENSP00000171887	TNS1	1055	PATQAYGHEIP		psite
ENSP00000171887	TNS1	1131	SAQRNYQSSSP		psite
ENSP00000171887	TNS1	1144	TVGSSYSSPDY		psite
ENSP00000171887	TNS1	1149	YSSPDYSLQHF		psite
ENSP00000171887	TNS1	1254	HPAGVYQVSGL		psite
ENSP00000171887	TNS1	1323	DRHVAYGGYST		psite
ENSP00000171887	TNS1	1326	VAYGGYSTPED		psite
ENSP00000171887	TNS1	1345	SSASGYQAPST		psite
ENSP00000171887	TNS1	1404	GSLPNYATING		psite
ENSP00000171887	TNS1	1440	PDFSKYSMPDN		psite
ENSP00000171887	TNS1	1462	QDTSKYWYKPE		psite
ENSP00000312143	TNS3	204	PFLKLYQAMQP		psite
ENSP00000312143	TNS3	333	IRWDSYENLSA		psite
ENSP00000312143	TNS3	354	VDGSLYAKVRK		psite
ENSP00000312143	TNS3	451	DARSKYSGTRH		psite
ENSP00000312143	TNS3	549	GMDGPYERERT		psite
ENSP00000312143	TNS3	579	AQMQAYGQSSY		psite
ENSP00000312143	TNS3	584	YGQSSYSTQTW		psite
ENSP00000312143	TNS3	601	VVAHQYSFAPD		psite
ENSP00000312143	TNS3	780	LSLGQYDNDAG		psite
ENSP00000312143	TNS3	802	KAGVDYAPNLP		psite
ENSP00000312143	TNS3	823	TMTPGYPQDLD		psite
ENSP00000312143	TNS3	855	SPETPYVKTAL		psite
ENSP00000312143	TNS3	1173	TSKFWYKADIS	SRC	psite
ENSP00000312143	TNS3	1206	SFRGAYGLAMK	SRC	psite
ENSP00000312143	TNS3	1256	CSNEPYFGSLT	SRC	psite
ENSP00000162749	TNFRSF1A	318	EVAPPYQGADP		psite
ENSP00000162749	TNFRSF1A	360	DPATLYAVVEN		psite
ENSP00000162749	TNFRSF1A	401	LREAQYSMLAT		psite
ENSP00000339299	TRIO	2286	TSPIEYQRNHS		psite
ENSP00000339299	TRIO	2796	NFDSFYSEVAE	PTK2	psite
ENSP00000200457	TRIP6	55	PSEQCYQAPGG	SRC	psite
ENSP00000200457	TRIP6	123	PDRQAYEPPPP		psite
ENSP00000200457	TRIP6	131	PPPPAYRTGSL		psite
ENSP00000200457	TRIP6	149	LPASPYGGPTP		psite
ENSP00000200457	TRIP6	157	PTPASYTTAST		psite
ENSP00000200457	TRIP6	275	PPSGEYFGQCG		psite
ENSP00000200457	TRIP6	332	YCEGCYVATLE		psite
ENSP00000298552	TSC1	297	VTTSPYADTQN		psite
ENSP00000298552	TSC1	304	DTQNSYGCATS		psite
ENSP00000298552	TSC1	312	ATSTPYSTSRL		psite
ENSP00000298552	TSC1	406	CHSDDYVHISL		psite
ENSP00000298552	TSC1	508	FDSPFYRDSLP		psite
ENSP00000219476	TSC2	1461	LRPRGYTISDS		psite
ENSP00000219476	TSC2	1571	HGSYRYTEFLT		psite
ENSP00000219476	TSC2	1736	NPTDIYPSKWI		psite
ENSP00000219476	TSC2	1760	CEEAAYSNPSL		psite
ENSP00000219476	TSC2	1788	EPTPGYEVGQR		psite
ENSP00000344818	UBC	59	RTLSDYNIQKE		psite
ENSP00000406022	UNC5C	454	YRGPVYALHDV		psite
ENSP00000360916	VAV2	142	NDDDVYRSLEE	EGFR	psite
ENSP00000360916	VAV2	159	LGEDIYDCVPC	EGFR	psite
ENSP00000360916	VAV2	172	GGDDIYEDIIK	EGFR	psite
ENSP00000282397	FLT1	794	EIKTDYLSIIM		psite
ENSP00000282397	FLT1	920	GNLSNYLKSKR		psite
ENSP00000282397	FLT1	1048	LARDIYKNPDY		psite
ENSP00000282397	FLT1	1053	YKNPDYVRKGD		psite
ENSP00000282397	FLT1	1169	QDGKDYIPINA	FLT1	psite
ENSP00000282397	FLT1	1213	SDDVRYVNAFK	FLT1	psite
ENSP00000282397	FLT1	1242	SMFDDYQGDSS	FLT1	psite
ENSP00000282397	FLT1	1327	SPPPDYNSVVL	FLT1	psite
ENSP00000282397	FLT1	1333	NSVVLYSTPPI	FLT1	psite
ENSP00000263923	KDR	801	ELKTGYLSIVM		psite
ENSP00000263923	KDR	951	RQGKDYVGAIP	KDR	psite
ENSP00000263923	KDR	996	APEDLYKDFLT	KDR	psite
ENSP00000263923	KDR	1054	LARDIYKDPDY	KDR	psite
ENSP00000263923	KDR	1059	YKDPDYVRKGD	KDR	psite
ENSP00000263923	KDR	1175	QDGKDYIVLPI	SRC	psite
ENSP00000263923	KDR	1175	QDGKDYIVLPI	KDR	psite
ENSP00000263923	KDR	1214	DPKFHYDNTAG	KDR	psite
ENSP00000263923	KDR	1223	AGISQYLQNSK		psite
ENSP00000261937	FLT4	830	EEQCEYLSYDA	SRC	psite
ENSP00000261937	FLT4	833	CEYLSYDASQW	SRC	psite
ENSP00000261937	FLT4	853	GRVLGYGAFGK	SRC	psite
ENSP00000261937	FLT4	1063	LARDIYKDPDY	SRC	psite
ENSP00000261937	FLT4	1068	YKDPDYVRKGS		psite
ENSP00000261937	FLT4	1230	SLAARYYNWVS		psite
ENSP00000261937	FLT4	1231	LAARYYNWVSF		psite
ENSP00000261937	FLT4	1333	GGQVFYNSEYG	SRC	psite
ENSP00000261937	FLT4	1337	FYNSEYGELSE	SRC	psite
ENSP00000211998	VCL	100	LQSDPYSVPAR		psite
ENSP00000211998	VCL	107	VPARDYLIDGS		psite
ENSP00000211998	VCL	692	GNQAAYEHFET		psite
ENSP00000211998	VCL	822	FLDSGYRILGA		psite
ENSP00000240123	SORBS3	358	RRDFVYPSSTR		psite
ENSP00000240123	SORBS3	408	KGDIVYIHKEV		psite
ENSP00000240123	SORBS3	509	IFPASYVQVSR		psite
ENSP00000324740	YES1	16	SPAIKYRPENT		psite
ENSP00000324740	YES1	32	TSVSHYGAEPT		psite
ENSP00000324740	YES1	100	IFVALYDYEAR		psite
ENSP00000324740	YES1	141	TGKNGYIPSNY		psite
ENSP00000324740	YES1	146	YIPSNYVAPAD		psite
ENSP00000324740	YES1	159	QAEEWYFGKMG		psite
ENSP00000324740	YES1	194	TTKGAYSLSIR		psite
ENSP00000324740	YES1	222	LDNGGYYITTR		psite
ENSP00000324740	YES1	223	DNGGYYITTRA		psite
ENSP00000324740	YES1	336	KLVPLYAVVSE		psite
ENSP00000324740	YES1	345	SEEPIYIVTEF		psite
ENSP00000324740	YES1	426	IEDNEYTARQG		psite
ENSP00000324740	YES1	446	PEAALYGRFTI		psite
ENSP00000324740	YES1	537	ATEPQYQPGEN	CSK	psite
ENSP00000281537	TJP1	132	NEEDSYDEEIH		psite
ENSP00000281537	TJP1	389	EPKPVYAQVGQ		psite
ENSP00000281537	TJP1	520	VGDSFYIRTHF		psite
ENSP00000281537	TJP1	550	VVDTLYNGKLG		psite
ENSP00000281537	TJP1	588	LASVQYTLPKT		psite
ENSP00000281537	TJP1	669	EEPDIYQIAKS		psite
ENSP00000281537	TJP1	718	VDRLNYAQWYP		psite
ENSP00000281537	TJP1	822	DDRLSYLSAPG		psite
ENSP00000281537	TJP1	830	APGSEYSMYST		psite
ENSP00000281537	TJP1	833	SEYSMYSTDSR		psite
ENSP00000281537	TJP1	843	RHTSDYEDTDT		psite
ENSP00000281537	TJP1	895	HENQTYPPYSP		psite
ENSP00000281537	TJP1	931	SSPVPYLSPET		psite
ENSP00000281537	TJP1	967	APSTSYSPQAD		psite
ENSP00000281537	TJP1	1039	EPNLTYEPQLP		psite
ENSP00000281537	TJP1	1059	LEQPTYRYESS		psite
ENSP00000281537	TJP1	1061	QPTYRYESSSY		psite
ENSP00000281537	TJP1	1066	YESSSYTDQFS		psite
ENSP00000281537	TJP1	1074	QFSRNYEHRLR		psite
ENSP00000281537	TJP1	1087	DRVPMYEEQWS		psite
ENSP00000281537	TJP1	1140	PAPLSYDSRPR		psite
ENSP00000281537	TJP1	1146	DSRPRYEQAPR		psite
ENSP00000281537	TJP1	1165	QPAPGYDTHGR		psite
ENSP00000281537	TJP1	1191	AESKQYFEQYS		psite
ENSP00000281537	TJP1	1195	QYFEQYSRSYE		psite
ENSP00000281537	TJP1	1199	QYSRSYEQVPP		psite
ENSP00000281537	TJP1	1324	HDKTLYRIPEP		psite
ENSP00000281537	TJP1	1346	VRSNHYDPEED		psite
ENSP00000281537	TJP1	1354	EEDEEYYRKQL		psite
ENSP00000281537	TJP1	1355	EDEEYYRKQLS		psite
ENSP00000281537	TJP1	1361	RKQLSYFDRRS		psite
ENSP00000281537	TJP1	1398	SNFSSYSSKGK		psite
ENSP00000281537	TJP1	1419	FGEKRYEPIQA		psite
ENSP00000281537	TJP1	1435	PLPSQYAQPSQ		psite
ENSP00000281537	TJP1	1524	TVTPAYNRFTP		psite
ENSP00000281537	TJP1	1532	FTPKPYTSSAR		psite
ENSP00000281537	TJP1	1602	AEKPKYQINNI		psite
ENSP00000324422	ZYX	20	SAPAFYAPQKK		psite
ENSP00000324422	ZYX	172	RVSSGYVPPPV		psite
ENSP00000324422	ZYX	316	PPSFTYAQQRE		psite
ENSP00000330341	SOCS3	204	GHLDSYEKVTQ	LCK	pelm
ENSP00000371067	JAK2	1007	PQDKEYYKVKE	JAK2	pelm
ENSP00000371067	JAK2	813	LFTPDYELLTE		pelm
ENSP00000371067	JAK2	1008	QDKEYYKVKEP	JAK2	pelm
ENSP00000371067	JAK2	570	REVGDYGQLHE		pelm
ENSP00000275493	EGFR	869	AEEKEYHAEGG		pelm
ENSP00000275493	EGFR	869	AEEKEYHAEGG	SRC	pelm
ENSP00000275493	EGFR	944	CTIDVYMIMVK	SRC	pelm
ENSP00000275493	EGFR	915	FGSKPYDGIPA	SRC	pelm
ENSP00000275493	EGFR	1092	LPVPEYINQSV		pelm
ENSP00000275493	EGFR	1092	LPVPEYINQSV	EGFR	pelm
ENSP00000275493	EGFR	978	RDPQRYLVIQG		pelm
ENSP00000275493	EGFR	1110	VQNPVYHNQPL		pelm
ENSP00000275493	EGFR	1110	VQNPVYHNQPL	EGFR	pelm
ENSP00000275493	EGFR	998	TDSNFYRALMD		pelm
ENSP00000275493	EGFR	1016	VDADEYLIPQQ		pelm
ENSP00000275493	EGFR	1016	VDADEYLIPQQ	SRC	pelm
ENSP00000275493	EGFR	1125	SRDPHYQDPHS	SRC	pelm
ENSP00000275493	EGFR	1197	AENAEYLRVAP		pelm
ENSP00000275493	EGFR	1197	AENAEYLRVAP	EGFR	pelm
ENSP00000275493	EGFR	1172	LDNPDYQQDFF		pelm
ENSP00000275493	EGFR	1172	LDNPDYQQDFF	EGFR	pelm
ENSP00000275493	EGFR	1069	SFLQRYSSDPT		pelm
ENSP00000269571	ERBB2	877	IDETEYHADGG		pelm
ENSP00000269571	ERBB2	1248	AENPEYLGLDV		pelm
ENSP00000269571	ERBB2	1248	AENPEYLGLDV	ERBB2	pelm
ENSP00000269571	ERBB2	1196	VENPEYLTPQG	ERBB2	pelm
ENSP00000269571	ERBB2	1221	AFDNLYYWDQD	ERBB2	pelm
ENSP00000269571	ERBB2	735	AFGTVYKGIWI		pelm
ENSP00000269571	ERBB2	1222	FDNLYYWDQDP	ERBB2	pelm
ENSP00000269571	ERBB2	1139	SPQPEYVNQPD	ERBB2	pelm
ENSP00000269571	ERBB2	1112	SPLQRYSEDPT		pelm
ENSP00000303830	INSR	401	KIRRSYALVSL		pelm
ENSP00000303830	INSR	992	PLGPLYASSNP	INSR	pelm
ENSP00000303830	INSR	1185	MTRDIYETDYY		pelm
ENSP00000303830	INSR	1185	MTRDIYETDYY	INSR	pelm
ENSP00000303830	INSR	1190	YETDYYRKGGK		pelm
ENSP00000303830	INSR	1190	YETDYYRKGGK	INSR	pelm
ENSP00000303830	INSR	1355	GFKRSYEEHIP	INSR	pelm
ENSP00000303830	INSR	1361	EEHIPYTHMNG	INSR	pelm
ENSP00000303830	INSR	1011	FPCSVYVPDEW	INSR	pelm
ENSP00000303830	INSR	1189	IYETDYYRKGG		pelm
ENSP00000303830	INSR	1189	IYETDYYRKGG	INSR	pelm
ENSP00000303830	INSR	999	SSNPEYLSASD		pelm
ENSP00000303830	INSR	999	SSNPEYLSASD	INSR	pelm
ENSP00000337825	LCK	394	IEDNEYTAREG		pelm
ENSP00000337825	LCK	394	IEDNEYTAREG	LCK	pelm
ENSP00000337825	LCK	192	DNGGFYISPRI		pelm
ENSP00000357656	FYN	39	PTPQHYPSFGV	FYN	pelm
ENSP00000357656	FYN	420	IEDNEYTARQG		pelm
ENSP00000357656	FYN	420	IEDNEYTARQG	FYN	pelm
ENSP00000357656	FYN	213	LDNGGYYITTR		pelm
ENSP00000357656	FYN	531	ATEPQYQPGEN	CSK	pelm
ENSP00000357656	FYN	214	DNGGYYITTRA		pelm
ENSP00000357656	FYN	28	NQSSGYRYGTD	FYN	pelm
ENSP00000357656	FYN	28	NQSSGYRYGTD	PDGFRB	pelm
ENSP00000357656	FYN	440	PEAALYGRFTI		pelm
ENSP00000357656	FYN	30	SSGYRYGTDPT	FYN	pelm
ENSP00000268035	IGF1R	1280	REVSFYYSEEN		pelm
ENSP00000268035	IGF1R	1280	REVSFYYSEEN	IGF1R	pelm
ENSP00000268035	IGF1R	1165	IYETDYYRKGG		pelm
ENSP00000268035	IGF1R	1165	IYETDYYRKGG	IGF1R	pelm
ENSP00000268035	IGF1R	1165	IYETDYYRKGG	SRC	pelm
ENSP00000268035	IGF1R	1281	EVSFYYSEENK		pelm
ENSP00000268035	IGF1R	1281	EVSFYYSEENK	IGF1R	pelm
ENSP00000268035	IGF1R	1166	YETDYYRKGGK		pelm
ENSP00000268035	IGF1R	1166	YETDYYRKGGK	IGF1R	pelm
ENSP00000268035	IGF1R	1166	YETDYYRKGGK	SRC	pelm
ENSP00000268035	IGF1R	1346	DERQPYAHMNG	IGF1R	pelm
ENSP00000268035	IGF1R	1161	MTRDIYETDYY		pelm
ENSP00000268035	IGF1R	1161	MTRDIYETDYY	IGF1R	pelm
ENSP00000268035	IGF1R	1161	MTRDIYETDYY	SRC	pelm
ENSP00000268035	IGF1R	973	GNGVLYASVNP	IGF1R	pelm
ENSP00000268035	IGF1R	980	SVNPEYFSAAD		pelm
ENSP00000268035	IGF1R	980	SVNPEYFSAAD	IGF1R	pelm
ENSP00000317272	MET	1252	MYDKEYYSVHN		pelm
ENSP00000317272	MET	1252	MYDKEYYSVHN	MET	pelm
ENSP00000317272	MET	1248	LARDMYDKEYY		pelm
ENSP00000317272	MET	1248	LARDMYDKEYY	MET	pelm
ENSP00000317272	MET	1367	FIGEHYVHVNA		pelm
ENSP00000317272	MET	1367	FIGEHYVHVNA	MET	pelm
ENSP00000317272	MET	848	GILSKYFDLIY		pelm
ENSP00000317272	MET	1331	CPDPLYEVMLK		pelm
ENSP00000317272	MET	1253	YDKEYYSVHNK		pelm
ENSP00000317272	MET	1253	YDKEYYSVHNK	MET	pelm
ENSP00000317272	MET	1021	NESVDYRATFP		pelm
ENSP00000317272	MET	1374	HVNATYVNVKC		pelm
ENSP00000317272	MET	1374	HVNATYVNVKC	MET	pelm
ENSP00000317272	MET	1383	KCVAPYPSLLS		pelm
ENSP00000365012	HCK	209	DNGGFYISPRS		pelm
ENSP00000365012	HCK	209	DNGGFYISPRS	HCK	pelm
ENSP00000365012	HCK	411	IEDNEYTAREG	HCK	pelm
ENSP00000261799	PDGFRB	857	MRDSNYISKGS		pelm
ENSP00000261799	PDGFRB	857	MRDSNYISKGS	PDGFRB	pelm
ENSP00000261799	PDGFRB	581	GHEYIYVDPMQ	PDGFRB	pelm
ENSP00000261799	PDGFRB	751	DESVDYVPMLD		pelm
ENSP00000261799	PDGFRB	751	DESVDYVPMLD	PDGFRB	pelm
ENSP00000261799	PDGFRB	716	PSAELYSNALP	PDGFRB	pelm
ENSP00000261799	PDGFRB	1009	TSSVLYTAVQP	PDGFRB	pelm
ENSP00000261799	PDGFRB	778	APYDNYVPSAP		pelm
ENSP00000261799	PDGFRB	778	APYDNYVPSAP	PDGFRB	pelm
ENSP00000261799	PDGFRB	562	QKKPRYEIRWK	PDGFRB	pelm
ENSP00000261799	PDGFRB	775	NYMAPYDNYVP	PDGFRB	pelm
ENSP00000261799	PDGFRB	579	SDGHEYIYVDP	PDGFRB	pelm
ENSP00000261799	PDGFRB	740	ESDGGYMDMSK	PDGFRB	pelm
ENSP00000261799	PDGFRB	1021	EGDNDYIIPLP	PDGFRB	pelm
ENSP00000261799	PDGFRB	771	IESSNYMAPYD	PDGFRB	pelm
ENSP00000261799	PDGFRB	763	KGDVKYADIES		pelm
ENSP00000261799	PDGFRB	763	KGDVKYADIES	PDGFRB	pelm
ENSP00000363115	FGR	412	IKDDEYNPCQG		pelm
ENSP00000363115	FGR	412	IKDDEYNPCQG	FGR	pelm
ENSP00000363115	FGR	34	GAADHYGPDPT		pelm
ENSP00000363115	FGR	208	LDMGGYYITTR		pelm
ENSP00000363115	FGR	523	SAEPQYQPGDQ	CSK	pelm
ENSP00000363115	FGR	28	GDFRSYGAADH		pelm
ENSP00000377941	ACTN1	12	QQTNDYMQPEE	PTK2	pelm
ENSP00000377941	ACTN1	193	PELIDYGKLRK		pelm
ENSP00000350941	SRC	216	DSGGFYITSRT	SRC	pelm
ENSP00000350941	SRC	439	PEAALYGRFTI		pelm
ENSP00000350941	SRC	338	SEEPIYIVTEY	SRC	pelm
ENSP00000350941	SRC	419	IEDNEYTARQG		pelm
ENSP00000350941	SRC	419	IEDNEYTARQG	SRC	pelm
ENSP00000350941	SRC	530	STEPQYQPGEN		pelm
ENSP00000350941	SRC	530	STEPQYQPGEN	CSK	pelm
ENSP00000338934	EZR	146	VHKSGYLSSER	EGFR	pelm
ENSP00000338934	EZR	146	VHKSGYLSSER	LCK	pelm
ENSP00000338934	EZR	478	PPPPVYEPVSY	SRC	pelm
ENSP00000338934	EZR	354	LRLQDYEEKTK	EGFR	pelm
ENSP00000288986	NCK1	105	PGERLYDLNMP		pelm
ENSP00000288986	NCK1	268	PPQCDYIRPSL		pelm
ENSP00000282397	FLT1	1048	LARDIYKNPDY		pelm
ENSP00000282397	FLT1	794	EIKTDYLSIIM		pelm
ENSP00000282397	FLT1	1053	YKNPDYVRKGD		pelm
ENSP00000282397	FLT1	1327	SPPPDYNSVVL	FLT1	pelm
ENSP00000282397	FLT1	1169	QDGKDYIPINA		pelm
ENSP00000282397	FLT1	1333	NSVVLYSTPPI		pelm
ENSP00000282397	FLT1	1333	NSVVLYSTPPI	FLT1	pelm
ENSP00000282397	FLT1	1213	SDDVRYVNAFK		pelm
ENSP00000282397	FLT1	1213	SDDVRYVNAFK	FLT1	pelm
ENSP00000282397	FLT1	1242	SMFDDYQGDSS	FLT1	pelm
ENSP00000211998	VCL	692	GNQAAYEHFET		pelm
ENSP00000211998	VCL	822	FLDSGYRILGA		pelm
ENSP00000369756	PTPRA	588	EENTDYVNASF		pelm
ENSP00000244007	PLCG1	977	TERACYRDMSS		pelm
ENSP00000244007	PLCG1	771	TAEPDYGALYE		pelm
ENSP00000244007	PLCG1	771	TAEPDYGALYE	EGFR	pelm
ENSP00000244007	PLCG1	771	TAEPDYGALYE	SYK	pelm
ENSP00000244007	PLCG1	775	DYGALYEGRNP		pelm
ENSP00000244007	PLCG1	783	RNPGFYVEANP		pelm
ENSP00000244007	PLCG1	783	RNPGFYVEANP	EGFR	pelm
ENSP00000244007	PLCG1	783	RNPGFYVEANP	SYK	pelm
ENSP00000244007	PLCG1	472	AEGSAYEEVPT		pelm
ENSP00000244007	PLCG1	1254	SFESRYQQPFE		pelm
ENSP00000244007	PLCG1	1254	SFESRYQQPFE	EGFR	pelm
ENSP00000274376	RASA1	460	DGKEIYNTIRR		pelm
ENSP00000274376	RASA1	460	DGKEIYNTIRR	EGFR	pelm
ENSP00000274376	RASA1	615	HFTNPYCNIYL		pelm
ENSP00000267101	ERBB3	1328	FDNPDYWHSRL		pelm
ENSP00000267101	ERBB3	1289	ASEQGYEEMRA		pelm
ENSP00000267101	ERBB3	1276	GPGGDYAAMGA		pelm
ENSP00000267101	ERBB3	1262	DEDYEYMNRQR		pelm
ENSP00000267101	ERBB3	1199	DEEYEYMNRRR		pelm
ENSP00000264033	CBL	674	SANAIYSLAAR		pelm
ENSP00000264033	CBL	337	FREGFYLFPDG		pelm
ENSP00000264033	CBL	774	NEDDGYDVPKP		pelm
ENSP00000264033	CBL	774	NEDDGYDVPKP	FYN	pelm
ENSP00000264033	CBL	774	NEDDGYDVPKP	YES1	pelm
ENSP00000264033	CBL	774	NEDDGYDVPKP	SYK	pelm
ENSP00000264033	CBL	552	PPDRPYSVGAE		pelm
ENSP00000264033	CBL	368	VTQEQYELYCE		pelm
ENSP00000264033	CBL	371	EQYELYCEMGS		pelm
ENSP00000264033	CBL	371	EQYELYCEMGS	INSR	pelm
ENSP00000264033	CBL	731	IDSCTYEAMYN		pelm
ENSP00000264033	CBL	731	IDSCTYEAMYN	FYN	pelm
ENSP00000264033	CBL	731	IDSCTYEAMYN	YES1	pelm
ENSP00000264033	CBL	731	IDSCTYEAMYN	SYK	pelm
ENSP00000264033	CBL	700	EEDTEYMTPSS		pelm
ENSP00000264033	CBL	700	EEDTEYMTPSS	FYN	pelm
ENSP00000264033	CBL	700	EEDTEYMTPSS	SYK	pelm
ENSP00000264033	CBL	700	EEDTEYMTPSS	INSR	pelm
ENSP00000264033	CBL	700	EEDTEYMTPSS	YES1	pelm
ENSP00000263025	MAPK3	204	GFLTEYVATRW		pelm
ENSP00000263025	MAPK3	204	GFLTEYVATRW	MAP2K1	pelm
ENSP00000263025	MAPK3	204	GFLTEYVATRW	MAP2K2	pelm
ENSP00000274335	PIK3R1	368	KMHGDYTLTLR	INSR	pelm
ENSP00000274335	PIK3R1	580	KTRDQYLMWLT		pelm
ENSP00000274335	PIK3R1	580	KTRDQYLMWLT	INSR	pelm
ENSP00000274335	PIK3R1	556	KQAAEYREIDK		pelm
ENSP00000274335	PIK3R1	467	EYDRLYEEYTR		pelm
ENSP00000274335	PIK3R1	688	EPYNLYSSLKE		pelm
ENSP00000274335	PIK3R1	452	KKLHEYNTQFQ		pelm
ENSP00000274335	PIK3R1	607	NTEDQYSLVED		pelm
ENSP00000274335	PIK3R1	607	NTEDQYSLVED	INSR	pelm
ENSP00000274335	PIK3R1	607	NTEDQYSLVED	SRC	pelm
ENSP00000215832	MAPK1	205	LNSKGYTKSID		pelm
ENSP00000215832	MAPK1	187	GFLTEYVATRW		pelm
ENSP00000215832	MAPK1	187	GFLTEYVATRW	MAP2K1	pelm
ENSP00000401303	SHC1	428	FDDPSYVNVQN		pelm
ENSP00000401303	SHC1	428	FDDPSYVNVQN	FLT4	pelm
ENSP00000401303	SHC1	428	FDDPSYVNVQN	ZAP70	pelm
ENSP00000401303	SHC1	428	FDDPSYVNVQN	SYK	pelm
ENSP00000401303	SHC1	349	PPDHQYYNDFP		pelm
ENSP00000401303	SHC1	349	PPDHQYYNDFP	FLT4	pelm
ENSP00000401303	SHC1	349	PPDHQYYNDFP	ZAP70	pelm
ENSP00000401303	SHC1	349	PPDHQYYNDFP	SYK	pelm
ENSP00000401303	SHC1	350	PDHQYYNDFPG		pelm
ENSP00000401303	SHC1	350	PDHQYYNDFPG	FLT4	pelm
ENSP00000401303	SHC1	350	PDHQYYNDFPG	ZAP70	pelm
ENSP00000401303	SHC1	350	PDHQYYNDFPG	SYK	pelm
ENSP00000339007	GRB2	209	MFPRNYVTPVN	EGFR	pelm
ENSP00000304895	IRS1	896	KSPGEYVNIEF		pelm
ENSP00000304895	IRS1	46	PARLEYYENEK		pelm
ENSP00000304895	IRS1	662	VDPNGYMMMSP		pelm
ENSP00000304895	IRS1	612	HTDDGYMPMSP		pelm
ENSP00000304895	IRS1	632	KGSGDYMPMSP		pelm
ENSP00000263923	KDR	801	ELKTGYLSIVM		pelm
ENSP00000263923	KDR	1059	YKDPDYVRKGD		pelm
ENSP00000263923	KDR	1214	DPKFHYDNTAG	KDR	pelm
ENSP00000263923	KDR	996	APEDLYKDFLT	KDR	pelm
ENSP00000263923	KDR	1175	QDGKDYIVLPI		pelm
ENSP00000263923	KDR	1175	QDGKDYIVLPI	KDR	pelm
ENSP00000263923	KDR	951	RQGKDYVGAIP		pelm
ENSP00000263923	KDR	951	RQGKDYVGAIP	KDR	pelm
ENSP00000263923	KDR	1054	LARDIYKDPDY		pelm
ENSP00000263923	KDR	1054	LARDIYKDPDY	KDR	pelm
ENSP00000264657	STAT3	705	GSAAPYLKTKF		pelm
ENSP00000264657	STAT3	705	GSAAPYLKTKF	JAK2	pelm
ENSP00000264657	STAT3	705	GSAAPYLKTKF	ALK	pelm
ENSP00000220003	CSK	184	AQDEFYRSGWA		pelm
ENSP00000354394	STAT1	701	PKGTGYIKTEL		pelm
ENSP00000354394	STAT1	701	PKGTGYIKTEL	JAK2	pelm
ENSP00000354394	STAT1	701	PKGTGYIKTEL	SRC	pelm
ENSP00000354394	STAT1	701	PKGTGYIKTEL	JAK1	pelm
ENSP00000289153	PIK3CB	772	ILSELYVEKCK		pelm
ENSP00000364898	SYK	352	VYESPYADPEE		pelm
ENSP00000364898	SYK	352	VYESPYADPEE	SYK	pelm
ENSP00000364898	SYK	526	ADENYYKAQTH		pelm
ENSP00000364898	SYK	526	ADENYYKAQTH	SYK	pelm
ENSP00000364898	SYK	323	VSFNPYEPELA		pelm
ENSP00000364898	SYK	525	RADENYYKAQT	SYK	pelm
ENSP00000364898	SYK	296	SRIKSYSFPKP		pelm
ENSP00000364898	SYK	348	MDTEVYESPYA		pelm
ENSP00000364898	SYK	348	MDTEVYESPYA	SYK	pelm
ENSP00000346300	CRKL	198	RNSNSYGIPEP		pelm
ENSP00000346300	CRKL	207	EPAHAYAQPQT	ABL1	pelm
ENSP00000228307	PXN	40	TGNHTYQEIAV		pelm
ENSP00000228307	PXN	40	TGNHTYQEIAV	SRC	pelm
ENSP00000228307	PXN	118	EEEHVYSFPNK		pelm
ENSP00000228307	PXN	118	EEEHVYSFPNK	PTK2	pelm
ENSP00000228307	PXN	118	EEEHVYSFPNK	PTK6	pelm
ENSP00000228307	PXN	88	SSSPVYGSSAK		pelm
ENSP00000228307	PXN	88	SSSPVYGSSAK	SRC	pelm
ENSP00000228307	PXN	31	SEETPYSYPTG		pelm
ENSP00000228307	PXN	31	SEETPYSYPTG	PTK2	pelm
ENSP00000228307	PXN	31	SEETPYSYPTG	PTK6	pelm
ENSP00000228307	PXN	181	ALSPLYGVPET		pelm
ENSP00000219476	TSC2	1571	HGSYRYTEFLT		pelm
ENSP00000324806	GSK3B	216	EPNVSYICSRY		pelm
ENSP00000324806	GSK3B	216	EPNVSYICSRY	MAP2K1	pelm
ENSP00000360916	VAV2	172	GGDDIYEDIIK	EGFR	pelm
ENSP00000360916	VAV2	172	GGDDIYEDIIK	LCK	pelm
ENSP00000360916	VAV2	142	NDDDVYRSLEE	EGFR	pelm
ENSP00000360916	VAV2	142	NDDDVYRSLEE	LCK	pelm
ENSP00000360916	VAV2	159	LGEDIYDCVPC	EGFR	pelm
ENSP00000360916	VAV2	159	LGEDIYDCVPC	LCK	pelm
ENSP00000162330	BCAR1	128	AQQGLYQVPGP		pelm
ENSP00000162330	BCAR1	128	AQQGLYQVPGP	FGFR1	pelm
ENSP00000162330	BCAR1	224	GQGYVYEAAQP		pelm
ENSP00000162330	BCAR1	387	GPGTLYDVPRE		pelm
ENSP00000162330	BCAR1	165	PATDLYQVPPG		pelm
ENSP00000162330	BCAR1	327	LREETYDVPPA	FGFR1	pelm
ENSP00000162330	BCAR1	234	PEQDEYDIPRH		pelm
ENSP00000162330	BCAR1	653	SPDGQYENSEG		pelm
ENSP00000162330	BCAR1	653	SPDGQYENSEG	SRC	pelm
ENSP00000162330	BCAR1	306	NHHAVYDVPPS	FGFR1	pelm
ENSP00000162330	BCAR1	664	GWMEDYDYVHL		pelm
ENSP00000162330	BCAR1	249	GPQDIYDVPPV		pelm
ENSP00000162330	BCAR1	249	GPQDIYDVPPV	FGFR1	pelm
ENSP00000162330	BCAR1	410	VDSGVYAVPPP	FGFR1	pelm
ENSP00000162330	BCAR1	222	RVGQGYVYEAA		pelm
ENSP00000417281	MDM2	400	QESEDYSQPST	ABL1	pelm
ENSP00000340944	PTPN11	304	EPVSDYINANI		pelm
ENSP00000340944	PTPN11	542	RKGHEYTNIKY		pelm
ENSP00000340944	PTPN11	542	RKGHEYTNIKY	PDGFRB	pelm
ENSP00000340944	PTPN11	62	QNTGDYYDLYG		pelm
ENSP00000340944	PTPN11	580	DSARVYENVGL		pelm
ENSP00000340944	PTPN11	63	NTGDYYDLYGG		pelm
ENSP00000361824	SPTAN1	2428	SEGKPYVTKEE		pelm
ENSP00000361824	SPTAN1	1176	QQQEVYGMMPR	LCK	pelm
ENSP00000361824	SPTAN1	1176	QQQEVYGMMPR	SRC	pelm
ENSP00000332816	PTK2B	579	IEDEDYYKASV		pelm
ENSP00000332816	PTK2B	402	IESDIYAEIPD		pelm
ENSP00000332816	PTK2B	402	IESDIYAEIPD	SYK	pelm
ENSP00000332816	PTK2B	402	IESDIYAEIPD	PTK2B	pelm
ENSP00000332816	PTK2B	580	EDEDYYKASVT		pelm
ENSP00000332816	PTK2B	881	TDDLVYLNVME		pelm
ENSP00000347942	RET	809	VEYAKYGSLRG	RET	pelm
ENSP00000347942	RET	1090	TGFPRYPNDSV	RET	pelm
ENSP00000347942	RET	826	KVGPGYLGSGG		pelm
ENSP00000347942	RET	826	KVGPGYLGSGG	RET	pelm
ENSP00000347942	RET	1029	SDSLIYDDGLS		pelm
ENSP00000347942	RET	1029	SDSLIYDDGLS	RET	pelm
ENSP00000347942	RET	791	HVIKLYGACSQ		pelm
ENSP00000347942	RET	1096	PNDSVYANWML		pelm
ENSP00000347942	RET	1096	PNDSVYANWML	RET	pelm
ENSP00000347942	RET	981	CSEEMYRLMLQ	RET	pelm
ENSP00000347942	RET	1015	VKRRDYLDLAA		pelm
ENSP00000347942	RET	1015	VKRRDYLDLAA	RET	pelm
ENSP00000347942	RET	900	LSRDVYEEDSY	RET	pelm
ENSP00000347942	RET	687	AFPVSYSSSGA	RET	pelm
ENSP00000347942	RET	806	LLIVEYAKYGS	RET	pelm
ENSP00000347942	RET	1062	IENKLYGMSDP		pelm
ENSP00000347942	RET	1062	IENKLYGMSDP	RET	pelm
ENSP00000347942	RET	905	YEEDSYVKRSQ	RET	pelm
ENSP00000339299	TRIO	2796	NFDSFYSEVAE		pelm
ENSP00000360683	PTPN1	66	QEDNDYINASL		pelm
ENSP00000360683	PTPN1	66	QEDNDYINASL	EGFR	pelm
ENSP00000360683	PTPN1	152	EDIKSYYTVRQ	INSR	pelm
ENSP00000360683	PTPN1	20	SWAAIYQDIRH		pelm
ENSP00000360683	PTPN1	153	DIKSYYTVRQL	INSR	pelm
ENSP00000259808	RIPK1	384	QDEANYHLYGS		pelm
ENSP00000259808	RIPK1	387	ANYHLYGSRMD		pelm
ENSP00000314458	CDC42	64	AGQEDYDRLRP	SRC	pelm
ENSP00000366563	PIK3CD	440	GERCLYMWPSV		pelm
ENSP00000366563	PIK3CD	485	PHPVYYPALEK		pelm
ENSP00000366563	PIK3CD	524	GSGELYEHEKD		pelm
ENSP00000361021	PTEN	240	EDKFMYFEFPQ	LCK	pelm
ENSP00000361021	PTEN	315	DNDKEYLVLTL	LCK	pelm
ENSP00000362924	GSN	465	VDPATYGQFYG	SRC	pelm
ENSP00000324740	YES1	32	TSVSHYGAEPT		pelm
ENSP00000324740	YES1	223	DNGGYYITTRA		pelm
ENSP00000324740	YES1	426	IEDNEYTARQG		pelm
ENSP00000324740	YES1	426	IEDNEYTARQG	YES1	pelm
ENSP00000324740	YES1	537	ATEPQYQPGEN		pelm
ENSP00000324740	YES1	222	LDNGGYYITTR		pelm
ENSP00000324740	YES1	446	PEAALYGRFTI		pelm
ENSP00000257290	PDGFRA	762	IQRSLYDRPAS		pelm
ENSP00000257290	PDGFRA	762	IQRSLYDRPAS	PDGFRA	pelm
ENSP00000257290	PDGFRA	572	PDGHEYIYVDP		pelm
ENSP00000257290	PDGFRA	720	ESTRSYVILSF		pelm
ENSP00000257290	PDGFRA	1018	SADSGYIIPLP		pelm
ENSP00000257290	PDGFRA	1018	SADSGYIIPLP	PDGFRA	pelm
ENSP00000257290	PDGFRA	754	KEVSKYSDIQR	PDGFRA	pelm
ENSP00000257290	PDGFRA	988	DSDNAYIGVTY	PDGFRA	pelm
ENSP00000257290	PDGFRA	849	MHDSNYVSKGS		pelm
ENSP00000257290	PDGFRA	574	GHEYIYVDPMQ		pelm
ENSP00000257290	PDGFRA	731	ENNGDYMDMKQ		pelm
ENSP00000257290	PDGFRA	768	DRPASYKKKSM		pelm
ENSP00000257290	PDGFRA	742	ADTTQYVPMLE		pelm
ENSP00000376544	CD79B	208	DQTATYEDIVT	FYN	pelm
ENSP00000376544	CD79B	208	DQTATYEDIVT	LYN	pelm
ENSP00000376544	CD79B	197	EEDHTYEGLDI	FYN	pelm
ENSP00000376544	CD79B	197	EEDHTYEGLDI	LYN	pelm
ENSP00000308774	BMX	216	TSLAQYDSNSK	BTK	pelm
ENSP00000308774	BMX	40	KTNLSYYEYDK		pelm
ENSP00000308774	BMX	224	NSKKIYGSQPN	TEC	pelm
ENSP00000308774	BMX	224	NSKKIYGSQPN	BTK	pelm
ENSP00000308774	BMX	566	VLDDQYVSSVG	SRC	pelm
ENSP00000301843	CTTN	453	MEAADYREASS		pelm
ENSP00000301843	CTTN	334	QVSSAYQKTVP		pelm
ENSP00000301843	CTTN	486	AEDSTYDEYEN	SRC	pelm
ENSP00000301843	CTTN	421	PSSPVYEDAAS		pelm
ENSP00000301843	CTTN	141	AVGFEYQGKTE		pelm
ENSP00000301843	CTTN	470	ATEAVYESAEA	SRC	pelm
ENSP00000301843	CTTN	446	EPEPVYSMEAA		pelm
ENSP00000301843	CTTN	446	EPEPVYSMEAA	FGFR1	pelm
ENSP00000262741	PIK3R3	341	DADENYFINEE		pelm
ENSP00000378338	GIT1	563	VPAGLYRIRKG		pelm
ENSP00000378338	GIT1	607	GADSDYENTQS		pelm
ENSP00000378338	GIT1	554	EDDAIYSVHVP		pelm
ENSP00000378338	GIT1	392	DDQHDYDSVAS		pelm
ENSP00000303476	TLN2	1665	QRECDYSIDGI		pelm
ENSP00000347464	GIT2	492	QTGSEYTDTSN		pelm
ENSP00000347464	GIT2	392	NDQPDYDSVAS		pelm
ENSP00000347464	GIT2	484	ATTNVYQVQTG		pelm
ENSP00000368759	NEDD9	12	MARALYDNVPE		pelm
ENSP00000368759	NEDD9	317	SQNDAYDVPRG		pelm
ENSP00000368759	NEDD9	345	ERDGVYDVPLH		pelm
ENSP00000368759	NEDD9	166	GHGYVYEYPSR		pelm
ENSP00000296122	PPP1CB	306	KAKYQYGGLNS		pelm
ENSP00000222254	PIK3R2	464	EYDQLYEEYTR		pelm
ENSP00000222254	PIK3R2	467	QLYEEYTRTSQ		pelm
ENSP00000222254	PIK3R2	365	KIQGEYTLTLR		pelm
ENSP00000281537	TJP1	1435	PLPSQYAQPSQ		pelm
ENSP00000281537	TJP1	132	NEEDSYDEEIH		pelm
ENSP00000281537	TJP1	588	LASVQYTLPKT		pelm
ENSP00000200457	TRIP6	131	PPPPAYRTGSL		pelm
ENSP00000200457	TRIP6	149	LPASPYGGPTP		pelm
ENSP00000200181	ITGB4	1564	GYSVEYQLLNG		pelm
ENSP00000200181	ITGB4	1257	AYEVCYGLVND		pelm
ENSP00000200181	ITGB4	1207	QGEGPYSSLVS		pelm
ENSP00000263431	PRKCG	195	GLSDPYVKLKL		pelm
ENSP00000351209	EPHA2	594	VDPHTYEDPNQ		pelm
ENSP00000351209	EPHA2	921	IKMQQYTEHFM		pelm
ENSP00000351209	EPHA2	930	FMAAGYTAIEK		pelm
ENSP00000351209	EPHA2	772	DPEATYTTSGG		pelm
ENSP00000351209	EPHA2	588	KPLKTYVDPHT		pelm
ENSP00000351209	EPHA2	575	SPEDVYFSKSE		pelm
ENSP00000378332	TGFB1I1	60	DKDHLYSTVCK	FYN	pelm
ENSP00000316029	TLN1	1116	QGNENYAGIAA		pelm
ENSP00000316029	TLN1	1945	SPSDAYTKKEL		pelm
ENSP00000316029	TLN1	26	PSTMVYDACRI		pelm
ENSP00000316029	TLN1	70	GKALDYYMLRN		pelm
ENSP00000316029	TLN1	436	VLQQQYNRVGK		pelm
ENSP00000300574	CRK	221	PEPGPYAQPSV		pelm
ENSP00000300574	CRK	221	PEPGPYAQPSV	ABL1	pelm
ENSP00000261937	FLT4	1337	FYNSEYGELSE	FLT4	pelm
ENSP00000261937	FLT4	1231	LAARYYNWVSF	KDR	pelm
ENSP00000261937	FLT4	1230	SLAARYYNWVS	KDR	pelm
ENSP00000261937	FLT4	1265	MTPTTYKGSVD	KDR	pelm
ENSP00000312143	TNS3	333	IRWDSYENLSA		pelm
ENSP00000312143	TNS3	780	LSLGQYDNDAG		pelm
ENSP00000312143	TNS3	354	VDGSLYAKVRK		pelm
ENSP00000233154	NCK2	110	GADRIYDLNIP		pelm
ENSP00000171887	TNS1	327	SVSVDYNTSDP		pelm
ENSP00000171887	TNS1	1149	YSSPDYSLQHF		pelm
ENSP00000171887	TNS1	339	IRWDSYDNFSG		pelm
ENSP00000171887	TNS1	1326	VAYGGYSTPED		pelm
ENSP00000171887	TNS1	366	LDGSLYAKVKK		pelm
ENSP00000171887	TNS1	1323	DRHVAYGGYST		pelm
ENSP00000171887	TNS1	903	ASDGQYENQSP		pelm
ENSP00000171887	TNS1	796	RSYSPYDYQPC		pelm
ENSP00000265562	PTPN23	679	EGRDFYADLES		pelm
ENSP00000223023	WASL	256	TSKVIYDFIEK		pelm
ENSP00000286627	KCNMA1	1028	ALRGGYSTPQT		pelm
ENSP00000261937	FLT4	1068	YKDPDYVRKGS		pelm
ENSP00000261937	FLT4	1063	LARDIYKDPDY		pelm
ENSP00000355136	SORBS1	79	RASSSYRETPS		pelm
ENSP00000261023	ITGAV	284	TLGMVYIYDGK		pelm
ENSP00000261023	ITGAV	591	TIFMEYRLDYR		pelm
ENSP00000307387	PDCD6IP	727	IPTPAYQSSPA		pelm
ENSP00000377941	ACTN1	12	QQTNDYMQPEE	PTK2	hprd
ENSP00000377941	ACTN1	193	PELIDYGKLRK		hprd
ENSP00000264657	STAT3	705	GSAAPYLKTKF	FGFR3	hprd
ENSP00000264657	STAT3	674	PLVYLYPDIPK		hprd
ENSP00000264657	STAT3	657	EIIMGYKIMDA		hprd
ENSP00000264657	STAT3	686	EAFGKYCRPES		hprd
ENSP00000264657	STAT3	539	GPGVNYSGCQI		hprd
ENSP00000339007	GRB2	209	MFPRNYVTPVN	EGFR	hprd
ENSP00000339007	GRB2	160	PQQPTYVQALF	SRC	hprd
ENSP00000338934	EZR	146	VHKSGYLSSER	EGFR	hprd
ENSP00000338934	EZR	354	LRLQDYEEKTK	EGFR	hprd
ENSP00000220003	CSK	184	AQDEFYRSGWA		hprd
ENSP00000220003	CSK	304	CEAMEYLEGNN	CSK	hprd
ENSP00000312435	DAG1	886	KNMTPYRSPPP		hprd
ENSP00000331736	SELE	603	ESDGSYQKPSY		hprd
ENSP00000275493	EGFR	1016	VDADEYLIPQQ	EGFR	hprd
ENSP00000275493	EGFR	1069	SFLQRYSSDPT	EGFR	hprd
ENSP00000275493	EGFR	1092	LPVPEYINQSV	EGFR	hprd
ENSP00000275493	EGFR	1110	VQNPVYHNQPL	EGFR	hprd
ENSP00000275493	EGFR	1172	LDNPDYQQDFF	EGFR	hprd
ENSP00000275493	EGFR	1197	AENAEYLRVAP	EGFR	hprd
ENSP00000275493	EGFR	1125	SRDPHYQDPHS	SRC	hprd
ENSP00000275493	EGFR	869	AEEKEYHAEGG	SRC	hprd
ENSP00000275493	EGFR	915	FGSKPYDGIPA	SRC	hprd
ENSP00000275493	EGFR	944	CTIDVYMIMVK	SRC	hprd
ENSP00000275493	EGFR	998	TDSNFYRALMD	SRC	hprd
ENSP00000275493	EGFR	1138	VGNPEYLNTVQ		hprd
ENSP00000275493	EGFR	727	AFGTVYKGLWI		hprd
ENSP00000275493	EGFR	891	ILHRIYTHQSD		hprd
ENSP00000275493	EGFR	978	RDPQRYLVIQG		hprd
ENSP00000261937	FLT4	1230	SLAARYYNWVS		hprd
ENSP00000261937	FLT4	1231	LAARYYNWVSF		hprd
ENSP00000261937	FLT4	1265	MTPTTYKGSVD		hprd
ENSP00000261937	FLT4	1333	GGQVFYNSEYG		hprd
ENSP00000261937	FLT4	1337	FYNSEYGELSE		hprd
ENSP00000261937	FLT4	532	NVSAMYKCVVS		hprd
ENSP00000357656	FYN	531	ATEPQYQPGEN	CSK	hprd
ENSP00000357656	FYN	420	IEDNEYTARQG	FYN	hprd
ENSP00000357656	FYN	39	PTPQHYPSFGV	FYN	hprd
ENSP00000357656	FYN	28	NQSSGYRYGTD	PDGFRB	hprd
ENSP00000357656	FYN	30	SSGYRYGTDPT	FYN	hprd
ENSP00000357656	FYN	214	DNGGYYITTRA		hprd
ENSP00000357656	FYN	213	LDNGGYYITTR		hprd
ENSP00000357656	FYN	185	TTKGAYSLSIR		hprd
ENSP00000362924	GSN	409	GLGLSYLSSHI	CSK	hprd
ENSP00000362924	GSN	86	VPTNLYGDFFT	CSK	hprd
ENSP00000362924	GSN	465	VDPATYGQFYG	CSK	hprd
ENSP00000362924	GSN	603	TPSAAYLWVGT	CSK	hprd
ENSP00000362924	GSN	651	GGKAAYRTSPR	CSK	hprd
ENSP00000229239	GAPDH	42	FIDLNYMVYMF		hprd
ENSP00000274376	RASA1	460	DGKEIYNTIRR	EGFR	hprd
ENSP00000274376	RASA1	615	HFTNPYCNIYL		hprd
ENSP00000365012	HCK	411	IEDNEYTAREG	HCK	hprd
ENSP00000365012	HCK	51	PHCPVYVPDPT	HCK	hprd
ENSP00000365012	HCK	209	DNGGFYISPRS		hprd
ENSP00000376544	CD79B	197	EEDHTYEGLDI	FYN	hprd
ENSP00000376544	CD79B	208	DQTATYEDIVT	FYN	hprd
ENSP00000268035	IGF1R	1280	REVSFYYSEEN		hprd
ENSP00000268035	IGF1R	1281	EVSFYYSEENK		hprd
ENSP00000268035	IGF1R	1346	DERQPYAHMNG		hprd
ENSP00000268035	IGF1R	1161	MTRDIYETDYY	SRC	hprd
ENSP00000268035	IGF1R	1165	IYETDYYRKGG	SRC	hprd
ENSP00000268035	IGF1R	1166	YETDYYRKGGK	SRC	hprd
ENSP00000268035	IGF1R	973	GNGVLYASVNP	SRC	hprd
ENSP00000268035	IGF1R	980	SVNPEYFSAAD	SRC	hprd
ENSP00000304895	IRS1	1179	ENGLNYIDLDL		hprd
ENSP00000304895	IRS1	896	KSPGEYVNIEF	IGF1R	hprd
ENSP00000304895	IRS1	612	HTDDGYMPMSP	JAK1	hprd
ENSP00000304895	IRS1	632	KGSGDYMPMSP	JAK1	hprd
ENSP00000304895	IRS1	662	VDPNGYMMMSP	JAK1	hprd
ENSP00000304895	IRS1	732	PCTGDYMNMSP	JAK1	hprd
ENSP00000304895	IRS1	1229	EDLSAYASISF		hprd
ENSP00000304895	IRS1	941	TGTEEYMKMDL		hprd
ENSP00000304895	IRS1	46	PARLEYYENEK		hprd
ENSP00000304895	IRS1	87	HLVALYTRDEH		hprd
ENSP00000200181	ITGB4	1207	QGEGPYSSLVS		hprd
ENSP00000200181	ITGB4	1469	TSAAAYGTHLS		hprd
ENSP00000200181	ITGB4	1510	TLPRDYSTLTS		hprd
ENSP00000303830	INSR	1185	MTRDIYETDYY	INSR	hprd
ENSP00000303830	INSR	1189	IYETDYYRKGG	INSR	hprd
ENSP00000303830	INSR	1190	YETDYYRKGGK	INSR	hprd
ENSP00000303830	INSR	1355	GFKRSYEEHIP	INSR	hprd
ENSP00000303830	INSR	1361	EEHIPYTHMNG	INSR	hprd
ENSP00000303830	INSR	992	PLGPLYASSNP	INSR	hprd
ENSP00000303830	INSR	999	SSNPEYLSASD	INSR	hprd
ENSP00000303830	INSR	401	KIRRSYALVSL		hprd
ENSP00000371067	JAK2	1007	PQDKEYYKVKE	JAK2	hprd
ENSP00000371067	JAK2	1008	QDKEYYKVKEP	JAK2	hprd
ENSP00000371067	JAK2	201	TPLAIYNSISY	JAK2	hprd
ENSP00000371067	JAK2	221	AKIQDYHILTR	JAK2	hprd
ENSP00000371067	JAK2	570	REVGDYGQLHE	JAK2	hprd
ENSP00000371067	JAK2	813	LFTPDYELLTE	JAK2	hprd
ENSP00000371067	JAK2	206	YNSISYKTFLP	JAK2	hprd
ENSP00000337825	LCK	394	IEDNEYTAREG	FCGR3A	hprd
ENSP00000337825	LCK	192	DNGGFYISPRI	SYK	hprd
ENSP00000347942	RET	1015	VKRRDYLDLAA	RET	hprd
ENSP00000347942	RET	1029	SDSLIYDDGLS	RET	hprd
ENSP00000347942	RET	1062	IENKLYGMSDP	RET	hprd
ENSP00000347942	RET	1096	PNDSVYANWML	RET	hprd
ENSP00000347942	RET	687	AFPVSYSSSGA	RET	hprd
ENSP00000347942	RET	826	KVGPGYLGSGG	RET	hprd
ENSP00000347942	RET	905	YEEDSYVKRSQ	RET	hprd
ENSP00000347942	RET	806	LLIVEYAKYGS	RET	hprd
ENSP00000347942	RET	809	VEYAKYGSLRG	RET	hprd
ENSP00000347942	RET	900	LSRDVYEEDSY	RET	hprd
ENSP00000347942	RET	981	CSEEMYRLMLQ	RET	hprd
ENSP00000347942	RET	1090	TGFPRYPNDSV	RET	hprd
ENSP00000300574	CRK	221	PEPGPYAQPSV	EGFR	hprd
ENSP00000300574	CRK	239	QNGPIYARVIQ		hprd
ENSP00000301843	CTTN	421	PSSPVYEDAAS	FER	hprd
ENSP00000301843	CTTN	470	ATEAVYESAEA	SRC	hprd
ENSP00000301843	CTTN	486	AEDSTYDEYEN	SRC	hprd
ENSP00000301843	CTTN	446	EPEPVYSMEAA		hprd
ENSP00000301843	CTTN	334	QVSSAYQKTVP		hprd
ENSP00000301843	CTTN	453	MEAADYREASS		hprd
ENSP00000301843	CTTN	141	AVGFEYQGKTE		hprd
ENSP00000301843	CTTN	433	KAELSYRGPVS		hprd
ENSP00000301843	CTTN	289	AVGFDYKEKLA		hprd
ENSP00000417281	MDM2	400	QESEDYSQPST	ABL1	hprd
ENSP00000317272	MET	1021	NESVDYRATFP		hprd
ENSP00000317272	MET	1248	LARDMYDKEYY		hprd
ENSP00000317272	MET	1252	MYDKEYYSVHN		hprd
ENSP00000317272	MET	1253	YDKEYYSVHNK		hprd
ENSP00000317272	MET	1313	FDITVYLLQGR		hprd
ENSP00000317272	MET	1367	FIGEHYVHVNA		hprd
ENSP00000317272	MET	1374	HVNATYVNVKC		hprd
ENSP00000317272	MET	1383	KCVAPYPSLLS		hprd
ENSP00000269571	ERBB2	1196	VENPEYLTPQG		hprd
ENSP00000269571	ERBB2	1248	AENPEYLGLDV		hprd
ENSP00000269571	ERBB2	1023	VDAEEYLVPQQ	ERBB2	hprd
ENSP00000269571	ERBB2	1139	SPQPEYVNQPD	ERBB2	hprd
ENSP00000269571	ERBB2	1221	AFDNLYYWDQD	ERBB2	hprd
ENSP00000269571	ERBB2	1222	FDNLYYWDQDP	ERBB2	hprd
ENSP00000269571	ERBB2	877	IDETEYHADGG		hprd
ENSP00000269571	ERBB2	735	AFGTVYKGIWI		hprd
ENSP00000269571	ERBB2	923	FGAKPYDGIPA		hprd
ENSP00000269571	ERBB2	1005	LDSTFYRSLLE		hprd
ENSP00000324740	YES1	426	IEDNEYTARQG	YES1	hprd
ENSP00000324740	YES1	446	PEAALYGRFTI		hprd
ENSP00000324740	YES1	32	TSVSHYGAEPT		hprd
ENSP00000324740	YES1	537	ATEPQYQPGEN		hprd
ENSP00000324740	YES1	194	TTKGAYSLSIR		hprd
ENSP00000363115	FGR	412	IKDDEYNPCQG	FGR	hprd
ENSP00000363115	FGR	523	SAEPQYQPGDQ	CSK	hprd
ENSP00000363115	FGR	34	GAADHYGPDPT		hprd
ENSP00000363115	FGR	28	GDFRSYGAADH		hprd
ENSP00000363115	FGR	208	LDMGGYYITTR		hprd
ENSP00000282397	FLT1	1169	QDGKDYIPINA		hprd
ENSP00000282397	FLT1	794	EIKTDYLSIIM		hprd
ENSP00000282397	FLT1	1213	SDDVRYVNAFK	FLT1	hprd
ENSP00000282397	FLT1	1242	SMFDDYQGDSS	FLT1	hprd
ENSP00000282397	FLT1	1327	SPPPDYNSVVL	FLT1	hprd
ENSP00000282397	FLT1	1333	NSVVLYSTPPI	FLT1	hprd
ENSP00000282397	FLT1	1048	LARDIYKNPDY		hprd
ENSP00000282397	FLT1	1053	YKNPDYVRKGD		hprd
ENSP00000264033	CBL	674	SANAIYSLAAR		hprd
ENSP00000264033	CBL	700	EEDTEYMTPSS	EGFR	hprd
ENSP00000264033	CBL	731	IDSCTYEAMYN	EGFR	hprd
ENSP00000264033	CBL	774	NEDDGYDVPKP	EGFR	hprd
ENSP00000264033	CBL	371	EQYELYCEMGS	INSR	hprd
ENSP00000264033	CBL	552	PPDRPYSVGAE		hprd
ENSP00000264033	CBL	455	APSPNYDDDDD		hprd
ENSP00000274335	PIK3R1	368	KMHGDYTLTLR		hprd
ENSP00000274335	PIK3R1	580	KTRDQYLMWLT	INSR	hprd
ENSP00000274335	PIK3R1	607	NTEDQYSLVED	INSR	hprd
ENSP00000274335	PIK3R1	688	EPYNLYSSLKE	LCK	hprd
ENSP00000274335	PIK3R1	452	KKLHEYNTQFQ		hprd
ENSP00000274335	PIK3R1	467	EYDRLYEEYTR		hprd
ENSP00000274335	PIK3R1	556	KQAAEYREIDK		hprd
ENSP00000244007	PLCG1	771	TAEPDYGALYE	LYN	hprd
ENSP00000244007	PLCG1	783	RNPGFYVEANP	LYN	hprd
ENSP00000244007	PLCG1	1254	SFESRYQQPFE		hprd
ENSP00000244007	PLCG1	472	AEGSAYEEVPT	EGFR	hprd
ENSP00000244007	PLCG1	775	DYGALYEGRNP		hprd
ENSP00000244007	PLCG1	977	TERACYRDMSS		hprd
ENSP00000244007	PLCG1	481	PTSMMYSENDI		hprd
ENSP00000261799	PDGFRB	1009	TSSVLYTAVQP	PDGFRB	hprd
ENSP00000261799	PDGFRB	1021	EGDNDYIIPLP	PDGFRB	hprd
ENSP00000261799	PDGFRB	579	SDGHEYIYVDP	PDGFRB	hprd
ENSP00000261799	PDGFRB	581	GHEYIYVDPMQ	PDGFRB	hprd
ENSP00000261799	PDGFRB	716	PSAELYSNALP	PDGFRB	hprd
ENSP00000261799	PDGFRB	740	ESDGGYMDMSK	PDGFRB	hprd
ENSP00000261799	PDGFRB	751	DESVDYVPMLD	PDGFRB	hprd
ENSP00000261799	PDGFRB	763	KGDVKYADIES	PDGFRB	hprd
ENSP00000261799	PDGFRB	771	IESSNYMAPYD	PDGFRB	hprd
ENSP00000261799	PDGFRB	775	NYMAPYDNYVP	PDGFRB	hprd
ENSP00000261799	PDGFRB	857	MRDSNYISKGS	PDGFRB	hprd
ENSP00000261799	PDGFRB	934	ASDEIYEIMQK		hprd
ENSP00000257290	PDGFRA	720	ESTRSYVILSF		hprd
ENSP00000257290	PDGFRA	731	ENNGDYMDMKQ		hprd
ENSP00000257290	PDGFRA	742	ADTTQYVPMLE		hprd
ENSP00000257290	PDGFRA	768	DRPASYKKKSM		hprd
ENSP00000257290	PDGFRA	993	YIGVTYKNEED		hprd
ENSP00000257290	PDGFRA	1018	SADSGYIIPLP	PDGFRA	hprd
ENSP00000257290	PDGFRA	754	KEVSKYSDIQR	PDGFRA	hprd
ENSP00000257290	PDGFRA	762	IQRSLYDRPAS	PDGFRA	hprd
ENSP00000257290	PDGFRA	988	DSDNAYIGVTY	PDGFRA	hprd
ENSP00000257290	PDGFRA	849	MHDSNYVSKGS		hprd
ENSP00000340944	PTPN11	580	DSARVYENVGL		hprd
ENSP00000340944	PTPN11	542	RKGHEYTNIKY	PDGFRB	hprd
ENSP00000340944	PTPN11	62	QNTGDYYDLYG		hprd
ENSP00000340944	PTPN11	63	NTGDYYDLYGG		hprd
ENSP00000340944	PTPN11	66	DYYDLYGGEKF		hprd
ENSP00000340944	PTPN11	279	KNKNRYKNILP		hprd
ENSP00000369756	PTPRA	791	KVVQEYIDAFS		hprd
ENSP00000369756	PTPRA	271	KEKNRYVNILP		hprd
ENSP00000360683	PTPN1	66	QEDNDYINASL	EGFR	hprd
ENSP00000360683	PTPN1	152	EDIKSYYTVRQ	INSR	hprd
ENSP00000360683	PTPN1	153	DIKSYYTVRQL	INSR	hprd
ENSP00000360683	PTPN1	20	SWAAIYQDIRH		hprd
ENSP00000351209	EPHA2	588	KPLKTYVDPHT		hprd
ENSP00000351209	EPHA2	594	VDPHTYEDPNQ		hprd
ENSP00000351209	EPHA2	772	DPEATYTTSGG		hprd
ENSP00000351209	EPHA2	921	IKMQQYTEHFM		hprd
ENSP00000351209	EPHA2	930	FMAAGYTAIEK		hprd
ENSP00000351209	EPHA2	575	SPEDVYFSKSE		hprd
ENSP00000351209	EPHA2	628	EFGEVYKGMLK		hprd
ENSP00000351209	EPHA2	960	QKRIAYSLLGL		hprd
ENSP00000215832	MAPK1	187	GFLTEYVATRW	MAPK1	hprd
ENSP00000215832	MAPK1	205	LNSKGYTKSID		hprd
ENSP00000349259	SPTBN1	796	EEIANYRPTLD		hprd
ENSP00000349259	SPTBN1	1137	QTDAQYMFLRQ		hprd
ENSP00000349259	SPTBN1	1303	AQDMSYDEARN		hprd
ENSP00000361824	SPTAN1	1073	QVEELYHSLLE		hprd
ENSP00000361824	SPTAN1	1176	QQQEVYGMMPR	SRC	hprd
ENSP00000361824	SPTAN1	2428	SEGKPYVTKEE		hprd
ENSP00000361824	SPTAN1	766	ALVARYEALKE		hprd
ENSP00000361824	SPTAN1	644	IDVNHYAKDEV		hprd
ENSP00000361824	SPTAN1	978	LALYDYQEKSP		hprd
ENSP00000361824	SPTAN1	1411	LAHGHYASPEI		hprd
ENSP00000316029	TLN1	70	GKALDYYMLRN		hprd
ENSP00000316029	TLN1	26	PSTMVYDACRI		hprd
ENSP00000316029	TLN1	436	VLQQQYNRVGK		hprd
ENSP00000316029	TLN1	1116	QGNENYAGIAA		hprd
ENSP00000316029	TLN1	1945	SPSDAYTKKEL		hprd
ENSP00000316029	TLN1	2530	IRQQQYKFLPS		hprd
ENSP00000316029	TLN1	71	KALDYYMLRNG		hprd
ENSP00000350941	SRC	216	DSGGFYITSRT		hprd
ENSP00000350941	SRC	530	STEPQYQPGEN	FGR	hprd
ENSP00000350941	SRC	419	IEDNEYTARQG	SRC	hprd
ENSP00000267101	ERBB3	1199	DEEYEYMNRRR		hprd
ENSP00000267101	ERBB3	1262	DEDYEYMNRQR		hprd
ENSP00000267101	ERBB3	1276	GPGGDYAAMGA		hprd
ENSP00000267101	ERBB3	1289	ASEQGYEEMRA		hprd
ENSP00000267101	ERBB3	1328	FDNPDYWHSRL		hprd
ENSP00000267101	ERBB3	1054	SPSSGYMPMNQ		hprd
ENSP00000267101	ERBB3	1197	DEDEEYEYMNR		hprd
ENSP00000267101	ERBB3	1222	LEELGYEYMDV		hprd
ENSP00000267101	ERBB3	1260	TPDEDYEYMNR		hprd
ENSP00000219476	TSC2	1571	HGSYRYTEFLT		hprd
ENSP00000219476	TSC2	1461	LRPRGYTISDS		hprd
ENSP00000219476	TSC2	602	HYKHSYTLPIA		hprd
ENSP00000263923	KDR	1175	QDGKDYIVLPI		hprd
ENSP00000263923	KDR	1214	DPKFHYDNTAG		hprd
ENSP00000263923	KDR	1054	LARDIYKDPDY	KDR	hprd
ENSP00000263923	KDR	1059	YKDPDYVRKGD	KDR	hprd
ENSP00000263923	KDR	951	RQGKDYVGAIP	KDR	hprd
ENSP00000263923	KDR	996	APEDLYKDFLT	KDR	hprd
ENSP00000211998	VCL	100	LQSDPYSVPAR	SRC	hprd
ENSP00000211998	VCL	692	GNQAAYEHFET		hprd
ENSP00000211998	VCL	822	FLDSGYRILGA		hprd
ENSP00000261023	ITGAV	284	TLGMVYIYDGK		hprd
ENSP00000261023	ITGAV	591	TIFMEYRLDYR		hprd
ENSP00000261023	ITGAV	225	EIVSKYDPNVY		hprd
ENSP00000308774	BMX	216	TSLAQYDSNSK	ITK	hprd
ENSP00000308774	BMX	224	NSKKIYGSQPN	ITK	hprd
ENSP00000308774	BMX	566	VLDDQYVSSVG	SRC	hprd
ENSP00000308774	BMX	40	KTNLSYYEYDK	PTK2	hprd
ENSP00000248594	PTPN12	42	RLSTKYRTEKI		hprd
ENSP00000364898	SYK	131	NLIREYVKQTW	LYN	hprd
ENSP00000364898	SYK	323	VSFNPYEPELA	SYK	hprd
ENSP00000364898	SYK	348	MDTEVYESPYA	SYK	hprd
ENSP00000364898	SYK	352	VYESPYADPEE	SYK	hprd
ENSP00000364898	SYK	525	RADENYYKAQT	SYK	hprd
ENSP00000364898	SYK	526	ADENYYKAQTH	SYK	hprd
ENSP00000364898	SYK	296	SRIKSYSFPKP		hprd
ENSP00000364898	SYK	568	WEAFSYGQKPY		hprd
ENSP00000360916	VAV2	142	NDDDVYRSLEE	EGFR	hprd
ENSP00000360916	VAV2	159	LGEDIYDCVPC	EGFR	hprd
ENSP00000360916	VAV2	172	GGDDIYEDIIK	EGFR	hprd
ENSP00000288986	NCK1	105	PGERLYDLNMP		hprd
ENSP00000288986	NCK1	246	LVPKNYVTVMQ		hprd
ENSP00000288986	NCK1	268	PPQCDYIRPSL		hprd
ENSP00000354394	STAT1	701	PKGTGYIKTEL	KIT	hprd
ENSP00000401303	SHC1	349	PPDHQYYNDFP	SRC	hprd
ENSP00000401303	SHC1	350	PDHQYYNDFPG	SRC	hprd
ENSP00000401303	SHC1	428	FDDPSYVNVQN	FLT3	hprd
ENSP00000363763	EPHB2	578	RADSEYTDKLQ		hprd
ENSP00000363763	EPHB2	585	DKLQHYTSGHM		hprd
ENSP00000363763	EPHB2	597	PGMKIYIDPFT		hprd
ENSP00000363763	EPHB2	660	TLKSGYTEKQR		hprd
ENSP00000363763	EPHB2	737	AAGMKYLADMN		hprd
ENSP00000363763	EPHB2	743	LADMNYVHRDL		hprd
ENSP00000363763	EPHB2	781	TSDPTYTSALG		hprd
ENSP00000363763	EPHB2	801	PEAIQYRKFTS		hprd
ENSP00000363763	EPHB2	931	IKMGQYKESFA		hprd
ENSP00000363763	EPHB2	603	IDPFTYEDPNE	EPHB2	hprd
ENSP00000281537	TJP1	132	NEEDSYDEEIH		hprd
ENSP00000281537	TJP1	895	HENQTYPPYSP		hprd
ENSP00000281537	TJP1	1419	FGEKRYEPIQA		hprd
ENSP00000281537	TJP1	1435	PLPSQYAQPSQ		hprd
ENSP00000281537	TJP1	588	LASVQYTLPKT		hprd
ENSP00000281537	TJP1	843	RHTSDYEDTDT		hprd
ENSP00000281537	TJP1	898	QTYPPYSPQAQ		hprd
ENSP00000332816	PTK2B	906	LPPEGYVVVVK	PTPN11	hprd
ENSP00000332816	PTK2B	402	IESDIYAEIPD	PTK2B	hprd
ENSP00000332816	PTK2B	579	IEDEDYYKASV	PTK2B	hprd
ENSP00000332816	PTK2B	580	EDEDYYKASVT	PTK2B	hprd
ENSP00000332816	PTK2B	881	TDDLVYLNVME	PTK2B	hprd
ENSP00000332816	PTK2B	756	TSPMEYPSPVN		hprd
ENSP00000332816	PTK2B	834	LDPMVYMNDKS		hprd
ENSP00000361021	PTEN	240	EDKFMYFEFPQ		hprd
ENSP00000361021	PTEN	315	DNDKEYLVLTL		hprd
ENSP00000263025	MAPK3	204	GFLTEYVATRW	MAP2K2	hprd
ENSP00000339299	TRIO	2796	NFDSFYSEVAE	PTK2	hprd
ENSP00000324422	ZYX	172	RVSSGYVPPPV		hprd
ENSP00000346300	CRKL	207	EPAHAYAQPQT		hprd
ENSP00000346300	CRKL	198	RNSNSYGIPEP		hprd
ENSP00000346300	CRKL	132	YVRTLYDFPGN		hprd
ENSP00000346300	CRKL	251	RVPCAYDKTAL		hprd
ENSP00000352721	DNM2	449	SKLSSYPRLRE		hprd
ENSP00000228307	PXN	181	ALSPLYGVPET		hprd
ENSP00000228307	PXN	118	EEEHVYSFPNK	PTK2	hprd
ENSP00000228307	PXN	31	SEETPYSYPTG	PTK2	hprd
ENSP00000228307	PXN	40	TGNHTYQEIAV	CSK	hprd
ENSP00000228307	PXN	88	SSSPVYGSSAK	CSK	hprd
ENSP00000200457	TRIP6	149	LPASPYGGPTP		hprd
ENSP00000200457	TRIP6	123	PDRQAYEPPPP		hprd
ENSP00000200457	TRIP6	131	PPPPAYRTGSL		hprd
ENSP00000162330	BCAR1	128	AQQGLYQVPGP		hprd
ENSP00000162330	BCAR1	249	GPQDIYDVPPV		hprd
ENSP00000162330	BCAR1	306	NHHAVYDVPPS		hprd
ENSP00000162330	BCAR1	327	LREETYDVPPA		hprd
ENSP00000162330	BCAR1	410	VDSGVYAVPPP		hprd
ENSP00000162330	BCAR1	115	QPDSVYLVPTP	SRC	hprd
ENSP00000162330	BCAR1	165	PATDLYQVPPG	SRC	hprd
ENSP00000162330	BCAR1	179	PAQDIYQVPPS	SRC	hprd
ENSP00000162330	BCAR1	192	MGHDIYQVPPS	SRC	hprd
ENSP00000162330	BCAR1	234	PEQDEYDIPRH	SRC	hprd
ENSP00000162330	BCAR1	267	YGQEVYDTPPM	SRC	hprd
ENSP00000162330	BCAR1	287	PLLEVYDVPPS	SRC	hprd
ENSP00000162330	BCAR1	362	PAEDVYDVPPP	SRC	hprd
ENSP00000162330	BCAR1	387	GPGTLYDVPRE	SRC	hprd
ENSP00000162330	BCAR1	653	SPDGQYENSEG	SRC	hprd
ENSP00000162330	BCAR1	664	GWMEDYDYVHL	PTK2	hprd
ENSP00000162330	BCAR1	666	MEDYDYVHLQG	PTK2	hprd
ENSP00000162330	BCAR1	222	RVGQGYVYEAA		hprd
ENSP00000162330	BCAR1	224	GQGYVYEAAQP		hprd
ENSP00000162330	BCAR1	372	PAPDLYDVPPG		hprd
ENSP00000222254	PIK3R2	464	EYDQLYEEYTR		hprd
ENSP00000222254	PIK3R2	365	KIQGEYTLTLR		hprd
ENSP00000222254	PIK3R2	686	EPYNLYGSLKE		hprd
ENSP00000222254	PIK3R2	467	QLYEEYTRTSQ		hprd
ENSP00000222254	PIK3R2	460	DKSREYDQLYE		hprd
ENSP00000222254	PIK3R2	605	ETEDQYALMED		hprd
ENSP00000259808	RIPK1	384	QDEANYHLYGS		hprd
ENSP00000259808	RIPK1	387	ANYHLYGSRMD		hprd
ENSP00000233154	NCK2	110	GADRIYDLNIP		hprd
ENSP00000324806	GSK3B	216	EPNVSYICSRY		hprd
ENSP00000223023	WASL	175	TTNRFYGPQVN	ABL1	hprd
ENSP00000223023	WASL	256	TSKVIYDFIEK	ABL1	hprd
ENSP00000355136	SORBS1	79	RASSSYRETPS		hprd
ENSP00000262741	PIK3R3	341	DADENYFINEE		hprd
ENSP00000265562	PTPN23	679	EGRDFYADLES		hprd
ENSP00000025008	RB1CC1	213	LTRHSYRECLG		hprd
ENSP00000307387	PDCD6IP	319	DNDFIYHDRVP	SRC	hprd
ENSP00000307387	PDCD6IP	727	IPTPAYQSSPA		hprd
ENSP00000378338	GIT1	607	GADSDYENTQS		hprd
ENSP00000378338	GIT1	246	HKNGHYIIPQM		hprd
ENSP00000378338	GIT1	293	LAMDVYDEVDR		hprd
ENSP00000378338	GIT1	392	DDQHDYDSVAS		hprd
ENSP00000378338	GIT1	519	QAFSMYEPGSA		hprd
ENSP00000378338	GIT1	554	EDDAIYSVHVP		hprd
ENSP00000378338	GIT1	563	VPAGLYRIRKG		hprd
ENSP00000312143	TNS3	333	IRWDSYENLSA		hprd
ENSP00000312143	TNS3	780	LSLGQYDNDAG		hprd
ENSP00000312143	TNS3	601	VVAHQYSFAPD		hprd
ENSP00000312143	TNS3	802	KAGVDYAPNLP		hprd
ENSP00000312143	TNS3	823	TMTPGYPQDLD		hprd
ENSP00000303476	TLN2	1665	QRECDYSIDGI		hprd
ENSP00000347464	GIT2	484	ATTNVYQVQTG		hprd
ENSP00000347464	GIT2	492	QTGSEYTDTSN		hprd
ENSP00000347464	GIT2	392	NDQPDYDSVAS		hprd
ENSP00000296122	PPP1CB	306	KAKYQYGGLNS		hprd
ENSP00000368759	NEDD9	166	GHGYVYEYPSR		hprd
ENSP00000368759	NEDD9	177	YQKDVYDIPPS		hprd
ENSP00000368759	NEDD9	189	TTQGVYDIPPS		hprd
ENSP00000368759	NEDD9	92	GQQKLYQVPNP		hprd
ENSP00000368759	NEDD9	317	SQNDAYDVPRG		hprd
ENSP00000368759	NEDD9	345	ERDGVYDVPLH		hprd
ENSP00000368759	NEDD9	164	RTGHGYVYEYP		hprd
ENSP00000368759	NEDD9	168	GYVYEYPSRYQ		hprd
ENSP00000286627	KCNMA1	1028	ALRGGYSTPQT		hprd
