name	PRKCI
id	ENSP00000295797
type	Serine/threonine kinase
proline+1_removed	Yes
npartners	110
npartners_with_sites	110
nsites	244
//
motif	score	fg_matches	fg_size	bg_matches	bg_size	fold_increase
..RR.[ST].....	313.92	18	815	18	9383	11.51
..R..[ST].....	307.65	102	797	465	9365	2.58
...R.[ST].....	6.27	62	695	404	8900	1.97
.....[ST].D...	7.14	62	633	400	8496	2.08
//
sub_ensp	sub_name	sub_position	sub_region	kinase_name	source
ENSP00000248975	YWHAH	25	YDDMASAMKAV		psite
ENSP00000248975	YWHAH	38	LNEPLSNEDRN		psite
ENSP00000248975	YWHAH	46	DRNLLSVAYKN		psite
ENSP00000248975	YWHAH	59	GARRSSWRVIS		psite
ENSP00000248975	YWHAH	168	EQMQPTHPIRL		psite
ENSP00000248975	YWHAH	220	SYKDSTLIMQL		psite
ENSP00000309503	YWHAZ	45	ERNLLSVAYKN		psite
ENSP00000309503	YWHAZ	58	GARRSSWRVVS	MAPKAPK2	psite
ENSP00000309503	YWHAZ	58	GARRSSWRVVS	PRKACA	psite
ENSP00000309503	YWHAZ	58	GARRSSWRVVS	AKT1	psite
ENSP00000309503	YWHAZ	63	SWRVVSSIEQK		psite
ENSP00000309503	YWHAZ	64	WRVVSSIEQKT		psite
ENSP00000309503	YWHAZ	194	CSLAKTAFDEA		psite
ENSP00000309503	YWHAZ	207	ELDTLSEESYK		psite
ENSP00000309503	YWHAZ	215	SYKDSTLIMQL		psite
ENSP00000309503	YWHAZ	229	NLTLWTSDTQG		psite
ENSP00000309503	YWHAZ	230	LTLWTSDTQGD		psite
ENSP00000309503	YWHAZ	232	LWTSDTQGDEA	BCR	psite
ENSP00000309503	YWHAZ	232	LWTSDTQGDEA	CSNK1A1	psite
ENSP00000257497	ANXA1	27	VQTVKSSKGGP	PRKCA	psite
ENSP00000257497	ANXA1	28	QTVKSSKGGPG	PRKCA	psite
ENSP00000257497	ANXA1	28	QTVKSSKGGPG	PRKCB	psite
ENSP00000257497	ANXA1	34	KGGPGSAVSPY		psite
ENSP00000257497	ANXA1	41	VSPYPTFNPSS		psite
ENSP00000257497	ANXA1	45	PTFNPSSDVAA		psite
ENSP00000257497	ANXA1	88	AYLQETGKPLD		psite
ENSP00000257497	ANXA1	136	GTDEDTLIEIL		psite
ENSP00000257497	ANXA1	169	LAKDITSDTSG		psite
ENSP00000257497	ANXA1	170	AKDITSDTSGD		psite
ENSP00000257497	ANXA1	172	DITSDTSGDFR		psite
ENSP00000257497	ANXA1	173	ITSDTSGDFRN		psite
ENSP00000257497	ANXA1	182	RNALLSLAKGD		psite
ENSP00000257497	ANXA1	216	ERRKGTDVNVF	PRKACA	psite
ENSP00000309103	BAD	32	AGDGPSGSGKH		psite
ENSP00000309103	BAD	34	DGPSGSGKHHR		psite
ENSP00000309103	BAD	71	AVEIRSRHSSY		psite
ENSP00000309103	BAD	74	IRSRHSSYPAG	PAK1	psite
ENSP00000309103	BAD	75	RSRHSSYPAGT	RAF1	psite
ENSP00000309103	BAD	75	RSRHSSYPAGT	PRKCQ	psite
ENSP00000309103	BAD	75	RSRHSSYPAGT	PRKACA	psite
ENSP00000309103	BAD	75	RSRHSSYPAGT	PRKCI	psite
ENSP00000309103	BAD	75	RSRHSSYPAGT	PRKD1	psite
ENSP00000309103	BAD	75	RSRHSSYPAGT	ARAF	psite
ENSP00000309103	BAD	75	RSRHSSYPAGT	PIM3	psite
ENSP00000309103	BAD	75	RSRHSSYPAGT	RPS6KA1	psite
ENSP00000309103	BAD	75	RSRHSSYPAGT	PRKCE	psite
ENSP00000309103	BAD	75	RSRHSSYPAGT	PAK1	psite
ENSP00000309103	BAD	75	RSRHSSYPAGT	BRAF	psite
ENSP00000309103	BAD	75	RSRHSSYPAGT	RPS6KA3	psite
ENSP00000309103	BAD	80	SYPAGTEDDEG		psite
ENSP00000309103	BAD	97	PFRGRSRSAPP		psite
ENSP00000309103	BAD	99	RGRSRSAPPNL	RAF1	psite
ENSP00000309103	BAD	99	RGRSRSAPPNL	PRKCQ	psite
ENSP00000309103	BAD	99	RGRSRSAPPNL	PRKACA	psite
ENSP00000309103	BAD	99	RGRSRSAPPNL	PRKCI	psite
ENSP00000309103	BAD	99	RGRSRSAPPNL	PRKD1	psite
ENSP00000309103	BAD	99	RGRSRSAPPNL	ARAF	psite
ENSP00000309103	BAD	99	RGRSRSAPPNL	PRKCE	psite
ENSP00000309103	BAD	99	RGRSRSAPPNL	PAK1	psite
ENSP00000309103	BAD	99	RGRSRSAPPNL	BRAF	psite
ENSP00000309103	BAD	99	RGRSRSAPPNL	AKT1	psite
ENSP00000309103	BAD	99	RGRSRSAPPNL	RPS6KA3	psite
ENSP00000309103	BAD	118	ELRRMSDEFVD	RAF1	psite
ENSP00000309103	BAD	118	ELRRMSDEFVD	PRKACA	psite
ENSP00000309103	BAD	118	ELRRMSDEFVD	PRKCI	psite
ENSP00000309103	BAD	118	ELRRMSDEFVD	PRKD1	psite
ENSP00000309103	BAD	118	ELRRMSDEFVD	ARAF	psite
ENSP00000309103	BAD	118	ELRRMSDEFVD	PRKCE	psite
ENSP00000309103	BAD	118	ELRRMSDEFVD	PAK1	psite
ENSP00000309103	BAD	118	ELRRMSDEFVD	BRAF	psite
ENSP00000309103	BAD	124	DEFVDSFKKGL		psite
ENSP00000309103	BAD	134	LPRPKSAGTAT		psite
ENSP00000309103	BAD	137	PKSAGTATQMR		psite
ENSP00000309103	BAD	146	MRQSSSWTRVF		psite
ENSP00000222005	CDC37	13	DHIEVSDDEDE	CSNK2A1	psite
ENSP00000222005	CDC37	13	DHIEVSDDEDE	CSNK2A2	psite
ENSP00000222005	CDC37	118	PWNVDTLSKDG		psite
ENSP00000222005	CDC37	120	NVDTLSKDGFS		psite
ENSP00000222005	CDC37	300	VEVYESLPEEL		psite
ENSP00000222005	CDC37	322	LQDAISKMDPT		psite
ENSP00000222005	CDC37	370	EAVPKTGDEKD		psite
ENSP00000314458	CDC42	30	TNKFPSEYVPT		psite
ENSP00000314458	CDC42	141	PITPETAEKLA		psite
ENSP00000314458	CDC42	35	SEYVPTVFDNY		psite
ENSP00000256443	CDK7	161	FGLAKSFGSPN	NEK6	psite
ENSP00000256443	CDK7	170	PNRAYTHQVVT	CDK1	psite
ENSP00000256443	CDK7	170	PNRAYTHQVVT	CDK2	psite
ENSP00000256443	CDK7	287	ARITATQALKM		psite
ENSP00000256443	CDK7	321	TLKEQSNPALA		psite
ENSP00000256443	CDK7	332	IKRKRTEALEQ		psite
ENSP00000265846	ADAP1	87	RARFESKVPSF	PRKCE	psite
ENSP00000265846	ADAP1	87	RARFESKVPSF	PRKCA	psite
ENSP00000265846	ADAP1	276	RKRWFTMDDRR	PRKCE	psite
ENSP00000265846	ADAP1	276	RKRWFTMDDRR	PRKCA	psite
ENSP00000362734	CRB2	1274	RLEMDSVLKVP		psite
ENSP00000265968	CSRP3	54	VAAHESEIYCK		psite
ENSP00000304669	CTNNA1	38	VTQVTTLVNTN		psite
ENSP00000304669	CTNNA1	83	KIAKESQFLKE		psite
ENSP00000304669	CTNNA1	118	DDPCSSVKRGN		psite
ENSP00000304669	CTNNA1	223	VPILYTASQAC		psite
ENSP00000304669	CTNNA1	268	ASDDASQHQGG		psite
ENSP00000304669	CTNNA1	323	LMADSSCTRDD		psite
ENSP00000304669	CTNNA1	361	GRKERSDALNS		psite
ENSP00000304669	CTNNA1	372	AIDKMTKKTRD		psite
ENSP00000304669	CTNNA1	455	VRMSASQLEAL		psite
ENSP00000304669	CTNNA1	541	DGLDRTAGAIR		psite
ENSP00000304669	CTNNA1	641	EELDDSDFETE	CSNK2A1	psite
ENSP00000304669	CTNNA1	645	DSDFETEDFDV		psite
ENSP00000304669	CTNNA1	652	DFDVRSRTSVQ		psite
ENSP00000304669	CTNNA1	654	DVRSRTSVQTE		psite
ENSP00000304669	CTNNA1	655	VRSRTSVQTED		psite
ENSP00000304669	CTNNA1	658	RTSVQTEDDQL		psite
ENSP00000304669	CTNNA1	754	IAEAGSRMDKL		psite
ENSP00000304669	CTNNA1	886	KIKRASQKKHV		psite
ENSP00000344456	CTNNB1	23	RKAAVSHWQQQ		psite
ENSP00000344456	CTNNB1	29	HWQQQSYLDSG	CSNK2A2	psite
ENSP00000344456	CTNNB1	33	QSYLDSGIHSG	GSK3B	psite
ENSP00000344456	CTNNB1	33	QSYLDSGIHSG	CHUK	psite
ENSP00000344456	CTNNB1	33	QSYLDSGIHSG	GSK3A	psite
ENSP00000344456	CTNNB1	33	QSYLDSGIHSG	MAPK8	psite
ENSP00000344456	CTNNB1	37	DSGIHSGATTT	GSK3B	psite
ENSP00000344456	CTNNB1	37	DSGIHSGATTT	CHUK	psite
ENSP00000344456	CTNNB1	37	DSGIHSGATTT	GSK3A	psite
ENSP00000344456	CTNNB1	37	DSGIHSGATTT	MAPK8	psite
ENSP00000344456	CTNNB1	41	HSGATTTAPSL	GSK3B	psite
ENSP00000344456	CTNNB1	41	HSGATTTAPSL	CHUK	psite
ENSP00000344456	CTNNB1	41	HSGATTTAPSL	GSK3A	psite
ENSP00000344456	CTNNB1	41	HSGATTTAPSL	MAPK8	psite
ENSP00000344456	CTNNB1	45	TTTAPSLSGKG	CSNK1E	psite
ENSP00000344456	CTNNB1	45	TTTAPSLSGKG	PRKACA	psite
ENSP00000344456	CTNNB1	45	TTTAPSLSGKG	CSNK1D	psite
ENSP00000344456	CTNNB1	45	TTTAPSLSGKG	CHUK	psite
ENSP00000344456	CTNNB1	45	TTTAPSLSGKG	CSNK1A1	psite
ENSP00000344456	CTNNB1	73	QGFSQSFTQEQ		psite
ENSP00000344456	CTNNB1	102	AMFPETLDEGM	CSNK2A2	psite
ENSP00000344456	CTNNB1	112	MQIPSTQFDAA	PRKD1	psite
ENSP00000344456	CTNNB1	112	MQIPSTQFDAA	CSNK2A2	psite
ENSP00000344456	CTNNB1	120	DAAHPTNVQRL	PRKD1	psite
ENSP00000344456	CTNNB1	179	MVHQLSKKEAS		psite
ENSP00000344456	CTNNB1	196	SPQMVSAIVRT		psite
ENSP00000344456	CTNNB1	332	IMRTYTYEKLL	CAMK2A	psite
ENSP00000344456	CTNNB1	393	LSDAATKQEGM		psite
ENSP00000344456	CTNNB1	472	ALRHLTSRHQE	CAMK2A	psite
ENSP00000344456	CTNNB1	473	LRHLTSRHQEA		psite
ENSP00000344456	CTNNB1	547	RAHQDTQRRTS		psite
ENSP00000344456	CTNNB1	551	DTQRRTSMGGT		psite
ENSP00000344456	CTNNB1	552	TQRRTSMGGTQ	CAMK2A	psite
ENSP00000344456	CTNNB1	552	TQRRTSMGGTQ	PRKACA	psite
ENSP00000344456	CTNNB1	552	TQRRTSMGGTQ	AKT2	psite
ENSP00000344456	CTNNB1	552	TQRRTSMGGTQ	AKT1	psite
ENSP00000344456	CTNNB1	556	TSMGGTQQQFV		psite
ENSP00000344456	CTNNB1	574	IVEGCTGALHI		psite
ENSP00000344456	CTNNB1	675	YKKRLSVELTS	PRKACA	psite
ENSP00000344456	CTNNB1	675	YKKRLSVELTS	PAK4	psite
ENSP00000344456	CTNNB1	680	SVELTSSLFRT		psite
ENSP00000344456	CTNNB1	718	DPSYRSFHSGG	PLK1	psite
ENSP00000344456	CTNNB1	721	YRSFHSGGYGQ		psite
ENSP00000354158	ERC1	14	GKVEPSSQSPG		psite
ENSP00000354158	ERC1	15	KVEPSSQSPGR		psite
ENSP00000354158	ERC1	35	LGHRRTNSTGG		psite
ENSP00000354158	ERC1	37	HRRTNSTGGSS		psite
ENSP00000354158	ERC1	38	RRTNSTGGSSG		psite
ENSP00000354158	ERC1	41	NSTGGSSGSSV		psite
ENSP00000354158	ERC1	55	SGKTLSMENIQ		psite
ENSP00000354158	ERC1	75	GPMYLSDHENV		psite
ENSP00000354158	ERC1	94	MTLGRSGGRLP		psite
ENSP00000353741	ETF1	36	GTSMISLIIPP		psite
ENSP00000353741	ETF1	70	RVNRLSVLGAI		psite
ENSP00000353741	ETF1	208	RKVAETAVQLF		psite
ENSP00000353741	ETF1	215	VQLFISGDKVN		psite
ENSP00000299293	FRS2	49	ELILYTRKRDS		psite
ENSP00000299293	FRS2	125	RNNHQTELEVP		psite
ENSP00000299293	FRS2	137	TPRTPTTPGFA		psite
ENSP00000299293	FRS2	155	YPRYPSFGDAS		psite
ENSP00000299293	FRS2	169	SSRHPSVGSAR		psite
ENSP00000299293	FRS2	177	SARLPSVGEES		psite
ENSP00000299293	FRS2	211	RKNRTSVHVPL		psite
ENSP00000299293	FRS2	221	LEARVSNAESS		psite
ENSP00000299293	FRS2	326	RRGRLTSTSTS		psite
ENSP00000299293	FRS2	327	RGRLTSTSTSD		psite
ENSP00000299293	FRS2	328	GRLTSTSTSDT		psite
ENSP00000299293	FRS2	344	SAQRRTALLNY		psite
ENSP00000299293	FRS2	354	YENLPSLPPVW		psite
ENSP00000299293	FRS2	365	EARKLSRDEDD		psite
ENSP00000299293	FRS2	395	HNYVNTENVTV		psite
ENSP00000299293	FRS2	403	VTVPASAHKIE		psite
ENSP00000299293	FRS2	468	TPTRRTELYAV		psite
ENSP00000299293	FRS2	503	KTRHNSTDLPM		psite
ENSP00000229239	GAPDH	25	RAAFNSGKVDI		psite
ENSP00000229239	GAPDH	59	GKFHGTVKAEN		psite
ENSP00000229239	GAPDH	75	NGNPITIFQER		psite
ENSP00000229239	GAPDH	83	QERDPSKIKWG		psite
ENSP00000229239	GAPDH	99	YVVESTGVFTT		psite
ENSP00000229239	GAPDH	103	STGVFTTMEKA		psite
ENSP00000229239	GAPDH	104	TGVFTTMEKAG		psite
ENSP00000229239	GAPDH	143	EKYDNSLKIIS		psite
ENSP00000229239	GAPDH	148	SLKIISNASCT		psite
ENSP00000229239	GAPDH	151	IISNASCTTNC		psite
ENSP00000229239	GAPDH	153	SNASCTTNCLA		psite
ENSP00000229239	GAPDH	154	NASCTTNCLAP		psite
ENSP00000229239	GAPDH	176	VEGLMTTVHAI		psite
ENSP00000229239	GAPDH	177	EGLMTTVHAIT		psite
ENSP00000229239	GAPDH	182	TVHAITATQKT		psite
ENSP00000229239	GAPDH	184	HAITATQKTVD		psite
ENSP00000229239	GAPDH	187	TATQKTVDGPS		psite
ENSP00000229239	GAPDH	192	TVDGPSGKLWR		psite
ENSP00000229239	GAPDH	210	NIIPASTGAAK		psite
ENSP00000229239	GAPDH	211	IIPASTGAAKA		psite
ENSP00000229239	GAPDH	229	LNGKLTGMAFR		psite
ENSP00000229239	GAPDH	237	AFRVPTANVSV	AKT2	psite
ENSP00000229239	GAPDH	241	PTANVSVVDLT		psite
ENSP00000229239	GAPDH	246	SVVDLTCRLEK		psite
ENSP00000229239	GAPDH	266	VVKQASEGPLK		psite
ENSP00000229239	GAPDH	312	FVKLISWYDNE		psite
ENSP00000313050	GBAS	182	EPVPRSGPNIY		psite
ENSP00000320935	SLC2A4	274	RERPLSLLQLL	SGK1	psite
ENSP00000263915	GRB14	358	PYQGRSGCSSQ		psite
ENSP00000263915	GRB14	362	RSGCSSQSISP		psite
ENSP00000263915	GRB14	370	ISPMRSISENS		psite
ENSP00000263915	GRB14	372	PMRSISENSLV		psite
ENSP00000309845	HRAS	35	DEYDPTIEDSY		psite
ENSP00000309845	HRAS	39	PTIEDSYRKQV		psite
ENSP00000309845	HRAS	144	IPYIETSAKTR		psite
ENSP00000309845	HRAS	145	PYIETSAKTRQ		psite
ENSP00000309845	HRAS	148	ETSAKTRQGVE		psite
ENSP00000309845	HRAS	183	GPGCMSCKCVL		psite
ENSP00000335153	HSP90AA1	158	SLIINTFYSNK		psite
ENSP00000335153	HSP90AA1	174	ELISNSSDALD		psite
ENSP00000335153	HSP90AA1	185	KIRYESLTDPS		psite
ENSP00000335153	HSP90AA1	194	PSKLDSGKELH		psite
ENSP00000335153	HSP90AA1	210	NKQDRTLTIVD		psite
ENSP00000335153	HSP90AA1	212	QDRTLTIVDTG	PRKACA	psite
ENSP00000335153	HSP90AA1	216	LTIVDTGIGMT		psite
ENSP00000335153	HSP90AA1	231	INNLGTIAKSG		psite
ENSP00000335153	HSP90AA1	237	IAKSGTKAFME		psite
ENSP00000335153	HSP90AA1	317	LKEDQTEYLEE		psite
ENSP00000335153	HSP90AA1	353	RDKEVSDDEAE		psite
ENSP00000335153	HSP90AA1	374	KEEKESEDKPE		psite
ENSP00000335153	HSP90AA1	385	IEDVGSDEEEE	CSNK2A1	psite
ENSP00000335153	HSP90AA1	415	EELNKTKPIWT		psite
ENSP00000335153	HSP90AA1	437	GEFYKSLTNDW		psite
ENSP00000335153	HSP90AA1	439	FYKSLTNDWED		psite
ENSP00000335153	HSP90AA1	513	RGVVDSEDLPL	PNCK	psite
ENSP00000335153	HSP90AA1	521	LPLNISREMLQ		psite
ENSP00000335153	HSP90AA1	528	EMLQQSKILKV		psite
ENSP00000335153	HSP90AA1	547	CLELFTELAED		psite
ENSP00000335153	HSP90AA1	564	FYEQFSKNIKL		psite
ENSP00000335153	HSP90AA1	575	GIHEDSQNRKK		psite
ENSP00000335153	HSP90AA1	598	GDEMVSLKDYC		psite
ENSP00000335153	HSP90AA1	604	LKDYCTRMKEN		psite
ENSP00000335153	HSP90AA1	627	DQVANSAFVER		psite
ENSP00000335153	HSP90AA1	662	EFEGKTLVSVT		psite
ENSP00000335153	HSP90AA1	665	GKTLVSVTKEG		psite
ENSP00000335153	HSP90AA1	688	QEEKKTKFENL		psite
ENSP00000335153	HSP90AA1	711	EKVVVSNRLVT		psite
ENSP00000335153	HSP90AA1	725	CIVTSTYGWTA		psite
ENSP00000335153	HSP90AA1	745	ALRDNSTMGYM		psite
ENSP00000335153	HSP90AA1	746	LRDNSTMGYMA	PNCK	psite
ENSP00000335153	HSP90AA1	763	INPDHSIIETL		psite
ENSP00000335153	HSP90AA1	847	EGDDDTSRMEE		psite
ENSP00000335153	HSP90AA1	848	GDDDTSRMEEV		psite
ENSP00000216797	NFKBIA	32	DDRHDSGLDSM	CSNK2A1	psite
ENSP00000216797	NFKBIA	32	DDRHDSGLDSM	SGK1	psite
ENSP00000216797	NFKBIA	32	DDRHDSGLDSM	IKBKE	psite
ENSP00000216797	NFKBIA	32	DDRHDSGLDSM	CHUK	psite
ENSP00000216797	NFKBIA	32	DDRHDSGLDSM	RPS6KA1	psite
ENSP00000216797	NFKBIA	32	DDRHDSGLDSM	IKBKB	psite
ENSP00000216797	NFKBIA	32	DDRHDSGLDSM	RPS6KA3	psite
ENSP00000216797	NFKBIA	36	DSGLDSMKDEE	CSNK2A1	psite
ENSP00000216797	NFKBIA	36	DSGLDSMKDEE	IKBKE	psite
ENSP00000216797	NFKBIA	36	DSGLDSMKDEE	CHUK	psite
ENSP00000216797	NFKBIA	36	DSGLDSMKDEE	IKBKB	psite
ENSP00000216797	NFKBIA	90	EEKALTMEVIR		psite
ENSP00000216797	NFKBIA	283	QMLPESEDEES	CSNK2A1	psite
ENSP00000216797	NFKBIA	288	SEDEESYDTES	CSNK2A1	psite
ENSP00000216797	NFKBIA	291	EESYDTESEFT	CSNK2A1	psite
ENSP00000216797	NFKBIA	293	SYDTESEFTEF	CSNK2A1	psite
ENSP00000216797	NFKBIA	299	EFTEFTEDELP	CSNK2A1	psite
ENSP00000359424	CHUK	23	RERLGTGGFGN	AKT2	psite
ENSP00000359424	CHUK	23	RERLGTGGFGN	AKT1	psite
ENSP00000359424	CHUK	176	DVDQGSLCTSF		psite
ENSP00000359424	CHUK	180	GSLCTSFVGTL		psite
ENSP00000359424	CHUK	463	YNANLTKMKNT		psite
ENSP00000359424	CHUK	473	TLISASQQLKA		psite
ENSP00000358622	IKBKG	111	MLHLPSEQGAP	IKBKB	psite
ENSP00000358622	IKBKG	136	DAIRQSNQILR	IKBKB	psite
ENSP00000358622	IKBKG	153	LHFQASQREEK	IKBKB	psite
ENSP00000358622	IKBKG	365	KIVMETVPVLK		psite
ENSP00000358622	IKBKG	444	APAYLSSPLAL	IKBKB	psite
ENSP00000358622	IKBKG	451	PLALPSQRRSP		psite
ENSP00000303830	INSR	98	VYGLESLKDLF		psite
ENSP00000303830	INSR	361	ELRGCTVINGS		psite
ENSP00000303830	INSR	400	LKIRRSYALVS		psite
ENSP00000303830	INSR	407	ALVSLSFFRKL		psite
ENSP00000303830	INSR	1033	ELGQGSFGMVY		psite
ENSP00000303830	INSR	1062	KTVNESASLRE	PRKCA	psite
ENSP00000303830	INSR	1064	VNESASLRERI	PRKCA	psite
ENSP00000303830	INSR	1187	RDIYETDYYRK		psite
ENSP00000303830	INSR	1216	GVFTTSSDMWS		psite
ENSP00000303830	INSR	1217	VFTTSSDMWSF		psite
ENSP00000303830	INSR	1221	SSDMWSFGVVL		psite
ENSP00000303830	INSR	1314	NKAPESEELEM	INSR	psite
ENSP00000303830	INSR	1332	VPLDRSSHCQR		psite
ENSP00000303830	INSR	1333	PLDRSSHCQRE		psite
ENSP00000303830	INSR	1348	RDGGSSLGFKR	INSR	psite
ENSP00000303830	INSR	1354	LGFKRSYEEHI		psite
ENSP00000303830	INSR	1362	EHIPYTHMNGG		psite
ENSP00000303830	INSR	1375	NGRILTLPRSN		psite
ENSP00000303830	INSR	1001	NPEYLSASDVF		psite
ENSP00000358997	IRAK1	66	RSGQRTASVLW		psite
ENSP00000358997	IRAK1	100	ARDIITAWHPP	AKT1	psite
ENSP00000358997	IRAK1	209	EISRGTHNFSE	IRAK1	psite
ENSP00000358997	IRAK1	375	SSPSQSSMVAR		psite
ENSP00000358997	IRAK1	376	SPSQSSMVART	IRAK4	psite
ENSP00000358997	IRAK1	387	QTVRGTLAYLP	IRAK1	psite
ENSP00000358997	IRAK1	387	QTVRGTLAYLP	IRAK4	psite
ENSP00000358997	IRAK1	556	TGRAHSGAAPW		psite
ENSP00000358997	IRAK1	568	PLAAPSGASAQ		psite
ENSP00000231368	LNPEP	51	YEPRGSRLLVR		psite
ENSP00000231368	LNPEP	80	KLLGMSFMNRS		psite
ENSP00000231368	LNPEP	91	SGLRNSATGYR		psite
ENSP00000231368	LNPEP	666	EGRNYSKYQSV		psite
ENSP00000231368	LNPEP	670	YSKYQSVSLLD		psite
ENSP00000231368	LNPEP	672	KYQSVSLLDKK		psite
ENSP00000231368	LNPEP	789	YMDLASRLVTR		psite
ENSP00000352138	KIRREL	31	EPADQTVVAGQ		psite
ENSP00000352138	KIRREL	574	KAIYSSFKDDV		psite
ENSP00000352138	KIRREL	592	CDTIDTREEYE		psite
ENSP00000352138	KIRREL	602	EMKDPTNGYYN		psite
ENSP00000352138	KIRREL	639	DGRPSSRLSHS		psite
ENSP00000352138	KIRREL	642	PSSRLSHSSGY		psite
ENSP00000352138	KIRREL	652	YAQLNTYSRGP		psite
ENSP00000352138	KIRREL	654	QLNTYSRGPAS		psite
ENSP00000352138	KIRREL	737	TATRFSYTSQH		psite
ENSP00000352138	KIRREL	740	RFSYTSQHSDY		psite
ENSP00000352138	KIRREL	743	YTSQHSDYGQR		psite
ENSP00000321537	LLGL1	510	CFDPYSDDPRL		psite
ENSP00000321537	LLGL1	655	LSRVKSLKKSL		psite
ENSP00000321537	LLGL1	659	KSLKKSLRQSF		psite
ENSP00000321537	LLGL1	663	KSLRQSFRRIR		psite
ENSP00000376333	LLGL2	26	FQFNKTVEHGF		psite
ENSP00000376333	LLGL2	645	LSRVKSLKKSL		psite
ENSP00000376333	LLGL2	649	KSLKKSLRQSF		psite
ENSP00000376333	LLGL2	653	KSLRQSFRRMR		psite
ENSP00000376333	LLGL2	961	SRARNSGTQSD		psite
ENSP00000376333	LLGL2	963	ARNSGTQSDGE		psite
ENSP00000376333	LLGL2	965	NSGTQSDGEEK		psite
ENSP00000376333	LLGL2	1015	VGCSLSNGGAE		psite
ENSP00000389184	MARK2	483	TSTNRSRNSPL		psite
ENSP00000389184	MARK2	522	SAHNISSSGGA		psite
ENSP00000389184	MARK2	539	PRGVSSRSTFH		psite
ENSP00000300843	MARK4	23	HGTLGSGRSSD		psite
ENSP00000300843	MARK4	26	LGSGRSSDKGP		psite
ENSP00000300843	MARK4	64	YRLLRTIGKGN		psite
ENSP00000300843	MARK4	214	GSKLDTFCGSP	STK11	psite
ENSP00000300843	MARK4	391	RVRAPSDTTNG		psite
ENSP00000300843	MARK4	423	RQRRHSDFCGP		psite
ENSP00000300843	MARK4	440	PKRSPTSTGEA		psite
ENSP00000300843	MARK4	441	KRSPTSTGEAE		psite
ENSP00000300843	MARK4	442	RSPTSTGEAEL		psite
ENSP00000300843	MARK4	511	MTRRNTYVCTE		psite
ENSP00000300843	MARK4	563	RLARGSTIRST		psite
ENSP00000300843	MARK4	564	LARGSTIRSTF		psite
ENSP00000300843	MARK4	568	STIRSTFHGGQ		psite
ENSP00000348273	MBP	16	NAEKASTNSET		psite
ENSP00000348273	MBP	19	KASTNSETNRG		psite
ENSP00000348273	MBP	26	TNRGESEKKRN		psite
ENSP00000348273	MBP	36	NLGELSRTTSE		psite
ENSP00000348273	MBP	39	ELSRTTSEDNE		psite
ENSP00000348273	MBP	40	LSRTTSEDNEV		psite
ENSP00000348273	MBP	96	LIRLFSRDAPG		psite
ENSP00000348273	MBP	114	DRPSESDELQT		psite
ENSP00000348273	MBP	141	SQKRPSQRHGS		psite
ENSP00000348273	MBP	146	SQRHGSKYLAT		psite
ENSP00000348273	MBP	153	YLATASTMDHA		psite
ENSP00000348273	MBP	154	LATASTMDHAR		psite
ENSP00000348273	MBP	169	PRHRDTGILDS		psite
ENSP00000348273	MBP	205	TAHYGSLPQKS		psite
ENSP00000348273	MBP	249	SLSRFSWGAEG		psite
ENSP00000348273	MBP	266	YGGRASDYKSA		psite
ENSP00000348273	MBP	283	VDAQGTLSKIF		psite
ENSP00000348273	MBP	285	AQGTLSKIFKL		psite
ENSP00000302486	MAP2K1	55	LEAFLTQKQKV	CHEK1	psite
ENSP00000302486	MAP2K1	194	RDVKPSNILVN		psite
ENSP00000302486	MAP2K1	212	CDFGVSGQLID		psite
ENSP00000302486	MAP2K1	218	GQLIDSMANSF	RAF1	psite
ENSP00000302486	MAP2K1	218	GQLIDSMANSF	ARAF	psite
ENSP00000302486	MAP2K1	218	GQLIDSMANSF	MAP3K8	psite
ENSP00000302486	MAP2K1	218	GQLIDSMANSF	BRAF	psite
ENSP00000302486	MAP2K1	222	DSMANSFVGTR	RAF1	psite
ENSP00000302486	MAP2K1	222	DSMANSFVGTR	ARAF	psite
ENSP00000302486	MAP2K1	222	DSMANSFVGTR	PDPK1	psite
ENSP00000302486	MAP2K1	222	DSMANSFVGTR	MAP3K8	psite
ENSP00000302486	MAP2K1	222	DSMANSFVGTR	BRAF	psite
ENSP00000302486	MAP2K1	226	NSFVGTRSYMS		psite
ENSP00000302486	MAP2K1	298	PGRPLSSYGMD	PAK1	psite
ENSP00000302486	MAP2K1	385	GLNQPSTPTHA		psite
ENSP00000302486	MAP2K1	388	QPSTPTHAAGV		psite
ENSP00000178640	MAP2K5	129	TRAGPSQHSSP	MAPK7	psite
ENSP00000178640	MAP2K5	137	SSPAVSDSLPS	MAPK7	psite
ENSP00000178640	MAP2K5	142	SDSLPSNSLKK	MAPK7	psite
ENSP00000178640	MAP2K5	149	SLKKSSAELKK	MAPK7	psite
ENSP00000178640	MAP2K5	311	TQLVNSIAKTY		psite
ENSP00000178640	MAP2K5	315	NSIAKTYVGTN		psite
ENSP00000226574	NFKB1	20	FHLDPSLTHTI	PRKDC	psite
ENSP00000226574	NFKB1	329	ITKPASVFVQL	CHEK1	psite
ENSP00000226574	NFKB1	338	QLRRKSDLETS	PRKACA	psite
ENSP00000226574	NFKB1	450	EGCDKSDDKNT		psite
ENSP00000226574	NFKB1	900	PVKTTSQAHSL		psite
ENSP00000226574	NFKB1	904	TSQAHSLPLSP		psite
ENSP00000226574	NFKB1	911	PLSPASTRQQI		psite
ENSP00000226574	NFKB1	924	LRDSDSVCDSG	CHUK	psite
ENSP00000226574	NFKB1	924	LRDSDSVCDSG	IKBKB	psite
ENSP00000226574	NFKB1	928	DSVCDSGVETS	CHUK	psite
ENSP00000226574	NFKB1	928	DSVCDSGVETS	IKBKB	psite
ENSP00000226574	NFKB1	933	SGVETSFRKLS	CHUK	psite
ENSP00000226574	NFKB1	933	SGVETSFRKLS	IKBKB	psite
ENSP00000226574	NFKB1	938	SFRKLSFTESL		psite
ENSP00000226574	NFKB1	940	RKLSFTESLTS		psite
ENSP00000226574	NFKB1	942	LSFTESLTSGA		psite
ENSP00000384273	RELA	45	GRSAGSIPGER		psite
ENSP00000384273	RELA	205	NRNSGSCLGGD		psite
ENSP00000384273	RELA	276	QLRRPSDRELS	PRKACA	psite
ENSP00000384273	RELA	276	QLRRPSDRELS	RPS6KA4	psite
ENSP00000384273	RELA	276	QLRRPSDRELS	PIM1	psite
ENSP00000384273	RELA	276	QLRRPSDRELS	RPS6KA5	psite
ENSP00000384273	RELA	281	SDRELSEPMEF		psite
ENSP00000384273	RELA	311	YETFKSIMKKS	PRKCZ	psite
ENSP00000384273	RELA	435	QAGEGTLSEAL		psite
ENSP00000384273	RELA	468	FTDLASVDNSE	GSK3B	psite
ENSP00000384273	RELA	468	FTDLASVDNSE	IKBKE	psite
ENSP00000384273	RELA	468	FTDLASVDNSE	IKBKB	psite
ENSP00000384273	RELA	505	ITRLVTGAQRP		psite
ENSP00000384273	RELA	529	PNGLLSGDEDF	CSNK2A1	psite
ENSP00000384273	RELA	536	DEDFSSIADMD	CAMK4	psite
ENSP00000384273	RELA	536	DEDFSSIADMD	TBK1	psite
ENSP00000384273	RELA	536	DEDFSSIADMD	IKBKE	psite
ENSP00000384273	RELA	536	DEDFSSIADMD	CHUK	psite
ENSP00000384273	RELA	536	DEDFSSIADMD	IKBKB	psite
ENSP00000172229	NGFR	277	FKRWNSCKQNK	PRKCG	psite
ENSP00000172229	NGFR	303	GEKLHSDSGIS	PRKACB	psite
ENSP00000172229	NGFR	313	SVDSQSLHDQQ		psite
ENSP00000216121	NIPSNAP1	89	LDAYNSLTEAV		psite
ENSP00000368190	NPHS1	432	ETFKKSLILNV		psite
ENSP00000368190	NPHS1	1120	EESQWTGERDT	PRKCA	psite
ENSP00000368190	NPHS1	1125	TGERDTQSSTV	PRKCA	psite
ENSP00000347169	NUMB	20	YVPEASRPHQW		psite
ENSP00000347169	NUMB	91	AVLWVSADGLR		psite
ENSP00000347169	NUMB	102	VVDEKTKDLIV	AAK1	psite
ENSP00000347169	NUMB	194	FTREGSFRVTT		psite
ENSP00000347169	NUMB	240	TAPSPSSPTSP		psite
ENSP00000347169	NUMB	243	SPSSPTSPTSD		psite
ENSP00000347169	NUMB	246	SPTSPTSDATT		psite
ENSP00000347169	NUMB	276	LARQGSFRGFP		psite
ENSP00000347169	NUMB	284	GFPALSQKMSP		psite
ENSP00000347169	NUMB	295	FKRQLSLRINE		psite
ENSP00000347169	NUMB	438	HRRTPSEADRW		psite
ENSP00000347169	NUMB	561	LVRQQTFPHYE		psite
ENSP00000252891	NUMBL	48	NKLRQSLRRRK		psite
ENSP00000252891	NUMBL	224	FAREGSFRLSG		psite
ENSP00000252891	NUMBL	228	GSFRLSGGGRP		psite
ENSP00000252891	NUMBL	268	SPTPATTSPGE		psite
ENSP00000252891	NUMBL	305	LVRQGSFRGFP		psite
ENSP00000252891	NUMBL	313	GFPALSQKNSP		psite
ENSP00000252891	NUMBL	324	FKRQLSLRLNE		psite
ENSP00000252891	NUMBL	411	HKRTPSEAERW		psite
ENSP00000363921	PARD3	25	HMKVFSLIQQA		psite
ENSP00000363921	PARD3	32	IQQAVTRYRKA		psite
ENSP00000363921	PARD3	143	LHVRRSSDPAL		psite
ENSP00000363921	PARD3	144	HVRRSSDPALI	MARK2	psite
ENSP00000363921	PARD3	156	LSTSVSDSNFS		psite
ENSP00000363921	PARD3	174	NPTRWSTTAGF		psite
ENSP00000363921	PARD3	175	PTRWSTTAGFL		psite
ENSP00000363921	PARD3	176	TRWSTTAGFLK		psite
ENSP00000363921	PARD3	201	DENYRSLPRDT		psite
ENSP00000363921	PARD3	220	RDNARSSLSAS		psite
ENSP00000363921	PARD3	221	DNARSSLSASH		psite
ENSP00000363921	PARD3	370	QYEQLSQSEKN		psite
ENSP00000363921	PARD3	379	KNNYYSSRFSP		psite
ENSP00000363921	PARD3	380	NNYYSSRFSPD		psite
ENSP00000363921	PARD3	386	RFSPDSQYIDN		psite
ENSP00000363921	PARD3	481	TSRDVTIGGSA		psite
ENSP00000363921	PARD3	485	VTIGGSAPIYV		psite
ENSP00000363921	PARD3	533	VSLLRSTKMEG		psite
ENSP00000363921	PARD3	534	SLLRSTKMEGT		psite
ENSP00000363921	PARD3	665	ETLRRSMSTEG		psite
ENSP00000363921	PARD3	667	LRRSMSTEGNK		psite
ENSP00000363921	PARD3	668	RRSMSTEGNKR		psite
ENSP00000363921	PARD3	715	RERRISHSLYS		psite
ENSP00000363921	PARD3	717	RRISHSLYSGI		psite
ENSP00000363921	PARD3	720	SHSLYSGIEGL		psite
ENSP00000363921	PARD3	730	LDESPSRNAAL		psite
ENSP00000363921	PARD3	807	DSADCSLSPDV		psite
ENSP00000363921	PARD3	827	GFGRQSMSEKR		psite
ENSP00000363921	PARD3	837	RTKQFSDASQL		psite
ENSP00000363921	PARD3	850	VKTRKSKSMDL		psite
ENSP00000363921	PARD3	852	TRKSKSMDLGI		psite
ENSP00000363921	PARD3	875	KAGSPSRDVGP		psite
ENSP00000363921	PARD3	887	LGLKKSSSLES		psite
ENSP00000363921	PARD3	889	LKKSSSLESLQ		psite
ENSP00000363921	PARD3	892	SSSLESLQTAV		psite
ENSP00000363921	PARD3	924	RGCNESFRAAI		psite
ENSP00000363921	PARD3	947	DEGMETLEEDT		psite
ENSP00000363921	PARD3	958	EESSRSGRESV		psite
ENSP00000363921	PARD3	962	RSGRESVSTAS	AURKA	psite
ENSP00000363921	PARD3	962	RSGRESVSTAS	AURKB	psite
ENSP00000363921	PARD3	971	ASDQPSHSLER		psite
ENSP00000363921	PARD3	973	DQPSHSLERQM		psite
ENSP00000363921	PARD3	1046	IKIQESFTSEE		psite
ENSP00000363921	PARD3	1146	VDSNRSTPSNH		psite
ENSP00000363921	PARD3	1178	RRRTYSFEQPW		psite
ENSP00000363921	PARD3	1222	AQRQYSSLPRQ		psite
ENSP00000219255	PARD6A	278	PAEPDSDDDSS		psite
ENSP00000360672	PARD6B	11	RHGAGSGCLGT		psite
ENSP00000360672	PARD6B	177	YIRDGSSVRVT		psite
ENSP00000343144	PARD6G	295	PDEAESDEDND		psite
ENSP00000344220	PDPK1	22	SVVLCSCPSPS		psite
ENSP00000344220	PDPK1	148	VKLYFTFQDDE		psite
ENSP00000344220	PDPK1	160	LYFGLSYAKNG		psite
ENSP00000344220	PDPK1	176	IRKIGSFDETC		psite
ENSP00000344220	PDPK1	241	QARANSFVGTA	PDPK1	psite
ENSP00000344220	PDPK1	245	NSFVGTAQYVS		psite
ENSP00000344220	PDPK1	255	SPELLTEKSAC		psite
ENSP00000344220	PDPK1	366	YLPAMSEDDED		psite
ENSP00000344220	PDPK1	393	VSSSSSSHSLS	PDPK1	psite
ENSP00000344220	PDPK1	394	SSSSSSHSLSA	MAP3K5	psite
ENSP00000344220	PDPK1	396	SSSSHSLSASD	PDPK1	psite
ENSP00000344220	PDPK1	398	SSHSLSASDTG	MAP3K5	psite
ENSP00000344220	PDPK1	410	PQRSGSNIEQY	PDPK1	psite
ENSP00000344220	PDPK1	501	GEIPWSQELRP		psite
ENSP00000344220	PDPK1	513	AKNFKTFFVHT	PDPK1	psite
ENSP00000263967	PIK3CA	312	YSRRISTATPY		psite
ENSP00000263967	PIK3CA	313	SRRISTATPYM		psite
ENSP00000263967	PIK3CA	507	REAGFSYSHAG		psite
ENSP00000263967	PIK3CA	509	AGFSYSHAGLS		psite
ENSP00000289153	PIK3CB	423	KTINPSKYQTI		psite
ENSP00000289153	PIK3CB	427	PSKYQTIRKAG		psite
ENSP00000289153	PIK3CB	961	VPFILTYDFIH		psite
ENSP00000366563	PIK3CD	406	AKKARSTKKKS		psite
ENSP00000366563	PIK3CD	520	LERRGSGELYE		psite
ENSP00000366563	PIK3CD	935	VPFILTYDFVH		psite
ENSP00000366563	PIK3CD	1039	LAHNVSKDNRQ	PIK3CD	psite
ENSP00000352121	PIK3CG	228	VIHRSTTSQTI		psite
ENSP00000352121	PIK3CG	582	HFRYESLKHPK		psite
ENSP00000352121	PIK3CG	607	EIVAKTYQLLA		psite
ENSP00000352121	PIK3CG	746	MLQKVTLDIKS		psite
ENSP00000352121	PIK3CG	1024	ALRHHTNLLII		psite
ENSP00000274335	PIK3R1	154	LYRTQSSSNLA		psite
ENSP00000274335	PIK3R1	265	NARVLSEIFSP		psite
ENSP00000274335	PIK3R1	279	RFSAASSDNTE		psite
ENSP00000274335	PIK3R1	454	LHEYNTQFQEK		psite
ENSP00000274335	PIK3R1	471	LYEEYTRTSQE		psite
ENSP00000274335	PIK3R1	490	EAFNETIKIFE		psite
ENSP00000274335	PIK3R1	576	IQLRKTRDQYL		psite
ENSP00000274335	PIK3R1	603	LGNENTEDQYS		psite
ENSP00000274335	PIK3R1	608	TEDQYSLVEDD	CSNK2A1	psite
ENSP00000274335	PIK3R1	608	TEDQYSLVEDD	PIK3CA	psite
ENSP00000222254	PIK3R2	457	QYQDKSREYDQ		psite
ENSP00000222254	PIK3R2	468	LYEEYTRTSQE		psite
ENSP00000222254	PIK3R2	487	EAFNETIKIFE		psite
ENSP00000222254	PIK3R2	601	GIKNETEDQYA		psite
ENSP00000262741	PIK3R3	186	LQEYHSQYQEK		psite
ENSP00000262741	PIK3R3	203	LYEEYTRTSQE		psite
ENSP00000262741	PIK3R3	222	EAFNETIKIFE		psite
ENSP00000367830	PRKCZ	223	SRKHDSIKDDS		psite
ENSP00000367830	PRKCZ	409	PGDTTSTFCGT		psite
ENSP00000367830	PRKCZ	410	GDTTSTFCGTP	PDPK1	psite
ENSP00000350132	PLN	16	AIRRASTIEMP	PRKACA	psite
ENSP00000350132	PLN	17	IRRASTIEMPQ	CAMK2A	psite
ENSP00000257905	PPP1R1A	75	QRKKMTRITPT	PRKACA	psite
ENSP00000257905	PPP1R1A	75	QRKKMTRITPT	PRKCA	psite
ENSP00000324804	PPP2R1A	9	ADGDDSLYPIA		psite
ENSP00000324804	PPP2R1A	335	IKELVSDANQH		psite
ENSP00000311344	PPP2R1B	212	VLELDSVKSEI		psite
ENSP00000370113	PPP2R2A	378	TKRDITLEASR		psite
ENSP00000336591	PPP2R2B	20	PNTILSSSCHT		psite
ENSP00000336591	PPP2R2B	21	NTILSSSCHTE		psite
ENSP00000336591	PPP2R2B	22	TILSSSCHTEA		psite
ENSP00000335083	PPP2R2C	405	RRDDISVDSLD		psite
ENSP00000335083	PPP2R2C	408	DISVDSLDFTK		psite
ENSP00000349748	SFPQ	8	RDRFRSRGGGG	MKNK2	psite
ENSP00000349748	SFPQ	8	RDRFRSRGGGG	MKNK1	psite
ENSP00000349748	SFPQ	225	GGPGLSTPGGH		psite
ENSP00000349748	SFPQ	273	SEEKISDSEGF		psite
ENSP00000349748	SFPQ	283	FKANLSLLRRP	MKNK2	psite
ENSP00000349748	SFPQ	283	FKANLSLLRRP	MKNK1	psite
ENSP00000349748	SFPQ	368	RVRFATHAAAL		psite
ENSP00000349748	SFPQ	374	HAAALSVRNLS		psite
ENSP00000349748	SFPQ	496	SQRWKSLDEME		psite
ENSP00000349748	SFPQ	521	KDKLESEMEDA		psite
ENSP00000349748	SFPQ	626	GDPYGSGGQKF		psite
ENSP00000262646	RAB2A	15	IIIGDTGVGKS		psite
ENSP00000262646	RAB2A	70	QESFRSITRSY		psite
ENSP00000262646	RAB2A	108	DARQHSNSNMV		psite
ENSP00000355651	RAB4A	24	IGNAGTGKSCL		psite
ENSP00000355651	RAB4A	190	PERMGSGIQYG		psite
ENSP00000348461	RAC1	180	ECSALTQRGLK		psite
ENSP00000348461	RAC1	186	QRGLKTVFDEA		psite
ENSP00000348461	RAC1	71	RLRPLSYPQTV	AKT1	psite
ENSP00000264431	RAPGEF2	387	KRRLMTLTKPS		psite
ENSP00000264431	RAPGEF2	585	GTLSSSNPDLL		psite
ENSP00000264431	RAPGEF2	592	PDLLQSHHRIL		psite
ENSP00000264431	RAPGEF2	682	DRIQLSGRYYL		psite
ENSP00000264431	RAPGEF2	930	KKKWRSLGSLS		psite
ENSP00000264431	RAPGEF2	935	SLGSLSQGSTN		psite
ENSP00000264431	RAPGEF2	960	RVRRSSFLNAK	PRKCQ	psite
ENSP00000264431	RAPGEF2	1089	LKKILSLSEEG		psite
ENSP00000264431	RAPGEF2	1095	LSEEGSLERHK		psite
ENSP00000264431	RAPGEF2	1119	LSSPPTSPQSS		psite
ENSP00000264431	RAPGEF2	1156	RSSIVSNSSFD		psite
ENSP00000264431	RAPGEF2	1159	IVSNSSFDSVP		psite
ENSP00000264431	RAPGEF2	1176	RRQRHSVSIVE		psite
ENSP00000264431	RAPGEF2	1244	LDAADSGRGSW		psite
ENSP00000264431	RAPGEF2	1248	DSGRGSWTSCS		psite
ENSP00000264431	RAPGEF2	1254	WTSCSSGSHDN		psite
ENSP00000264431	RAPGEF2	1341	DSEGDTGTIKR		psite
ENSP00000264431	RAPGEF2	1343	EGDTGTIKRRG		psite
ENSP00000264431	RAPGEF2	644	REFAVTATPDQ		psite
ENSP00000264431	RAPGEF2	806	CKNFNSMFAII		psite
ENSP00000264431	RAPGEF2	933	WRSLGSLSQGS		psite
ENSP00000262803	UPF1	28	LLGADTQGSEF		psite
ENSP00000262803	UPF1	464	LPKRFTAQGLP		psite
ENSP00000262803	UPF1	945	AIIPGSVYDRS		psite
ENSP00000262803	UPF1	1073	SQPGLSQPELS	SMG1	psite
ENSP00000262803	UPF1	1078	SQPELSQDSYL	SMG1	psite
ENSP00000262803	UPF1	1096	IDVALSQDSTY	SMG1	psite
ENSP00000262803	UPF1	1099	ALSQDSTYQGE		psite
ENSP00000262803	UPF1	1100	LSQDSTYQGER		psite
ENSP00000259808	RIPK1	14	VIKMKSSDFLE	RIPK1	psite
ENSP00000259808	RIPK1	15	IKMKSSDFLES	RIPK1	psite
ENSP00000259808	RIPK1	20	SDFLESAELDS	RIPK1	psite
ENSP00000259808	RIPK1	25	SAELDSGGFGK		psite
ENSP00000259808	RIPK1	38	LCFHRTQGLMI		psite
ENSP00000259808	RIPK1	161	DLGLASFKMWS	RIPK1	psite
ENSP00000259808	RIPK1	166	SFKMWSKLNNE	RIPK1	psite
ENSP00000259808	RIPK1	303	EEDVKSLKKEY		psite
ENSP00000259808	RIPK1	320	VKRMQSLQLDC		psite
ENSP00000259808	RIPK1	330	CVAVPSSRSNS		psite
ENSP00000259808	RIPK1	331	VAVPSSRSNSA		psite
ENSP00000259808	RIPK1	333	VPSSRSNSATE		psite
ENSP00000259808	RIPK1	389	YHLYGSRMDRQ		psite
ENSP00000259808	RIPK1	416	RRRRVSHDPFA		psite
ENSP00000259808	RIPK1	471	NGLYSSHGFGT		psite
ENSP00000220751	RIPK2	168	ADFGLSKWRMM		psite
ENSP00000220751	RIPK2	174	KWRMMSLSQSR		psite
ENSP00000220751	RIPK2	176	RMMSLSQSRSS	RIPK2	psite
ENSP00000220751	RIPK2	178	MSLSQSRSSKS		psite
ENSP00000220751	RIPK2	181	SQSRSSKSAPE		psite
ENSP00000220751	RIPK2	345	GPQEESCGSSQ		psite
ENSP00000220751	RIPK2	363	PETSRSLPAPQ		psite
ENSP00000220751	RIPK2	393	CPGNHSWDSTI		psite
ENSP00000220751	RIPK2	527	EILVVSRSPSL		psite
ENSP00000220751	RIPK2	531	VSRSPSLNLLQ		psite
ENSP00000402515	SMG1	19	GGGGGTKYPRS		psite
ENSP00000402515	SMG1	32	DWQPRTDSASA		psite
ENSP00000402515	SMG1	140	KSQERSMSYSD		psite
ENSP00000402515	SMG1	147	SYSDESRLSNL		psite
ENSP00000402515	SMG1	256	LYLCATYKALE		psite
ENSP00000402515	SMG1	262	YKALETVGEKK		psite
ENSP00000402515	SMG1	1897	EELLVSECEGG		psite
ENSP00000402515	SMG1	1907	GSPPASQDSNK		psite
ENSP00000402515	SMG1	1910	PASQDSNKDEP		psite
ENSP00000402515	SMG1	2087	AQKRASYILRL		psite
ENSP00000402515	SMG1	2776	ALCTLTRRNLM		psite
ENSP00000402515	SMG1	3546	AVRSNTGQKTQ		psite
ENSP00000402515	SMG1	3550	NTGQKTQPDVM		psite
ENSP00000402515	SMG1	3556	QPDVMSQNARK		psite
ENSP00000402515	SMG1	3569	QKNLATSADTP		psite
ENSP00000402515	SMG1	3570	KNLATSADTPP		psite
ENSP00000402515	SMG1	3576	ADTPPSTVPGT		psite
ENSP00000402515	SMG1	3577	DTPPSTVPGTG		psite
ENSP00000300917	SMG8	115	AAAGGSVRGSG		psite
ENSP00000300917	SMG8	586	HSLPKSGEKPE		psite
ENSP00000300917	SMG8	667	PAKNESSPAPP		psite
ENSP00000300917	SMG8	742	VDRQASTVEYL		psite
ENSP00000300917	SMG8	743	DRQASTVEYLP		psite
ENSP00000300917	SMG8	895	YILSSSQGRGL		psite
ENSP00000270066	SMG9	32	GPQNLSGPGGR		psite
ENSP00000270066	SMG9	53	ERRDASEETST		psite
ENSP00000270066	SMG9	114	GPVAVTGASTP		psite
ENSP00000270066	SMG9	117	AVTGASTPEGT		psite
ENSP00000270066	SMG9	122	STPEGTAPPPP		psite
ENSP00000374455	SQSTM1	24	EIRRFSFCCSP		psite
ENSP00000374455	SQSTM1	49	CERLLSRVAAL		psite
ENSP00000374455	SQSTM1	182	EGFSHSRWLRK		psite
ENSP00000374455	SQSTM1	226	TAESASGPSED		psite
ENSP00000374455	SQSTM1	266	HGGKRSRLTPV		psite
ENSP00000374455	SQSTM1	275	PVSPESSSTEE		psite
ENSP00000374455	SQSTM1	276	VSPESSSTEEK		psite
ENSP00000374455	SQSTM1	277	SPESSSTEEKS		psite
ENSP00000374455	SQSTM1	278	PESSSTEEKSS		psite
ENSP00000374455	SQSTM1	282	STEEKSSSQPS		psite
ENSP00000374455	SQSTM1	284	EEKSSSQPSSC		psite
ENSP00000374455	SQSTM1	288	SSQPSSCCSDP		psite
ENSP00000374455	SQSTM1	291	PSSCCSDPSKP		psite
ENSP00000374455	SQSTM1	328	EEQMESDNCSG		psite
ENSP00000374455	SQSTM1	332	ESDNCSGGDDD		psite
ENSP00000374455	SQSTM1	339	GDDDWTHLSSK		psite
ENSP00000374455	SQSTM1	342	DWTHLSSKEVD		psite
ENSP00000374455	SQSTM1	343	WTHLSSKEVDP		psite
ENSP00000374455	SQSTM1	349	KEVDPSTGELQ		psite
ENSP00000374455	SQSTM1	355	TGELQSLQMPE		psite
ENSP00000374455	SQSTM1	361	LQMPESEGPSS		psite
ENSP00000374455	SQSTM1	365	ESEGPSSLDPS		psite
ENSP00000374455	SQSTM1	366	SEGPSSLDPSQ		psite
ENSP00000374455	SQSTM1	370	SSLDPSQEGPT		psite
ENSP00000374455	SQSTM1	375	SQEGPTGLKEA		psite
ENSP00000374455	SQSTM1	403	LSQMLSMGFSD	TBK1	psite
ENSP00000350941	SRC	12	KPKDASQRRRS	PRKCD	psite
ENSP00000350941	SRC	17	SQRRRSLEPAE	PRKACA	psite
ENSP00000350941	SRC	35	GAFPASQTPSK		psite
ENSP00000350941	SRC	51	GHRGPSAAFAP		psite
ENSP00000350941	SRC	69	FGGFNSSDTVT		psite
ENSP00000350941	SRC	70	GGFNSSDTVTS		psite
ENSP00000350941	SRC	72	FNSSDTVTSPQ		psite
ENSP00000350941	SRC	74	SSDTVTSPQRA		psite
ENSP00000350941	SRC	97	LYDYESRTETD		psite
ENSP00000350941	SRC	104	TETDLSFKKGE		psite
ENSP00000350941	SRC	182	VRESETTKGAY		psite
ENSP00000350941	SRC	183	RESETTKGAYC		psite
ENSP00000350941	SRC	269	EIPRESLRLEV		psite
ENSP00000350941	SRC	304	TLKPGTMSPEA		psite
ENSP00000350941	SRC	420	EDNEYTARQGA		psite
ENSP00000350941	SRC	526	DYFTSTEPQYQ		psite
ENSP00000348069	SREBF1	368	KRYRSSINDKI	PRKACA	psite
ENSP00000348069	SREBF1	426	VHKSKSLKDLV		psite
ENSP00000348069	SREBF1	460	LTPPPSDAGSP	GSK3B	psite
ENSP00000348069	SREBF1	1090	QLLDRSLRRRA		psite
ENSP00000321826	STXBP5	668	LLNLGTIELYG		psite
ENSP00000321826	STXBP5	692	KSRQPSGAGLC		psite
ENSP00000321826	STXBP5	759	MSRKLSLPTDL		psite
ENSP00000321826	STXBP5	762	KLSLPTDLKPD		psite
ENSP00000321826	STXBP5	774	DVKDNSFSRSR		psite
ENSP00000321826	STXBP5	776	KDNSFSRSRSS		psite
ENSP00000321826	STXBP5	778	NSFSRSRSSSV		psite
ENSP00000321826	STXBP5	780	FSRSRSSSVTS		psite
ENSP00000321826	STXBP5	781	SRSRSSSVTSI		psite
ENSP00000321826	STXBP5	782	RSRSSSVTSID		psite
ENSP00000321826	STXBP5	784	RSSSVTSIDKE		psite
ENSP00000321826	STXBP5	785	SSSVTSIDKES		psite
ENSP00000321826	STXBP5	1131	LSSAESFSKHA		psite
ENSP00000162749	TNFRSF1A	381	RRLGLSDHEID		psite
ENSP00000162749	TNFRSF1A	417	PRREATLELLG		psite
ENSP00000341268	TRADD	215	VNRPLSLKDQQ		psite
ENSP00000341268	TRADD	296	ENELTSLAEDL		psite
ENSP00000320493	TRIP10	288	EFEDFSQPMNR		psite
ENSP00000320493	TRIP10	296	MNRAPSDSSLG		psite
ENSP00000320493	TRIP10	298	RAPSDSSLGTP		psite
ENSP00000320493	TRIP10	299	APSDSSLGTPS		psite
ENSP00000320493	TRIP10	304	SLGTPSDGRPE		psite
ENSP00000320493	TRIP10	426	SNRGDSLSRHA		psite
ENSP00000344818	UBC	83	QIFVKTLTGKT		psite
ENSP00000344818	UBC	12	TLTGKTITLEV		psite
ENSP00000344818	UBC	14	TGKTITLEVEP		psite
ENSP00000344818	UBC	57	DGRTLSDYNIQ		psite
ENSP00000344818	UBC	65	NIQKESTLHLV		psite
ENSP00000344818	UBC	66	IQKESTLHLVL		psite
ENSP00000348708	UPF2	597	CMNMNTKANRK		psite
ENSP00000348708	UPF2	1088	NKENETDEENT		psite
ENSP00000348708	UPF2	1244	PAPANTNRERR		psite
ENSP00000364448	UPF3A	68	KRTALSKVVIR		psite
ENSP00000364448	UPF3A	329	RPMEGSLEEPQ		psite
ENSP00000364448	UPF3A	336	EEPQETSHSGS		psite
ENSP00000364448	UPF3A	339	QETSHSGSDKE		psite
ENSP00000364448	UPF3A	341	TSHSGSDKEHR		psite
ENSP00000334808	USP16	199	TVKGLSNLGNT		psite
ENSP00000334808	USP16	330	KAFGNSTEKLD		psite
ENSP00000334808	USP16	415	DEDQDSEEEKD		psite
ENSP00000334808	USP16	531	TDNQKSTEEVD		psite
ENSP00000334808	USP16	550	DLEVLTSSPTR		psite
ENSP00000334808	USP16	551	LEVLTSSPTRN		psite
ENSP00000334808	USP16	554	LTSSPTRNLNG		psite
ENSP00000313811	USP20	103	APLLGSSSKFS		psite
ENSP00000313811	USP20	132	ADEGESESEDD		psite
ENSP00000313811	USP20	134	EGESESEDDDL		psite
ENSP00000313811	USP20	265	ARDSDSSDTDE		psite
ENSP00000313811	USP20	305	RGGGSSQAETE		psite
ENSP00000313811	USP20	333	KDRKFSWGQQR		psite
ENSP00000313811	USP20	339	WGQQRTNSEQV		psite
ENSP00000313811	USP20	341	QQRTNSEQVDE		psite
ENSP00000313811	USP20	371	PPSPRSSSPCR		psite
ENSP00000313811	USP20	372	PSPRSSSPCRT		psite
ENSP00000313811	USP20	406	GHAKLSSSPPR		psite
ENSP00000313811	USP20	407	HAKLSSSPPRA		psite
ENSP00000289865	USP21	111	TNLARSKSVSS		psite
ENSP00000314214	VAMP2	61	RDQKLSELDDR		psite
ENSP00000314214	VAMP2	75	LQAGASQFETS		psite
ENSP00000314214	VAMP2	80	SQFETSAAKLK		psite
ENSP00000256474	VHL	33	DGGEESGAEES	CSNK2A1	psite
ENSP00000256474	VHL	38	SGAEESGPEES	CSNK2A1	psite
ENSP00000256474	VHL	43	SGPEESGPEEL	CSNK2A1	psite
ENSP00000256474	VHL	68	LRSVNSREPSQ	GSK3B	psite
ENSP00000256474	VHL	72	NSREPSQVIFC	CSNK1A1	psite
ENSP00000256474	VHL	100	PQPYPTLPPGT		psite
ENSP00000256474	VHL	105	TLPPGTGRRIH		psite
ENSP00000256474	VHL	111	GRRIHSYRGHL	CHEK2	psite
ENSP00000256474	VHL	168	LQVVRSLVKPE		psite
ENSP00000256474	VHL	183	LDIVRSLYEDL		psite
ENSP00000256474	VHL	202	DLERLTQERIA		psite
ENSP00000359424	CHUK	23	RERLGTGGFGN		pelm
ENSP00000344220	PDPK1	513	AKNFKTFFVHT	PDK1	pelm
ENSP00000344220	PDPK1	241	QARANSFVGTA		pelm
ENSP00000344220	PDPK1	241	QARANSFVGTA	PDK1	pelm
ENSP00000344220	PDPK1	245	NSFVGTAQYVS		pelm
ENSP00000344220	PDPK1	393	VSSSSSSHSLS	PDK1	pelm
ENSP00000344220	PDPK1	396	SSSSHSLSASD	PDK1	pelm
ENSP00000344220	PDPK1	410	PQRSGSNIEQY	PDK1	pelm
ENSP00000309845	HRAS	35	DEYDPTIEDSY		pelm
ENSP00000348273	MBP	96	LIRLFSRDAPG		pelm
ENSP00000257497	ANXA1	216	ERRKGTDVNVF		pelm
ENSP00000257497	ANXA1	24	QEYVQTVKSSK		pelm
ENSP00000257497	ANXA1	27	VQTVKSSKGGP		pelm
ENSP00000257497	ANXA1	27	VQTVKSSKGGP	PRKCA	pelm
ENSP00000257497	ANXA1	28	QTVKSSKGGPG		pelm
ENSP00000303830	INSR	1348	RDGGSSLGFKR		pelm
ENSP00000303830	INSR	1064	VNESASLRERI	PRKCA	pelm
ENSP00000303830	INSR	1354	LGFKRSYEEHI		pelm
ENSP00000303830	INSR	1062	KTVNESASLRE	PRKCA	pelm
ENSP00000303830	INSR	407	ALVSLSFFRKL		pelm
ENSP00000303830	INSR	1332	VPLDRSSHCQR		pelm
ENSP00000303830	INSR	400	LKIRRSYALVS		pelm
ENSP00000303830	INSR	1333	PLDRSSHCQRE		pelm
ENSP00000303830	INSR	1375	NGRILTLPRSN		pelm
ENSP00000303830	INSR	1375	NGRILTLPRSN	PRKCA	pelm
ENSP00000335153	HSP90AA1	385	IEDVGSDEEEE		pelm
ENSP00000335153	HSP90AA1	385	IEDVGSDEEEE	CSNK2A1	pelm
ENSP00000335153	HSP90AA1	848	GDDDTSRMEEV		pelm
ENSP00000335153	HSP90AA1	847	EGDDDTSRMEE		pelm
ENSP00000335153	HSP90AA1	353	RDKEVSDDEAE		pelm
ENSP00000335153	HSP90AA1	374	KEEKESEDKPE		pelm
ENSP00000172229	NGFR	303	GEKLHSDSGIS		pelm
ENSP00000350941	SRC	69	FGGFNSSDTVT		pelm
ENSP00000350941	SRC	97	LYDYESRTETD		pelm
ENSP00000350941	SRC	74	SSDTVTSPQRA		pelm
ENSP00000350941	SRC	12	KPKDASQRRRS		pelm
ENSP00000350941	SRC	17	SQRRRSLEPAE		pelm
ENSP00000226574	NFKB1	338	QLRRKSDLETS		pelm
ENSP00000226574	NFKB1	904	TSQAHSLPLSP		pelm
ENSP00000226574	NFKB1	904	TSQAHSLPLSP	GSK3B	pelm
ENSP00000226574	NFKB1	940	RKLSFTESLTS		pelm
ENSP00000226574	NFKB1	942	LSFTESLTSGA		pelm
ENSP00000226574	NFKB1	924	LRDSDSVCDSG		pelm
ENSP00000226574	NFKB1	924	LRDSDSVCDSG	IKBKB	pelm
ENSP00000226574	NFKB1	924	LRDSDSVCDSG	CHUK	pelm
ENSP00000226574	NFKB1	928	DSVCDSGVETS		pelm
ENSP00000226574	NFKB1	928	DSVCDSGVETS	IKBKB	pelm
ENSP00000226574	NFKB1	928	DSVCDSGVETS	CHUK	pelm
ENSP00000216797	NFKBIA	288	SEDEESYDTES	CSNK2A1	pelm
ENSP00000216797	NFKBIA	32	DDRHDSGLDSM		pelm
ENSP00000216797	NFKBIA	291	EESYDTESEFT		pelm
ENSP00000216797	NFKBIA	291	EESYDTESEFT	CSNK2A1	pelm
ENSP00000216797	NFKBIA	36	DSGLDSMKDEE		pelm
ENSP00000216797	NFKBIA	293	SYDTESEFTEF	CSNK2A1	pelm
ENSP00000216797	NFKBIA	283	QMLPESEDEES		pelm
ENSP00000216797	NFKBIA	283	QMLPESEDEES	CSNK2A1	pelm
ENSP00000274335	PIK3R1	623	HHDEKTWNVGS		pelm
ENSP00000274335	PIK3R1	608	TEDQYSLVEDD		pelm
ENSP00000274335	PIK3R1	608	TEDQYSLVEDD	PIK3CA	pelm
ENSP00000309503	YWHAZ	232	LWTSDTQGDEA		pelm
ENSP00000309503	YWHAZ	232	LWTSDTQGDEA	CSNK1A1	pelm
ENSP00000309503	YWHAZ	58	GARRSSWRVVS		pelm
ENSP00000304669	CTNNA1	641	EELDDSDFETE		pelm
ENSP00000304669	CTNNA1	654	DVRSRTSVQTE		pelm
ENSP00000304669	CTNNA1	652	DFDVRSRTSVQ		pelm
ENSP00000304669	CTNNA1	655	VRSRTSVQTED		pelm
ENSP00000304669	CTNNA1	658	RTSVQTEDDQL		pelm
ENSP00000344456	CTNNB1	33	QSYLDSGIHSG		pelm
ENSP00000344456	CTNNB1	393	LSDAATKQEGM		pelm
ENSP00000344456	CTNNB1	675	YKKRLSVELTS		pelm
ENSP00000344456	CTNNB1	552	TQRRTSMGGTQ		pelm
ENSP00000344456	CTNNB1	37	DSGIHSGATTT		pelm
ENSP00000344456	CTNNB1	551	DTQRRTSMGGT		pelm
ENSP00000344456	CTNNB1	102	AMFPETLDEGM		pelm
ENSP00000344456	CTNNB1	556	TSMGGTQQQFV		pelm
ENSP00000344456	CTNNB1	45	TTTAPSLSGKG		pelm
ENSP00000344456	CTNNB1	112	MQIPSTQFDAA		pelm
ENSP00000344456	CTNNB1	41	HSGATTTAPSL		pelm
ENSP00000347169	NUMB	295	FKRQLSLRINE		pelm
ENSP00000347169	NUMB	102	VVDEKTKDLIV	AAK1	pelm
ENSP00000347169	NUMB	240	TAPSPSSPTSP		pelm
ENSP00000347169	NUMB	276	LARQGSFRGFP		pelm
ENSP00000347169	NUMB	438	HRRTPSEADRW		pelm
ENSP00000302486	MAP2K1	25	VNGTSSAETNL		pelm
ENSP00000302486	MAP2K1	298	PGRPLSSYGMD		pelm
ENSP00000302486	MAP2K1	298	PGRPLSSYGMD	PAK1	pelm
ENSP00000302486	MAP2K1	24	AVNGTSSAETN		pelm
ENSP00000302486	MAP2K1	212	CDFGVSGQLID		pelm
ENSP00000302486	MAP2K1	218	GQLIDSMANSF		pelm
ENSP00000302486	MAP2K1	218	GQLIDSMANSF	RAF1	pelm
ENSP00000302486	MAP2K1	218	GQLIDSMANSF	MAP3K8	pelm
ENSP00000302486	MAP2K1	23	SAVNGTSSAET		pelm
ENSP00000302486	MAP2K1	222	DSMANSFVGTR		pelm
ENSP00000302486	MAP2K1	222	DSMANSFVGTR	PDK1	pelm
ENSP00000302486	MAP2K1	222	DSMANSFVGTR	RAF1	pelm
ENSP00000302486	MAP2K1	222	DSMANSFVGTR	MAP3K8	pelm
ENSP00000384273	RELA	505	ITRLVTGAQRP		pelm
ENSP00000384273	RELA	529	PNGLLSGDEDF		pelm
ENSP00000384273	RELA	529	PNGLLSGDEDF	CSNK2A1	pelm
ENSP00000384273	RELA	276	QLRRPSDRELS		pelm
ENSP00000384273	RELA	276	QLRRPSDRELS	RPS6KA5	pelm
ENSP00000384273	RELA	435	QAGEGTLSEAL	MAPK1	pelm
ENSP00000384273	RELA	311	YETFKSIMKKS	PRKCZ	pelm
ENSP00000384273	RELA	536	DEDFSSIADMD		pelm
ENSP00000384273	RELA	536	DEDFSSIADMD	IKBKB	pelm
ENSP00000384273	RELA	536	DEDFSSIADMD	CHUK	pelm
ENSP00000384273	RELA	536	DEDFSSIADMD	IKBKE	pelm
ENSP00000384273	RELA	536	DEDFSSIADMD	TBK1	pelm
ENSP00000384273	RELA	468	FTDLASVDNSE		pelm
ENSP00000384273	RELA	468	FTDLASVDNSE	GSK3B	pelm
ENSP00000248975	YWHAH	59	GARRSSWRVIS		pelm
ENSP00000320493	TRIP10	426	SNRGDSLSRHA		pelm
ENSP00000320493	TRIP10	296	MNRAPSDSSLG		pelm
ENSP00000320493	TRIP10	298	RAPSDSSLGTP		pelm
ENSP00000320493	TRIP10	299	APSDSSLGTPS		pelm
ENSP00000320493	TRIP10	304	SLGTPSDGRPE		pelm
ENSP00000222005	CDC37	13	DHIEVSDDEDE		pelm
ENSP00000222005	CDC37	13	DHIEVSDDEDE	CSNK2A1	pelm
ENSP00000309103	BAD	99	RGRSRSAPPNL		pelm
ENSP00000309103	BAD	99	RGRSRSAPPNL	PAK1	pelm
ENSP00000309103	BAD	75	RSRHSSYPAGT		pelm
ENSP00000309103	BAD	75	RSRHSSYPAGT	RPS6KA3	pelm
ENSP00000309103	BAD	75	RSRHSSYPAGT	RPS6KA1	pelm
ENSP00000309103	BAD	118	ELRRMSDEFVD		pelm
ENSP00000309103	BAD	118	ELRRMSDEFVD	RPS6KA1	pelm
ENSP00000358622	IKBKG	153	LHFQASQREEK	ATM	pelm
ENSP00000358622	IKBKG	111	MLHLPSEQGAP	IKBKB	pelm
ENSP00000358622	IKBKG	444	APAYLSSPLAL	IKBKB	pelm
ENSP00000358997	IRAK1	209	EISRGTHNFSE	IRAK1	pelm
ENSP00000358997	IRAK1	376	SPSQSSMVART	IRAK4	pelm
ENSP00000358997	IRAK1	568	PLAAPSGASAQ		pelm
ENSP00000358997	IRAK1	387	QTVRGTLAYLP	IRAK1	pelm
ENSP00000358997	IRAK1	387	QTVRGTLAYLP	IRAK4	pelm
ENSP00000358997	IRAK1	100	ARDIITAWHPP		pelm
ENSP00000259808	RIPK1	320	VKRMQSLQLDC		pelm
ENSP00000259808	RIPK1	389	YHLYGSRMDRQ		pelm
ENSP00000259808	RIPK1	337	RSNSATEQPGS		pelm
ENSP00000259808	RIPK1	346	GSLHSSQGLGM		pelm
ENSP00000349748	SFPQ	225	GGPGLSTPGGH		pelm
ENSP00000349748	SFPQ	273	SEEKISDSEGF		pelm
ENSP00000349748	SFPQ	283	FKANLSLLRRP		pelm
ENSP00000229239	GAPDH	83	QERDPSKIKWG		pelm
ENSP00000178640	MAP2K5	129	TRAGPSQHSSP	MAPK7	pelm
ENSP00000178640	MAP2K5	311	TQLVNSIAKTY		pelm
ENSP00000178640	MAP2K5	137	SSPAVSDSLPS	MAPK7	pelm
ENSP00000178640	MAP2K5	315	NSIAKTYVGTN		pelm
ENSP00000178640	MAP2K5	142	SDSLPSNSLKK	MAPK7	pelm
ENSP00000178640	MAP2K5	149	SLKKSSAELKK	MAPK7	pelm
ENSP00000367830	PRKCZ	223	SRKHDSIKDDS		pelm
ENSP00000367830	PRKCZ	410	GDTTSTFCGTP		pelm
ENSP00000367830	PRKCZ	410	GDTTSTFCGTP	PDK1	pelm
ENSP00000366563	PIK3CD	1039	LAHNVSKDNRQ	PIK3CD	pelm
ENSP00000348461	RAC1	186	QRGLKTVFDEA		pelm
ENSP00000350132	PLN	17	IRRASTIEMPQ		pelm
ENSP00000350132	PLN	16	AIRRASTIEMP		pelm
ENSP00000348069	SREBF1	478	LGSRGSGSGGS		pelm
ENSP00000348069	SREBF1	480	SRGSGSGGSGS		pelm
ENSP00000389184	MARK2	522	SAHNISSSGGA		pelm
ENSP00000363921	PARD3	889	LKKSSSLESLQ		pelm
ENSP00000363921	PARD3	715	RERRISHSLYS		pelm
ENSP00000363921	PARD3	852	TRKSKSMDLGI		pelm
ENSP00000363921	PARD3	720	SHSLYSGIEGL		pelm
ENSP00000363921	PARD3	717	RRISHSLYSGI		pelm
ENSP00000363921	PARD3	143	LHVRRSSDPAL		pelm
ENSP00000363921	PARD3	803	AAISDSADCSL		pelm
ENSP00000363921	PARD3	144	HVRRSSDPALI		pelm
ENSP00000334808	USP16	415	DEDQDSEEEKD		pelm
ENSP00000334808	USP16	554	LTSSPTRNLNG		pelm
ENSP00000256443	CDK7	161	FGLAKSFGSPN		pelm
ENSP00000256443	CDK7	170	PNRAYTHQVVT		pelm
ENSP00000256443	CDK7	170	PNRAYTHQVVT	CDK2	pelm
ENSP00000256443	CDK7	170	PNRAYTHQVVT	CDK7	pelm
ENSP00000374455	SQSTM1	365	ESEGPSSLDPS		pelm
ENSP00000374455	SQSTM1	361	LQMPESEGPSS		pelm
ENSP00000374455	SQSTM1	266	HGGKRSRLTPV		pelm
ENSP00000374455	SQSTM1	276	VSPESSSTEEK		pelm
ENSP00000374455	SQSTM1	355	TGELQSLQMPE		pelm
ENSP00000374455	SQSTM1	288	SSQPSSCCSDP		pelm
ENSP00000374455	SQSTM1	275	PVSPESSSTEE		pelm
ENSP00000374455	SQSTM1	287	SSSQPSSCCSD		pelm
ENSP00000374455	SQSTM1	277	SPESSSTEEKS		pelm
ENSP00000374455	SQSTM1	282	STEEKSSSQPS		pelm
ENSP00000374455	SQSTM1	278	PESSSTEEKSS		pelm
ENSP00000374455	SQSTM1	343	WTHLSSKEVDP		pelm
ENSP00000374455	SQSTM1	284	EEKSSSQPSSC		pelm
ENSP00000374455	SQSTM1	291	PSSCCSDPSKP		pelm
ENSP00000374455	SQSTM1	182	EGFSHSRWLRK		pelm
ENSP00000374455	SQSTM1	332	ESDNCSGGDDD		pelm
ENSP00000374455	SQSTM1	328	EEQMESDNCSG		pelm
ENSP00000374455	SQSTM1	366	SEGPSSLDPSQ		pelm
ENSP00000257905	PPP1R1A	75	QRKKMTRITPT		pelm
ENSP00000222254	PIK3R2	262	APPPPSSPPPG		pelm
ENSP00000300843	MARK4	214	GSKLDTFCGSP		pelm
ENSP00000300843	MARK4	214	GSKLDTFCGSP	STK11	pelm
ENSP00000300843	MARK4	26	LGSGRSSDKGP		pelm
ENSP00000270066	SMG9	32	GPQNLSGPGGR		pelm
ENSP00000270066	SMG9	53	ERRDASEETST		pelm
ENSP00000313811	USP20	407	HAKLSSSPPRA		pelm
ENSP00000313811	USP20	134	EGESESEDDDL		pelm
ENSP00000313811	USP20	132	ADEGESESEDD		pelm
ENSP00000313811	USP20	406	GHAKLSSSPPR		pelm
ENSP00000402515	SMG1	3576	ADTPPSTVPGT		pelm
ENSP00000402515	SMG1	3550	NTGQKTQPDVM		pelm
ENSP00000402515	SMG1	3556	QPDVMSQNARK		pelm
ENSP00000402515	SMG1	3570	KNLATSADTPP		pelm
ENSP00000252891	NUMBL	324	FKRQLSLRLNE		pelm
ENSP00000252891	NUMBL	305	LVRQGSFRGFP		pelm
ENSP00000252891	NUMBL	411	HKRTPSEAERW		pelm
ENSP00000252891	NUMBL	268	SPTPATTSPGE		pelm
ENSP00000262803	UPF1	1099	ALSQDSTYQGE		pelm
ENSP00000262803	UPF1	1096	IDVALSQDSTY		pelm
ENSP00000262803	UPF1	1100	LSQDSTYQGER		pelm
ENSP00000220751	RIPK2	531	VSRSPSLNLLQ		pelm
ENSP00000220751	RIPK2	176	RMMSLSQSRSS		pelm
ENSP00000321826	STXBP5	759	MSRKLSLPTDL		pelm
ENSP00000321826	STXBP5	762	KLSLPTDLKPD		pelm
ENSP00000320935	SLC2A4	274	RERPLSLLQLL		pelm
ENSP00000354158	ERC1	55	SGKTLSMENIQ		pelm
ENSP00000354158	ERC1	14	GKVEPSSQSPG		pelm
ENSP00000354158	ERC1	15	KVEPSSQSPGR		pelm
ENSP00000368190	NPHS1	432	ETFKKSLILNV		pelm
ENSP00000264431	RAPGEF2	1119	LSSPPTSPQSS		pelm
ENSP00000264431	RAPGEF2	935	SLGSLSQGSTN		pelm
ENSP00000321826	STXBP5	782	RSRSSSVTSID		pelm
ENSP00000321826	STXBP5	780	FSRSRSSSVTS		pelm
ENSP00000321826	STXBP5	785	SSSVTSIDKES		pelm
ENSP00000321826	STXBP5	784	RSSSVTSIDKE		pelm
ENSP00000219255	PARD6A	282	DSDDDSSDLVI		pelm
ENSP00000219255	PARD6A	278	PAEPDSDDDSS		pelm
ENSP00000231368	LNPEP	80	KLLGMSFMNRS		pelm
ENSP00000376333	LLGL2	965	NSGTQSDGEEK		pelm
ENSP00000376333	LLGL2	1015	VGCSLSNGGAE		pelm
ENSP00000360672	PARD6B	11	RHGAGSGCLGT		pelm
ENSP00000248975	YWHAH	168	EQMQPTHPIRL		hprd
ENSP00000248975	YWHAH	215	TLNEDSYKDST		hprd
ENSP00000248975	YWHAH	219	DSYKDSTLIMQ		hprd
ENSP00000304669	CTNNA1	658	RTSVQTEDDQL		hprd
ENSP00000304669	CTNNA1	641	EELDDSDFETE		hprd
ENSP00000304669	CTNNA1	652	DFDVRSRTSVQ		hprd
ENSP00000304669	CTNNA1	654	DVRSRTSVQTE		hprd
ENSP00000304669	CTNNA1	655	VRSRTSVQTED		hprd
ENSP00000304669	CTNNA1	645	DSDFETEDFDV		hprd
ENSP00000344456	CTNNB1	102	AMFPETLDEGM	CSNK2A1	hprd
ENSP00000344456	CTNNB1	112	MQIPSTQFDAA	CSNK2A1	hprd
ENSP00000344456	CTNNB1	29	HWQQQSYLDSG	CSNK2A1	hprd
ENSP00000344456	CTNNB1	393	LSDAATKQEGM	CSNK2A1	hprd
ENSP00000344456	CTNNB1	45	TTTAPSLSGKG	CSNK1A1	hprd
ENSP00000344456	CTNNB1	33	QSYLDSGIHSG	GSK3B	hprd
ENSP00000344456	CTNNB1	37	DSGIHSGATTT	GSK3B	hprd
ENSP00000344456	CTNNB1	41	HSGATTTAPSL	GSK3B	hprd
ENSP00000344456	CTNNB1	675	YKKRLSVELTS		hprd
ENSP00000344456	CTNNB1	552	TQRRTSMGGTQ		hprd
ENSP00000344456	CTNNB1	556	TSMGGTQQQFV		hprd
ENSP00000344456	CTNNB1	551	DTQRRTSMGGT		hprd
ENSP00000344456	CTNNB1	574	IVEGCTGALHI		hprd
ENSP00000229239	GAPDH	83	QERDPSKIKWG		hprd
ENSP00000229239	GAPDH	151	IISNASCTTNC		hprd
ENSP00000229239	GAPDH	182	TVHAITATQKT		hprd
ENSP00000229239	GAPDH	184	HAITATQKTVD		hprd
ENSP00000229239	GAPDH	211	IIPASTGAAKA		hprd
ENSP00000229239	GAPDH	154	NASCTTNCLAP		hprd
ENSP00000229239	GAPDH	246	SVVDLTCRLEK		hprd
ENSP00000229239	GAPDH	59	GKFHGTVKAEN		hprd
ENSP00000229239	GAPDH	75	NGNPITIFQER		hprd
ENSP00000229239	GAPDH	210	NIIPASTGAAK		hprd
ENSP00000229239	GAPDH	176	VEGLMTTVHAI		hprd
ENSP00000229239	GAPDH	25	RAAFNSGKVDI		hprd
ENSP00000398131	GSPT1	227	DAGKSTIGGQI		hprd
ENSP00000398131	GSPT1	236	QIMYLTGMVDK		hprd
ENSP00000335153	HSP90AA1	353	RDKEVSDDEAE	CSNK2A1	hprd
ENSP00000335153	HSP90AA1	127	LMPEETQTQDQ	PRKDC	hprd
ENSP00000335153	HSP90AA1	129	PEETQTQDQPM	PRKDC	hprd
ENSP00000335153	HSP90AA1	385	IEDVGSDEEEE	CSNK2A1	hprd
ENSP00000335153	HSP90AA1	374	KEEKESEDKPE		hprd
ENSP00000335153	HSP90AA1	847	EGDDDTSRMEE		hprd
ENSP00000335153	HSP90AA1	848	GDDDTSRMEEV		hprd
ENSP00000335153	HSP90AA1	210	NKQDRTLTIVD		hprd
ENSP00000335153	HSP90AA1	212	QDRTLTIVDTG		hprd
ENSP00000335153	HSP90AA1	763	INPDHSIIETL		hprd
ENSP00000335153	HSP90AA1	437	GEFYKSLTNDW		hprd
ENSP00000335153	HSP90AA1	826	DEDDPTADDTS		hprd
ENSP00000335153	HSP90AA1	830	PTADDTSAAVT		hprd
ENSP00000335153	HSP90AA1	831	TADDTSAAVTE		hprd
ENSP00000335153	HSP90AA1	711	EKVVVSNRLVT		hprd
ENSP00000335153	HSP90AA1	795	ETALLSSGFSL		hprd
ENSP00000335153	HSP90AA1	796	TALLSSGFSLE		hprd
ENSP00000335153	HSP90AA1	799	LSSGFSLEDPQ		hprd
ENSP00000335153	HSP90AA1	805	LEDPQTHANRI		hprd
ENSP00000303830	INSR	1354	LGFKRSYEEHI		hprd
ENSP00000303830	INSR	1375	NGRILTLPRSN		hprd
ENSP00000303830	INSR	1314	NKAPESEELEM		hprd
ENSP00000303830	INSR	1348	RDGGSSLGFKR		hprd
ENSP00000303830	INSR	1062	KTVNESASLRE	PRKCA	hprd
ENSP00000303830	INSR	1064	VNESASLRERI	PRKCA	hprd
ENSP00000303830	INSR	1362	EHIPYTHMNGG	PRKCA	hprd
ENSP00000303830	INSR	400	LKIRRSYALVS		hprd
ENSP00000303830	INSR	407	ALVSLSFFRKL		hprd
ENSP00000231368	LNPEP	80	KLLGMSFMNRS		hprd
ENSP00000257497	ANXA1	216	ERRKGTDVNVF		hprd
ENSP00000257497	ANXA1	27	VQTVKSSKGGP	PRKCI	hprd
ENSP00000257497	ANXA1	170	AKDITSDTSGD		hprd
ENSP00000348273	MBP	205	TAHYGSLPQKS		hprd
ENSP00000348273	MBP	146	SQRHGSKYLAT	PRKCA	hprd
ENSP00000348273	MBP	266	YGGRASDYKSA	PRKCA	hprd
ENSP00000348273	MBP	285	AQGTLSKIFKL	PRKCA	hprd
ENSP00000348273	MBP	295	LGGRDSRSGSP	PRKCA	hprd
ENSP00000348273	MBP	141	SQKRPSQRHGS	PRKCA	hprd
ENSP00000348273	MBP	169	PRHRDTGILDS	PRKACA	hprd
ENSP00000348273	MBP	190	APKRGSGKDSH	PRKCA	hprd
ENSP00000348273	MBP	249	SLSRFSWGAEG	PRKCA	hprd
ENSP00000348273	MBP	96	LIRLFSRDAPG		hprd
ENSP00000348273	MBP	114	DRPSESDELQT		hprd
ENSP00000172229	NGFR	303	GEKLHSDSGIS	PRKACB	hprd
ENSP00000172229	NGFR	313	SVDSQSLHDQQ		hprd
ENSP00000216797	NFKBIA	283	QMLPESEDEES	CSNK2A1	hprd
ENSP00000216797	NFKBIA	288	SEDEESYDTES	CSNK2A1	hprd
ENSP00000216797	NFKBIA	291	EESYDTESEFT	CSNK2A1	hprd
ENSP00000216797	NFKBIA	293	SYDTESEFTEF	CSNK2A1	hprd
ENSP00000216797	NFKBIA	32	DDRHDSGLDSM	CSNK2A1	hprd
ENSP00000216797	NFKBIA	36	DSGLDSMKDEE	CSNK2A1	hprd
ENSP00000216797	NFKBIA	90	EEKALTMEVIR		hprd
ENSP00000226574	NFKB1	922	DELRDSDSVCD	CHUK	hprd
ENSP00000226574	NFKB1	924	LRDSDSVCDSG	CHUK	hprd
ENSP00000226574	NFKB1	932	DSGVETSFRKL	CHUK	hprd
ENSP00000226574	NFKB1	933	SGVETSFRKLS	CHUK	hprd
ENSP00000226574	NFKB1	338	QLRRKSDLETS	PRKACA	hprd
ENSP00000226574	NFKB1	900	PVKTTSQAHSL	GSK3B	hprd
ENSP00000226574	NFKB1	904	TSQAHSLPLSP	GSK3B	hprd
ENSP00000226574	NFKB1	928	DSVCDSGVETS	IKBKB	hprd
ENSP00000226574	NFKB1	940	RKLSFTESLTS		hprd
ENSP00000226574	NFKB1	942	LSFTESLTSGA		hprd
ENSP00000226574	NFKB1	944	FTESLTSGASL		hprd
ENSP00000384273	RELA	543	ADMDFSALLSQ	CSNK2A1	hprd
ENSP00000384273	RELA	311	YETFKSIMKKS	PRKCZ	hprd
ENSP00000384273	RELA	276	QLRRPSDRELS	PRKACA	hprd
ENSP00000384273	RELA	536	DEDFSSIADMD	CHUK	hprd
ENSP00000274335	PIK3R1	608	TEDQYSLVEDD		hprd
ENSP00000274335	PIK3R1	628	TWNVGSSNRNK		hprd
ENSP00000274335	PIK3R1	629	WNVGSSNRNKA		hprd
ENSP00000350132	PLN	16	AIRRASTIEMP	PRKACA	hprd
ENSP00000350132	PLN	17	IRRASTIEMPQ		hprd
ENSP00000302486	MAP2K1	304	SYGMDSRPPMA	MAP2K1	hprd
ENSP00000302486	MAP2K1	218	GQLIDSMANSF	ARAF	hprd
ENSP00000302486	MAP2K1	222	DSMANSFVGTR	ARAF	hprd
ENSP00000302486	MAP2K1	298	PGRPLSSYGMD	PAK1	hprd
ENSP00000302486	MAP2K1	385	GLNQPSTPTHA		hprd
ENSP00000367830	PRKCZ	410	GDTTSTFCGTP	PDPK1	hprd
ENSP00000367830	PRKCZ	223	SRKHDSIKDDS		hprd
ENSP00000262646	RAB2A	20	TGVGKSCLLLQ		hprd
ENSP00000355651	RAB4A	24	IGNAGTGKSCL		hprd
ENSP00000348069	SREBF1	1049	FQRDLSSLRRL		hprd
ENSP00000348069	SREBF1	1050	QRDLSSLRRLA		hprd
ENSP00000348069	SREBF1	478	LGSRGSGSGGS		hprd
ENSP00000348069	SREBF1	480	SRGSGSGGSGS		hprd
ENSP00000314214	VAMP2	75	LQAGASQFETS		hprd
ENSP00000314214	VAMP2	80	SQFETSAAKLK		hprd
ENSP00000309845	HRAS	136	QDLARSYGIPY		hprd
ENSP00000309845	HRAS	145	PYIETSAKTRQ		hprd
ENSP00000350941	SRC	97	LYDYESRTETD		hprd
ENSP00000350941	SRC	12	KPKDASQRRRS	PRKCA	hprd
ENSP00000350941	SRC	17	SQRRRSLEPAE	PRKACA	hprd
ENSP00000350941	SRC	74	SSDTVTSPQRA		hprd
ENSP00000344818	UBC	65	NIQKESTLHLV		hprd
ENSP00000344818	UBC	57	DGRTLSDYNIQ		hprd
ENSP00000344818	UBC	12	TLTGKTITLEV		hprd
ENSP00000358622	IKBKG	444	APAYLSSPLAL	IKBKB	hprd
ENSP00000358622	IKBKG	111	MLHLPSEQGAP	IKBKB	hprd
ENSP00000358622	IKBKG	365	KIVMETVPVLK		hprd
ENSP00000358622	IKBKG	451	PLALPSQRRSP		hprd
ENSP00000358997	IRAK1	376	SPSQSSMVART	IRAK1	hprd
ENSP00000358997	IRAK1	387	QTVRGTLAYLP	IRAK1	hprd
ENSP00000358997	IRAK1	66	RSGQRTASVLW	IRAK1	hprd
ENSP00000358997	IRAK1	100	ARDIITAWHPP	AKT1	hprd
ENSP00000353741	ETF1	208	RKVAETAVQLF		hprd
ENSP00000353741	ETF1	215	VQLFISGDKVN		hprd
ENSP00000389184	MARK2	522	SAHNISSSGGA		hprd
ENSP00000389184	MARK2	483	TSTNRSRNSPL		hprd
ENSP00000359424	CHUK	23	RERLGTGGFGN	AKT1	hprd
ENSP00000309503	YWHAZ	232	LWTSDTQGDEA	CSNK1A1	hprd
ENSP00000309503	YWHAZ	58	GARRSSWRVVS	MAPKAPK2	hprd
ENSP00000309503	YWHAZ	210	TLSEESYKDST		hprd
ENSP00000309503	YWHAZ	207	ELDTLSEESYK		hprd
ENSP00000309503	YWHAZ	205	IAELDTLSEES		hprd
ENSP00000309503	YWHAZ	230	LTLWTSDTQGD		hprd
ENSP00000262803	UPF1	1096	IDVALSQDSTY		hprd
ENSP00000262803	UPF1	1099	ALSQDSTYQGE		hprd
ENSP00000262803	UPF1	1100	LSQDSTYQGER		hprd
ENSP00000262803	UPF1	464	LPKRFTAQGLP		hprd
ENSP00000262803	UPF1	474	PDLNHSQVYAV		hprd
ENSP00000262803	UPF1	557	IDSPVSFLALH		hprd
ENSP00000262803	UPF1	215	RQPCASQSSLK		hprd
ENSP00000262803	UPF1	1113	QHGGVTGLSQY		hprd
ENSP00000263915	GRB14	370	ISPMRSISENS		hprd
ENSP00000263915	GRB14	372	PMRSISENSLV		hprd
ENSP00000374455	SQSTM1	343	WTHLSSKEVDP		hprd
ENSP00000374455	SQSTM1	266	HGGKRSRLTPV		hprd
ENSP00000374455	SQSTM1	318	KIALESEGRPE		hprd
ENSP00000374455	SQSTM1	328	EEQMESDNCSG		hprd
ENSP00000374455	SQSTM1	277	SPESSSTEEKS		hprd
ENSP00000374455	SQSTM1	278	PESSSTEEKSS		hprd
ENSP00000374455	SQSTM1	339	GDDDWTHLSSK		hprd
ENSP00000374455	SQSTM1	342	DWTHLSSKEVD		hprd
ENSP00000374455	SQSTM1	275	PVSPESSSTEE		hprd
ENSP00000374455	SQSTM1	282	STEEKSSSQPS		hprd
ENSP00000374455	SQSTM1	283	TEEKSSSQPSS		hprd
ENSP00000374455	SQSTM1	284	EEKSSSQPSSC		hprd
ENSP00000374455	SQSTM1	180	LSEGFSHSRWL		hprd
ENSP00000374455	SQSTM1	182	EGFSHSRWLRK		hprd
ENSP00000374455	SQSTM1	276	VSPESSSTEEK		hprd
ENSP00000374455	SQSTM1	365	ESEGPSSLDPS		hprd
ENSP00000374455	SQSTM1	366	SEGPSSLDPSQ		hprd
ENSP00000374455	SQSTM1	370	SSLDPSQEGPT		hprd
ENSP00000374455	SQSTM1	375	SQEGPTGLKEA		hprd
ENSP00000374455	SQSTM1	332	ESDNCSGGDDD		hprd
ENSP00000374455	SQSTM1	355	TGELQSLQMPE		hprd
ENSP00000374455	SQSTM1	361	LQMPESEGPSS		hprd
ENSP00000374455	SQSTM1	287	SSSQPSSCCSD		hprd
ENSP00000374455	SQSTM1	288	SSQPSSCCSDP		hprd
ENSP00000374455	SQSTM1	291	PSSCCSDPSKP		hprd
ENSP00000374455	SQSTM1	176	PFGHLSEGFSH		hprd
ENSP00000374455	SQSTM1	226	TAESASGPSED		hprd
ENSP00000374455	SQSTM1	24	EIRRFSFCCSP		hprd
ENSP00000348461	RAC1	71	RLRPLSYPQTV	AKT1	hprd
ENSP00000178640	MAP2K5	311	TQLVNSIAKTY		hprd
ENSP00000178640	MAP2K5	315	NSIAKTYVGTN		hprd
ENSP00000178640	MAP2K5	132	GPSQHSSPAVS		hprd
ENSP00000178640	MAP2K5	142	SDSLPSNSLKK		hprd
ENSP00000178640	MAP2K5	148	NSLKKSSAELK		hprd
ENSP00000368190	NPHS1	432	ETFKKSLILNV		hprd
ENSP00000366563	PIK3CD	1039	LAHNVSKDNRQ		hprd
ENSP00000311344	PPP2R1B	48	SIKKLSTIALA		hprd
ENSP00000311344	PPP2R1B	49	IKKLSTIALAL		hprd
ENSP00000311344	PPP2R1B	59	LGVERTRSELL		hprd
ENSP00000311344	PPP2R1B	212	VLELDSVKSEI		hprd
ENSP00000222254	PIK3R2	262	APPPPSSPPPG		hprd
ENSP00000222254	PIK3R2	468	LYEEYTRTSQE		hprd
ENSP00000222254	PIK3R2	487	EAFNETIKIFE		hprd
ENSP00000309103	BAD	134	LPRPKSAGTAT		hprd
ENSP00000309103	BAD	118	ELRRMSDEFVD	PRKACA	hprd
ENSP00000309103	BAD	153	TRVFQSWWDRN	PRKACA	hprd
ENSP00000309103	BAD	75	RSRHSSYPAGT	RPS6KA1	hprd
ENSP00000309103	BAD	99	RGRSRSAPPNL	AKT1	hprd
ENSP00000309103	BAD	74	IRSRHSSYPAG		hprd
ENSP00000259808	RIPK1	389	YHLYGSRMDRQ		hprd
ENSP00000259808	RIPK1	320	VKRMQSLQLDC		hprd
ENSP00000259808	RIPK1	337	RSNSATEQPGS		hprd
ENSP00000259808	RIPK1	346	GSLHSSQGLGM		hprd
ENSP00000220751	RIPK2	176	RMMSLSQSRSS		hprd
ENSP00000220751	RIPK2	531	VSRSPSLNLLQ		hprd
ENSP00000220751	RIPK2	482	VSTKPTRTSKV		hprd
ENSP00000220751	RIPK2	168	ADFGLSKWRMM		hprd
ENSP00000220751	RIPK2	345	GPQEESCGSSQ		hprd
ENSP00000220751	RIPK2	348	EESCGSSQLHE		hprd
ENSP00000220751	RIPK2	178	MSLSQSRSSKS		hprd
ENSP00000220751	RIPK2	363	PETSRSLPAPQ		hprd
ENSP00000220751	RIPK2	527	EILVVSRSPSL		hprd
ENSP00000347169	NUMB	295	FKRQLSLRINE	PRKCZ	hprd
ENSP00000347169	NUMB	276	LARQGSFRGFP		hprd
ENSP00000347169	NUMB	438	HRRTPSEADRW		hprd
ENSP00000347169	NUMB	240	TAPSPSSPTSP		hprd
ENSP00000347169	NUMB	20	YVPEASRPHQW		hprd
ENSP00000252891	NUMBL	251	AAAAPTVAPGP		hprd
ENSP00000252891	NUMBL	411	HKRTPSEAERW		hprd
ENSP00000252891	NUMBL	421	WLEEVSQVAKA		hprd
ENSP00000252891	NUMBL	268	SPTPATTSPGE		hprd
ENSP00000252891	NUMBL	594	TVEKPSNPFSG		hprd
ENSP00000252891	NUMBL	269	PTPATTSPGEK		hprd
ENSP00000320493	TRIP10	296	MNRAPSDSSLG		hprd
ENSP00000320493	TRIP10	298	RAPSDSSLGTP		hprd
ENSP00000320493	TRIP10	426	SNRGDSLSRHA		hprd
ENSP00000320493	TRIP10	428	RGDSLSRHARP		hprd
ENSP00000320493	TRIP10	299	APSDSSLGTPS		hprd
ENSP00000320493	TRIP10	304	SLGTPSDGRPE		hprd
ENSP00000289865	USP21	116	SKSVSSGDLRP		hprd
ENSP00000289865	USP21	132	GGHRGTGELGA		hprd
ENSP00000289865	USP21	140	LGAALSRLALR		hprd
ENSP00000222005	CDC37	13	DHIEVSDDEDE	CSNK2A1	hprd
ENSP00000344220	PDPK1	393	VSSSSSSHSLS		hprd
ENSP00000344220	PDPK1	396	SSSSHSLSASD		hprd
ENSP00000344220	PDPK1	410	PQRSGSNIEQY		hprd
ENSP00000344220	PDPK1	241	QARANSFVGTA	PDPK1	hprd
ENSP00000344220	PDPK1	33	MVRTQTESSTP	PDPK1	hprd
ENSP00000344220	PDPK1	513	AKNFKTFFVHT	PDPK1	hprd
ENSP00000344220	PDPK1	245	NSFVGTAQYVS		hprd
ENSP00000344220	PDPK1	501	GEIPWSQELRP		hprd
ENSP00000363921	PARD3	1176	EDRRRTYSFEQ		hprd
ENSP00000363921	PARD3	875	KAGSPSRDVGP		hprd
ENSP00000363921	PARD3	144	HVRRSSDPALI		hprd
ENSP00000363921	PARD3	715	RERRISHSLYS		hprd
ENSP00000363921	PARD3	803	AAISDSADCSL		hprd
ENSP00000363921	PARD3	852	TRKSKSMDLGI		hprd
ENSP00000363921	PARD3	174	NPTRWSTTAGF		hprd
ENSP00000363921	PARD3	533	VSLLRSTKMEG		hprd
ENSP00000363921	PARD3	534	SLLRSTKMEGT		hprd
ENSP00000363921	PARD3	143	LHVRRSSDPAL		hprd
ENSP00000363921	PARD3	807	DSADCSLSPDV		hprd
ENSP00000363921	PARD3	973	DQPSHSLERQM		hprd
ENSP00000363921	PARD3	175	PTRWSTTAGFL		hprd
ENSP00000402515	SMG1	3556	QPDVMSQNARK		hprd
ENSP00000402515	SMG1	3550	NTGQKTQPDVM		hprd
ENSP00000402515	SMG1	3576	ADTPPSTVPGT		hprd
ENSP00000402515	SMG1	3577	DTPPSTVPGTG		hprd
ENSP00000402515	SMG1	3569	QKNLATSADTP		hprd
ENSP00000402515	SMG1	3570	KNLATSADTPP		hprd
ENSP00000402515	SMG1	1527	AKSILTLAKWI		hprd
ENSP00000402515	SMG1	3245	ETSIATVQEKL		hprd
ENSP00000402515	SMG1	19	GGGGGTKYPRS		hprd
ENSP00000402515	SMG1	3235	KKKLHTLSQIE		hprd
ENSP00000402515	SMG1	3256	AALESSIEQRL		hprd
ENSP00000354158	ERC1	14	GKVEPSSQSPG		hprd
ENSP00000354158	ERC1	15	KVEPSSQSPGR		hprd
ENSP00000354158	ERC1	55	SGKTLSMENIQ		hprd
ENSP00000354158	ERC1	35	LGHRRTNSTGG		hprd
ENSP00000354158	ERC1	94	MTLGRSGGRLP		hprd
ENSP00000354158	ERC1	42	STGGSSGSSVG		hprd
ENSP00000352138	KIRREL	560	EDDTASVSTAT		hprd
ENSP00000219255	PARD6A	278	PAEPDSDDDSS		hprd
ENSP00000219255	PARD6A	282	DSDDDSSDLVI		hprd
ENSP00000219255	PARD6A	109	AFASNSLQRRK		hprd
ENSP00000299293	FRS2	221	LEARVSNAESS		hprd
ENSP00000299293	FRS2	316	GLSIPSASGVR		hprd
ENSP00000299293	FRS2	468	TPTRRTELYAV		hprd
ENSP00000299293	FRS2	479	IDIERTAAMSN		hprd
ENSP00000299293	FRS2	483	RTAAMSNLQKA		hprd
ENSP00000321826	STXBP5	762	KLSLPTDLKPD		hprd
ENSP00000321826	STXBP5	759	MSRKLSLPTDL		hprd
ENSP00000321826	STXBP5	780	FSRSRSSSVTS		hprd
ENSP00000321826	STXBP5	785	SSSVTSIDKES		hprd
ENSP00000321826	STXBP5	782	RSRSSSVTSID		hprd
ENSP00000321826	STXBP5	784	RSSSVTSIDKE		hprd
ENSP00000321826	STXBP5	778	NSFSRSRSSSV		hprd
ENSP00000321826	STXBP5	781	SRSRSSSVTSI		hprd
ENSP00000321826	STXBP5	202	PVVHISDNPMD		hprd
ENSP00000321826	STXBP5	668	LLNLGTIELYG		hprd
ENSP00000321826	STXBP5	242	DEAIHSVAWHH		hprd
ENSP00000334808	USP16	415	DEDQDSEEEKD		hprd
ENSP00000334808	USP16	554	LTSSPTRNLNG		hprd
ENSP00000334808	USP16	551	LEVLTSSPTRN		hprd
ENSP00000334808	USP16	145	KQASITTPKPA		hprd
ENSP00000334808	USP16	550	DLEVLTSSPTR		hprd
ENSP00000349748	SFPQ	225	GGPGLSTPGGH		hprd
ENSP00000349748	SFPQ	273	SEEKISDSEGF		hprd
ENSP00000349748	SFPQ	283	FKANLSLLRRP		hprd
ENSP00000349748	SFPQ	626	GDPYGSGGQKF		hprd
ENSP00000313811	USP20	372	PSPRSSSPCRT		hprd
ENSP00000313811	USP20	132	ADEGESESEDD		hprd
ENSP00000313811	USP20	134	EGESESEDDDL		hprd
ENSP00000313811	USP20	258	ATVALTEARDS		hprd
ENSP00000313811	USP20	263	TEARDSDSSDT		hprd
ENSP00000313811	USP20	406	GHAKLSSSPPR		hprd
ENSP00000313811	USP20	407	HAKLSSSPPRA		hprd
ENSP00000270066	SMG9	32	GPQNLSGPGGR		hprd
ENSP00000270066	SMG9	53	ERRDASEETST		hprd
ENSP00000300917	SMG8	667	PAKNESSPAPP		hprd
ENSP00000300917	SMG8	742	VDRQASTVEYL		hprd
ENSP00000300917	SMG8	753	PGMLHSNCPKG		hprd
ENSP00000370113	PPP2R2A	378	TKRDITLEASR		hprd
ENSP00000300843	MARK4	26	LGSGRSSDKGP	MARK4	hprd
ENSP00000300843	MARK4	214	GSKLDTFCGSP	MARK4	hprd
ENSP00000300843	MARK4	496	RKDSTSTPNNL		hprd
ENSP00000300843	MARK4	504	NNLPPSMMTRR		hprd
ENSP00000300843	MARK4	507	PPSMMTRRNTY		hprd
ENSP00000265846	ADAP1	276	RKRWFTMDDRR	PRKCA	hprd
ENSP00000265846	ADAP1	87	RARFESKVPSF	PRKCA	hprd
ENSP00000376333	LLGL2	965	NSGTQSDGEEK		hprd
ENSP00000376333	LLGL2	1015	VGCSLSNGGAE		hprd
ENSP00000216121	NIPSNAP1	89	LDAYNSLTEAV		hprd
ENSP00000348708	UPF2	1088	NKENETDEENT		hprd
ENSP00000348708	UPF2	1093	TDEENTEVMIK		hprd
ENSP00000348708	UPF2	260	KTPNITKLRTD		hprd
ENSP00000348708	UPF2	264	ITKLRTDLRFI		hprd
ENSP00000362734	CRB2	1274	RLEMDSVLKVP		hprd
ENSP00000256443	CDK7	170	PNRAYTHQVVT	CDK1	hprd
ENSP00000256443	CDK7	161	FGLAKSFGSPN		hprd
ENSP00000256443	CDK7	321	TLKEQSNPALA		hprd
ENSP00000256443	CDK7	287	ARITATQALKM		hprd
ENSP00000256443	CDK7	25	EGQFATVYKAR		hprd
ENSP00000256443	CDK7	316	NCPVETLKEQS		hprd
ENSP00000324804	PPP2R1A	9	ADGDDSLYPIA		hprd
ENSP00000324804	PPP2R1A	335	IKELVSDANQH		hprd
ENSP00000360672	PARD6B	11	RHGAGSGCLGT		hprd
ENSP00000264431	RAPGEF2	935	SLGSLSQGSTN		hprd
ENSP00000264431	RAPGEF2	584	SGTLSSSNPDL		hprd
ENSP00000264431	RAPGEF2	1119	LSSPPTSPQSS		hprd
ENSP00000264431	RAPGEF2	960	RVRRSSFLNAK		hprd
ENSP00000264431	RAPGEF2	387	KRRLMTLTKPS		hprd
ENSP00000264431	RAPGEF2	583	VSGTLSSSNPD		hprd
ENSP00000264431	RAPGEF2	959	KRVRRSSFLNA		hprd
ENSP00000264431	RAPGEF2	1089	LKKILSLSEEG		hprd
